,beverage,occupation,direct_correlation,indirect_correlation,same_correlation
0,water,accountant,-0.4065299667511176,-0.18852191862673245,True
1,water,architect,-0.3149014135991102,-0.0982965091800176,True
2,water,artist,-0.6156062705158847,-0.003935769000821485,True
3,water,attorney,-0.7362509406264071,-0.171256889732586,True
4,water,banker,-0.37361337743122863,-0.14256441756197302,True
5,water,bartender,-0.06412228181694361,-0.179431600298712,True
6,water,broadcaster,-0.7836285133434802,-0.17950374384389595,True
7,water,builder,-0.20613445464412705,-0.1440000114481992,True
8,water,businessman,-0.8993026811452267,-0.15748100559021969,True
9,water,butcher,-0.14005728539806614,-0.13261309895326104,True
10,water,captain,-0.06431762572056322,-0.04414082258995849,True
11,water,carpenter,0.0841182066025568,-0.1285821239925196,False
12,water,chef,-0.08767552495333182,-0.1788978635144957,True
13,water,coach,0.020212692378788758,-0.044049655379780936,False
14,water,cook,0.6283280082424596,0.043961164791870726,True
15,water,dancer,-0.3325627072599906,-0.0006353390487864718,True
16,water,designer,-0.9782034753540136,-0.10508492802056203,True
17,water,developer,-0.16879891896196705,-0.11270062335002301,True
18,water,doctor,0.06058318724014195,-0.11330720838483915,False
19,water,economist,-0.13471511915755074,-0.0955179850250376,True
20,water,editor,-0.4056163002679991,0.017063000037931653,False
21,water,engineer,0.5579071408310424,-0.1383712403179665,False
22,water,farmer,0.4362154067126156,-0.0841045521515823,False
23,water,filmmaker,-0.5128022298241284,-0.18644569967240587,True
24,water,housekeeper,0.19620770108661514,0.08753204240335799,True
25,water,journalist,-1.0514253156885418,-0.14474453915097624,True
26,water,judge,-0.6176402633696585,-0.09472268872392964,True
27,water,lawyer,-0.7864939597323146,-0.2086250236804672,True
28,water,librarian,0.0015335899205435994,0.03194982163997415,True
29,water,magician,-0.2880669467409794,-0.0632344870021985,True
30,water,mechanic,0.3355735115654965,-0.1964515537494102,False
31,water,musician,-0.6854451665495617,-0.17072457942959066,True
32,water,nurse,0.6102790993085918,0.07661337592656063,True
33,water,painter,-0.2451275175430868,-0.06652659962476364,True
34,water,philosopher,0.13604192508310212,0.10151207116100976,True
35,water,photographer,-0.5557986296511466,-0.2222145069083925,True
36,water,pilot,0.11234641596429383,-0.19344067741923626,False
37,water,policeman,-0.2798141598604002,-0.17360840022202173,True
38,water,politician,-0.29253026244544866,-0.018104587938786363,True
39,water,professor,0.01607625568044469,-0.08934884768980307,False
40,water,programmer,-0.4738861409015012,-0.19300994873271346,True
41,water,psychologist,-0.49773193727539,-0.14228598732813072,True
42,water,scientist,0.28497415114516883,-0.015068241751264831,False
43,water,scholar,0.5096201095741173,0.14551705764140455,True
44,water,secretary,-0.6179218968875198,-0.005809057765020087,True
45,water,server,0.26498972994685466,0.0562114699630637,True
46,water,singer,-0.7721398432887204,0.009084723367813652,False
47,water,soldier,0.08103813179136403,-0.08571179999740912,False
48,water,surgeon,-0.011392112511569302,-0.13699109169215426,True
49,water,teacher,0.28647738335407485,0.05064890921989868,True
50,water,therapist,-0.3726373254926719,-0.043290580972025684,True
51,water,translator,0.1839738584992721,-0.019048185450373564,False
52,water,waiter,-0.1208887909598024,-0.20632809874193167,True
53,water,waitress,-0.2527556107508996,0.03453321727197515,False
54,water,warrior,0.6180563155203372,0.13934327669745378,True
55,water,writer,-0.6297024002983711,-0.07586780251351878,True
56,coffee,accountant,-0.04248052851564173,0.03658598932484546,False
57,coffee,architect,0.0062173504274872496,-0.03942327925466069,False
58,coffee,artist,-0.07324264018169258,0.0567431637619896,False
59,coffee,attorney,0.13661594125107113,0.11984883851081785,True
60,coffee,banker,0.003103538672966155,-0.10482735671489074,False
61,coffee,bartender,-0.37978601776046816,-0.02496982997270928,True
62,coffee,broadcaster,0.11800076402921696,0.20582376088281595,True
63,coffee,builder,0.11750170206497655,-0.055778825395637284,False
64,coffee,businessman,-0.2028292178396489,-0.1383391464946833,True
65,coffee,butcher,-0.05346856551111224,-0.06800717542149019,True
66,coffee,captain,-0.23950833008861805,-0.3180817907282902,True
67,coffee,carpenter,0.3773308563762708,-0.09530043284203217,False
68,coffee,chef,0.42225787403103865,-0.0957185626509343,False
69,coffee,coach,-0.16379616408216974,-0.07344554117001505,True
70,coffee,cook,0.8576377545329436,0.2346790092860776,True
71,coffee,dancer,-0.7917942028318448,0.080981690534837,False
72,coffee,designer,-0.17677288205122954,0.032723177273202786,False
73,coffee,developer,0.06211870694339371,-0.010600289576711077,False
74,coffee,doctor,-0.2919401590379491,-0.1398112119008699,True
75,coffee,economist,0.33918632188238984,0.07219243440754572,True
76,coffee,editor,0.13805052103332102,0.001827902066891448,True
77,coffee,engineer,0.01218342294737858,-0.14082451712399638,False
78,coffee,farmer,0.2669939072340421,-0.040375874343765605,False
79,coffee,filmmaker,-0.06121960539280704,0.07417452206206138,False
80,coffee,housekeeper,0.7796246773423815,0.2532690706009918,True
81,coffee,journalist,-0.039967643501560894,0.06161929866277392,False
82,coffee,judge,-0.149021888170719,0.02889886451054289,False
83,coffee,lawyer,-0.07539452281589933,-0.005750895692605232,True
84,coffee,librarian,0.09049333959677967,0.2525370534259669,True
85,coffee,magician,-0.906398781871722,-0.28321905725654506,True
86,coffee,mechanic,0.12838738648095768,-0.14901185781784293,False
87,coffee,musician,-0.6865122012655824,-0.09952830397040864,True
88,coffee,nurse,0.016062297263958678,0.2439937590976392,True
89,coffee,painter,-0.03954127981385886,0.07749294999973037,False
90,coffee,philosopher,-0.3019108073158898,-0.2333056303638261,True
91,coffee,photographer,-0.05690534634808999,0.07604977770266352,False
92,coffee,pilot,0.10825890822792668,-0.14499487210419187,False
93,coffee,policeman,-0.14086334928336475,-0.1534814570199794,True
94,coffee,politician,-0.07109497156733556,-0.0773151940725571,True
95,coffee,professor,0.30986059002807925,-0.11233676450472516,False
96,coffee,programmer,-0.007358757893459675,0.0016130425230011845,False
97,coffee,psychologist,-0.11928925375750316,0.2948356175735733,False
98,coffee,scientist,-0.14010097981041744,-0.1778357159019926,True
99,coffee,scholar,-0.24135491370288176,-0.14624598747903927,True
100,coffee,secretary,0.5207261043610749,0.24891363275594935,True
101,coffee,server,0.40630857243980256,-0.20300725829700225,False
102,coffee,singer,-0.6728626207477949,0.10751788801763512,False
103,coffee,soldier,-0.6034848174744561,-0.3005567305638242,True
104,coffee,surgeon,-0.1479423558195235,-0.11071118755274316,True
105,coffee,teacher,0.4593924097894826,0.24096684867979334,True
106,coffee,therapist,-0.2462264126506163,0.2433840762874017,False
107,coffee,translator,0.04119926640015206,-0.09592033004324817,False
108,coffee,waiter,-0.0018037384839535823,-0.10230480727360654,True
109,coffee,waitress,0.4215556747284679,0.2290148296533161,True
110,coffee,warrior,-1.1222694500075872,-0.44168358221996895,True
111,coffee,writer,0.19108750065015467,0.2982384655202657,True
112,tea,accountant,0.06552228029970036,-0.20282968995976566,False
113,tea,architect,0.24564087475054225,-0.1097466858335684,False
114,tea,artist,-0.10610731542855724,0.2869587252460552,False
115,tea,attorney,-0.716667143346385,-0.2944480813599312,True
116,tea,banker,-0.04399088934502853,-0.3813333443538736,True
117,tea,bartender,-0.9871307885789768,-0.4701804884315753,True
118,tea,broadcaster,0.1231076698094596,-0.11676805248115235,False
119,tea,builder,-0.346413342363675,-0.4547758229459714,True
120,tea,businessman,-0.5485357282738725,-0.4510056031609532,True
121,tea,butcher,0.16358189948489213,-0.3337135433854765,False
122,tea,captain,-0.27559844574047404,-0.4185709250381692,True
123,tea,carpenter,0.06198930447212221,-0.4721686021003583,False
124,tea,chef,0.4866479038741045,-0.3925749874698898,False
125,tea,coach,-0.02174525210679571,-0.3132673757496679,True
126,tea,cook,1.2318038173005117,0.3508476341127528,True
127,tea,dancer,-0.3001788952970069,0.23073020487554285,False
128,tea,designer,-0.184759491558059,0.04707355290577845,False
129,tea,developer,-0.2290870070551488,-0.3416707725139305,True
130,tea,doctor,0.16458724472736722,-0.14000307118103195,False
131,tea,economist,0.8825055540885461,0.025873689040008484,True
132,tea,editor,0.16546218985773545,0.17628051185637056,True
133,tea,engineer,0.2038170609959968,-0.3541892922535929,False
134,tea,farmer,0.7146704469732287,-0.29238120065205103,False
135,tea,filmmaker,-0.5309277637695221,-0.2675394955855366,True
136,tea,housekeeper,1.2285859495920606,0.4986016062942549,True
137,tea,journalist,-0.09404420431405767,0.008413327314455104,False
138,tea,judge,-0.038748066176084964,-0.15804323019150354,True
139,tea,lawyer,-0.4838697903377621,-0.295747182126736,True
140,tea,librarian,0.19571579790426055,0.33564660067129803,True
141,tea,magician,-0.08135560199317989,-0.3386035216025212,True
142,tea,mechanic,-0.5347247372766134,-0.5185192461868275,True
143,tea,musician,-0.7998267816585821,-0.40559008994214174,True
144,tea,nurse,0.343520998012866,0.42708336388784623,True
145,tea,painter,0.004275841171589472,0.15991129685493166,True
146,tea,philosopher,0.480508415426305,0.07198218412350578,True
147,tea,photographer,-0.5667620419797722,-0.27932525299147,True
148,tea,pilot,-0.3243458545125208,-0.4430665222395619,True
149,tea,policeman,-0.1569280473007353,-0.3713527696167476,True
150,tea,politician,-0.17447249714458346,-0.05526654571230332,True
151,tea,professor,0.2968916012102111,-0.1939217608047484,False
152,tea,programmer,-0.3053074249744265,-0.4485810783645374,True
153,tea,psychologist,-0.2495119854771928,0.13804754945130726,False
154,tea,scientist,0.5690703245585843,-0.04625450809223376,False
155,tea,scholar,1.2155757107891254,0.2715135670313973,True
156,tea,secretary,0.6591690392001915,0.4455461714934342,True
157,tea,server,0.2523841494153287,-0.1894193851360249,False
158,tea,singer,-0.5419380732741973,0.2577297478060972,False
159,tea,soldier,-0.46709462269554897,-0.3924581667158043,True
160,tea,surgeon,0.10429895524597203,-0.2587511903803117,False
161,tea,teacher,0.7541669080443847,0.22277659366346586,True
162,tea,therapist,-0.5421837659152065,0.20337798718937367,False
163,tea,translator,0.5356965294260146,-0.006992860131580127,False
164,tea,waiter,0.05906232823270476,-0.4182075818863348,False
165,tea,waitress,-0.2608490258137132,0.2830729198715265,False
166,tea,warrior,-0.17086990980726044,-0.1434479527720145,True
167,tea,writer,0.009612020991707113,0.27541856277877624,True
168,juice,accountant,-0.3074937067576207,-0.18285906736251134,True
169,juice,architect,-0.7093882579167751,-0.18379974965485746,True
170,juice,artist,-0.4611308799238525,-0.15809203902620686,True
171,juice,attorney,-0.5420118916003654,-0.14323510809128798,True
172,juice,banker,-0.29530262659320816,-0.12077164133912276,True
173,juice,bartender,-0.07893772462323546,-0.004893865473134483,True
174,juice,broadcaster,-0.1521541384607978,-0.1458928620469737,True
175,juice,builder,-0.4718727828474297,-0.06484794821136927,True
176,juice,businessman,-0.6253459996218517,-0.09286580294900472,True
177,juice,butcher,0.2328339093217801,-0.12962132931240478,False
178,juice,captain,-0.5003519163669069,-0.001511881027392518,True
179,juice,carpenter,-0.10507925174126087,-0.06322704796192963,True
180,juice,chef,0.3086111561290643,-0.053799364445258624,False
181,juice,coach,-0.6250601634656711,-0.01759023571308568,True
182,juice,cook,0.4515355234913075,-0.03895650039217954,False
183,juice,dancer,-0.4051321369439231,-0.04578151757979936,True
184,juice,designer,-0.6130039874237417,-0.08493210866148954,True
185,juice,developer,0.2708026322735569,0.015285347446536972,True
186,juice,doctor,-0.14824565531077485,-0.15024973725928115,True
187,juice,economist,-0.20703000692156706,-0.21073957954225656,True
188,juice,editor,-0.009384357796004895,-0.08595869473316559,True
189,juice,engineer,-0.1776627740050169,-0.15347583591028902,True
190,juice,farmer,0.5851320137818743,-0.10060122489387864,False
191,juice,filmmaker,-0.14892182834934198,-0.14244165285457105,True
192,juice,housekeeper,0.279131245229478,0.03383431207753565,True
193,juice,journalist,-0.8960507598504878,-0.2296430003051215,True
194,juice,judge,-0.8256950025818239,-0.15589377514834205,True
195,juice,lawyer,-0.7269054622064058,-0.19815676005106111,True
196,juice,librarian,-0.1554875295168117,-0.0003517522329883344,True
197,juice,magician,-0.20075011670976253,0.0106541839605296,False
198,juice,mechanic,-0.28101829106561543,-0.07988818696101416,True
199,juice,musician,-0.6452735620325298,-0.10038584723987573,True
200,juice,nurse,0.1348625911175276,0.012970776517796972,True
201,juice,painter,-0.5370293800193642,-0.22647832157517414,True
202,juice,philosopher,-0.2862039488451338,-0.003278884832830457,True
203,juice,photographer,-0.31135640554805144,-0.11618868627220552,True
204,juice,pilot,-0.04767964184439577,-0.1102484779369574,True
205,juice,policeman,-0.9563439553237144,-0.15718797461284098,True
206,juice,politician,-0.38187247654768103,-0.09967985254737198,True
207,juice,professor,-0.4334357540113472,-0.116170174225788,True
208,juice,programmer,0.1619139380057017,-0.0033314967746299017,False
209,juice,psychologist,-0.4786919931037008,-0.08096168022801854,True
210,juice,scientist,0.26438385968161665,0.015999423600494982,True
211,juice,scholar,0.04066507685633862,-0.03789666769524787,False
212,juice,secretary,-0.3414432056642657,-0.052546144823239736,True
213,juice,server,0.5618883336707542,0.261920404683077,True
214,juice,singer,-0.6929023904528929,-0.059914425356390064,True
215,juice,soldier,-0.555286218564782,-0.030209437237473036,True
216,juice,surgeon,0.08610754231692876,-0.1375103862445375,False
217,juice,teacher,-0.3073006424353045,-0.08800814053312615,True
218,juice,therapist,-0.5915233730005465,0.03067430448590848,False
219,juice,translator,0.20388507540184064,-0.045493425590543805,False
220,juice,waiter,0.024266518684548585,-0.12026312754190345,False
221,juice,waitress,0.0920472894772852,0.0363448843068724,True
222,juice,warrior,-0.11654429646868822,0.1753593891380971,False
223,juice,writer,-0.31873034837399633,-0.1731853793044093,True
224,milk,accountant,-0.4630143561922612,-0.228412795276882,True
225,milk,architect,-0.5026031461162979,-0.2295587674598121,True
226,milk,artist,-0.5550039169176784,0.12589062682312524,False
227,milk,attorney,-0.685611630414248,-0.25269826801079065,True
228,milk,banker,-0.5790235570843546,-0.3892869348460246,True
229,milk,bartender,-1.1029818171099397,-0.29320162269463496,True
230,milk,broadcaster,0.026623863788622283,-0.07583117495918841,False
231,milk,builder,-0.3759054280846979,-0.3477545556329001,True
232,milk,businessman,-0.8679625852284921,-0.4288710424498048,True
233,milk,butcher,0.8821336920177073,-0.2552154569642936,False
234,milk,captain,-0.5133939790194514,-0.4430152619866585,True
235,milk,carpenter,-0.02517765476115713,-0.35918161989124114,True
236,milk,chef,-0.020487847025001855,-0.3923247437426247,True
237,milk,coach,-0.5844102054352307,-0.3439438587750289,True
238,milk,cook,0.8130022036769292,0.3174674703886585,True
239,milk,dancer,-1.137104267657742,0.16043111952956465,False
240,milk,designer,-1.0215377645947796,-0.15315331168655827,True
241,milk,developer,-0.2415161695520368,-0.2951899201026659,True
242,milk,doctor,-0.06098737170096419,-0.24168186101817446,True
243,milk,economist,0.14598882702012872,-0.12498191650092068,False
244,milk,editor,-0.2143198752739248,-0.0591453542119347,True
245,milk,engineer,0.01660709287982133,-0.3753084412199832,False
246,milk,farmer,1.3609243838798837,-0.23142897241448385,False
247,milk,filmmaker,-0.6570502252296853,-0.2448635100330145,True
248,milk,housekeeper,0.833809983289137,0.4155283421738091,True
249,milk,journalist,-0.7413456635699008,-0.21575469533708166,True
250,milk,judge,-0.386709927595343,-0.17375281641101534,True
251,milk,lawyer,-0.6706009856664681,-0.3217983762986948,True
252,milk,librarian,-0.16483212258856605,0.22305878935081488,False
253,milk,magician,-0.7044787741504127,-0.3058696075491537,True
254,milk,mechanic,0.19769846632781649,-0.39151167526796704,False
255,milk,musician,-1.0913942615214662,-0.31337035136243924,True
256,milk,nurse,0.6588100949379717,0.3707488561270157,True
257,milk,painter,-0.5614615854918797,-0.03509361533111256,True
258,milk,philosopher,-0.4070751985839037,-0.08556219426528354,True
259,milk,photographer,-0.8566128012328456,-0.3063586935145293,True
260,milk,pilot,-0.2905160542319173,-0.417053257788438,True
261,milk,policeman,-0.45069222954371707,-0.34445547706896545,True
262,milk,politician,-0.57022659509739,-0.14230211389867353,True
263,milk,professor,-0.2602350171746388,-0.26012903178867386,True
264,milk,programmer,-0.15101696442057827,-0.3095897402744383,True
265,milk,psychologist,0.03548677355596422,0.18269966666070292,True
266,milk,scientist,0.5605540040131839,-0.057830899127362674,False
267,milk,scholar,-0.05661794717490245,0.04166541304155416,False
268,milk,secretary,-0.3099541612558711,0.3194971465659175,False
269,milk,server,-0.27191048027173703,-0.08349845310872511,True
270,milk,singer,-0.9116759289881954,0.2201716775426198,False
271,milk,soldier,-0.6396411144650845,-0.36801708384335136,True
272,milk,surgeon,-0.4967174771727537,-0.3441154370420145,True
273,milk,teacher,0.4289485808776462,0.14560754130280973,True
274,milk,therapist,-0.4568866621027554,0.16394649258914706,False
275,milk,translator,0.2641471178636909,-0.14102050313687925,False
276,milk,waiter,-0.4680462615753401,-0.37500054101101177,True
277,milk,waitress,-0.06680506755431892,0.29332128063735197,False
278,milk,warrior,-0.4812385017808158,-0.19581002148642565,True
279,milk,writer,-0.2979813229219709,0.1997670328149206,False
280,soda,accountant,-0.3112124048310253,0.07721525226778464,False
281,soda,architect,-0.4557049082955244,-0.1251286021015186,True
282,soda,artist,-0.056575756825106176,-0.2172150647418319,True
283,soda,attorney,-0.2499349483680408,0.1381966316643774,False
284,soda,banker,-0.3648243369758847,0.005004185361060025,False
285,soda,bartender,0.4975683478227196,0.2892406934126481,True
286,soda,broadcaster,0.06308575810900292,0.13098298503507094,True
287,soda,builder,-0.4720446198405622,0.1286877402214259,False
288,soda,businessman,-0.5174181791396738,0.04265334447179087,False
289,soda,butcher,-0.3192427398316883,0.03305654778536515,False
290,soda,captain,-0.5630902921124271,-0.10424618986640168,True
291,soda,carpenter,0.0744905013544377,0.1346250850346956,True
292,soda,chef,0.13342555971482786,0.08667618696757806,True
293,soda,coach,-0.5236106045111033,0.0243959112950198,False
294,soda,cook,-0.0757362313593595,-0.001898446816121949,True
295,soda,dancer,-0.10577901899023294,-0.031277320812759635,True
296,soda,designer,-0.3303146706805019,-0.09708242556713048,True
297,soda,developer,-0.15251824447629336,0.15105758999189647,False
298,soda,doctor,-0.6919082909812888,-0.1618540232251364,True
299,soda,economist,-0.2775503410799107,-0.10942255230151413,True
300,soda,editor,0.09128295878784684,-0.18122123052316108,False
301,soda,engineer,-0.2430082121659544,-0.02227241058302236,True
302,soda,farmer,-0.4102389232530911,0.03539632331136067,False
303,soda,filmmaker,0.3831528765742444,0.10811819793034147,True
304,soda,housekeeper,-0.17468996925463046,-0.027464540188044027,True
305,soda,journalist,-0.316037859631451,-0.12394043536183698,True
306,soda,judge,-0.6686921026213687,-0.055915362233368994,True
307,soda,lawyer,-0.5988201375744638,0.0096088089267038,False
308,soda,librarian,0.3635924798328691,0.06956686332166097,True
309,soda,magician,-0.16051328475721324,-0.040072922932787136,True
310,soda,mechanic,-0.09034225753368116,0.14531421234365802,False
311,soda,musician,0.024512266961998982,0.09326925228629508,True
312,soda,nurse,-0.265421803895246,0.024586765459770968,False
313,soda,painter,-0.2180799077642892,-0.2010183299378628,True
314,soda,philosopher,-0.7104541107378015,-0.3270200097000669,True
315,soda,photographer,0.1797231408568295,0.1335195338733589,True
316,soda,pilot,-0.19283052776048604,0.0555756269721144,False
317,soda,policeman,-0.5788770250532348,0.002861847717402283,False
318,soda,politician,-0.4218216265286026,-0.12786550845316555,True
319,soda,professor,-0.07778691720793345,-0.12223570479702342,True
320,soda,programmer,0.3083958964182262,0.2886681139462962,True
321,soda,psychologist,-0.4268410094014201,0.15472926458722358,False
322,soda,scientist,-0.4648298025356294,-0.12900913753106766,True
323,soda,scholar,-0.6734675220628015,-0.35783771071065434,True
324,soda,secretary,-0.2328312899090774,-0.0174661304814204,True
325,soda,server,0.23415251254967065,0.114018923174801,True
326,soda,singer,-0.057317715844011935,-0.029989969118548905,True
327,soda,soldier,-0.7154052705226712,-0.08487434201943808,True
328,soda,surgeon,-0.6013523448824103,-0.11674671709775825,True
329,soda,teacher,-0.09879411062620228,0.029797677147381737,False
330,soda,therapist,-0.3515534137410019,0.12048090013376872,False
331,soda,translator,-0.013847960650034656,-0.16258209005216004,True
332,soda,waiter,-0.04036075598798192,0.07922003721005481,False
333,soda,waitress,0.4648246657469212,0.11558511563205233,True
334,soda,warrior,-0.9449220456096816,-0.23266630906894234,True
335,soda,writer,-0.023383262910338383,-0.040869454102506114,True
336,energy drink,accountant,0.05261212883231895,-0.0818377902266202,False
337,energy drink,architect,0.18769189461148056,-0.08871933827907677,False
338,energy drink,artist,0.23419498308691056,-0.2727788723225785,False
339,energy drink,attorney,-0.5711899674399636,-0.06406910014267975,True
340,energy drink,banker,-0.5302885673438035,0.009759628075123624,False
341,energy drink,bartender,0.11904944184418145,0.17844169018037387,True
342,energy drink,broadcaster,0.11104466127151813,-0.07687070509296684,False
343,energy drink,builder,-0.17747182836186112,0.11372892621925687,False
344,energy drink,businessman,-0.28666974749226504,0.11398943620987136,False
345,energy drink,butcher,-0.9193044375238036,-0.09875095749116927,True
346,energy drink,captain,0.09666513068568383,0.2051757470019137,True
347,energy drink,carpenter,-0.01180107917130184,0.0849066311934663,False
348,energy drink,chef,0.22726299049592155,0.12848677739882894,True
349,energy drink,coach,0.19396998657923312,0.182388234852244,True
350,energy drink,cook,-0.18614610571175685,-0.34267750673487746,True
351,energy drink,dancer,0.42224458746125854,-0.11486126637811644,False
352,energy drink,designer,0.5621965679766623,0.009853050383289102,True
353,energy drink,developer,0.4118783179942009,0.2122297664360728,True
354,energy drink,doctor,-0.25933744809570963,-0.11443649051869192,True
355,energy drink,economist,0.2152995922645055,-0.2038544207181436,False
356,energy drink,editor,-0.01318524636343332,-0.09466036418318756,True
357,energy drink,engineer,0.43712268261817105,0.020113804538680245,True
358,energy drink,farmer,-0.6383148115476213,-0.05599349453461072,True
359,energy drink,filmmaker,-0.04490173150847049,-0.0071012083153040514,True
360,energy drink,housekeeper,-0.27196498764910143,-0.21285239301212205,True
361,energy drink,journalist,-0.1540856097838516,-0.12904974489115628,True
362,energy drink,judge,-0.7977102433468901,-0.1683722509284858,True
363,energy drink,lawyer,-0.909821539567449,-0.1265568936736459,True
364,energy drink,librarian,0.1607183053620904,-0.10710905057056284,False
365,energy drink,magician,0.7833013745765607,0.1580236147505103,True
366,energy drink,mechanic,0.26720498708632084,0.12917402906689393,True
367,energy drink,musician,0.10800474433831997,0.03977328894788045,True
368,energy drink,nurse,0.010093632620257724,-0.15616460339320865,False
369,energy drink,painter,-0.2773559956474568,-0.33939027429587115,True
370,energy drink,philosopher,0.0572181905744239,-0.0597732868904132,False
371,energy drink,photographer,0.07899652809320251,0.04077543021747629,True
372,energy drink,pilot,0.21000016732441235,0.1230638465378928,True
373,energy drink,policeman,-0.8341900634711759,-0.017553717581470615,True
374,energy drink,politician,-0.23256547972769764,-0.13369521832045206,True
375,energy drink,professor,-0.17670539884008926,-0.0403160727451053,True
376,energy drink,programmer,0.5067827297391474,0.21620854318852145,True
377,energy drink,psychologist,0.014449458107292604,-0.11414851789617644,False
378,energy drink,scientist,0.40198746220050396,0.02784191775281779,True
379,energy drink,scholar,-0.4680227793405263,-0.21363942175256925,True
380,energy drink,secretary,-0.23495185445793196,-0.26244473361240583,True
381,energy drink,server,0.6476218510208149,0.3419802215736135,True
382,energy drink,singer,-0.016180687161091282,-0.16588499089042658,True
383,energy drink,soldier,-0.10500692827286444,0.12885786196370438,False
384,energy drink,surgeon,-0.2267222749454349,-0.07680170505224396,True
385,energy drink,teacher,-0.20059819769392254,-0.15390115923522127,True
386,energy drink,therapist,0.06380354919858591,0.031356808575851526,True
387,energy drink,translator,-0.1733541270519056,0.01248741043939095,False
388,energy drink,waiter,-0.5621597276983162,0.001741011790917072,False
389,energy drink,waitress,-0.3119405059415381,-0.08255588545629805,True
390,energy drink,warrior,0.5571475865175477,0.2800085691110953,True
391,energy drink,writer,-0.3981977755144924,-0.35611622624917644,True
392,milkshake,accountant,-0.15603178405543836,-0.1761751749445932,True
393,milkshake,architect,-0.23659751059751802,-0.26291669549072466,True
394,milkshake,artist,0.07739144790130575,0.05461167896345398,True
395,milkshake,attorney,-0.3378712455542823,-0.13775948817843242,True
396,milkshake,banker,-0.178571502045075,-0.3408687709353417,True
397,milkshake,bartender,-0.1820004234879304,-0.17625247099763644,True
398,milkshake,broadcaster,0.41158250991652334,0.061480085515369376,True
399,milkshake,builder,-0.08954747867945027,-0.2870463099521037,True
400,milkshake,businessman,-0.6738713812927997,-0.3806754886868702,True
401,milkshake,butcher,0.7305867461423424,-0.2342125260233268,False
402,milkshake,captain,-0.6961500623898271,-0.4647886307178219,True
403,milkshake,carpenter,0.1073624712681743,-0.3139162519290947,False
404,milkshake,chef,0.6648423006035763,-0.35247617115683594,False
405,milkshake,coach,-0.6232225264223029,-0.32043267980773643,True
406,milkshake,cook,0.8576325452196889,0.27256647266453193,True
407,milkshake,dancer,-0.5992326648608017,0.14503872934478085,False
408,milkshake,designer,-0.3506047977328802,-0.14384200596289345,True
409,milkshake,developer,0.04606001608905341,-0.18356412802659575,False
410,milkshake,doctor,-0.6958193347358577,-0.3040997930275331,True
411,milkshake,economist,0.16002856748055494,-0.1539301619476523,False
412,milkshake,editor,0.022327139546397975,-0.1080877800927198,False
413,milkshake,engineer,-0.29324442063806433,-0.3855295492519,True
414,milkshake,farmer,0.4786554472472657,-0.2097658109403036,False
415,milkshake,filmmaker,-0.009979825157516182,-0.17192189909795424,True
416,milkshake,housekeeper,0.5979094343009268,0.3921977311465731,True
417,milkshake,journalist,-0.5561016304865626,-0.1976046506034563,True
418,milkshake,judge,-0.24389271463853676,-0.1367500679104359,True
419,milkshake,lawyer,-0.6433009936357081,-0.2604441808089738,True
420,milkshake,librarian,-0.2151891592330436,0.2245889007021809,False
421,milkshake,magician,-0.7677653246269438,-0.34377763256737404,True
422,milkshake,mechanic,0.05196663013089774,-0.3168801160629925,False
423,milkshake,musician,-0.4093548531366947,-0.2937974651744581,True
424,milkshake,nurse,-0.24985756481139496,0.3761001325340264,False
425,milkshake,painter,-0.24523753548669605,-0.07782511132649028,True
426,milkshake,philosopher,-0.4558858673399909,-0.26848483284506963,True
427,milkshake,photographer,-0.22403215017464295,-0.21321772480416168,True
428,milkshake,pilot,-0.28546965728836304,-0.3567559974869633,True
429,milkshake,policeman,-0.7771526432855556,-0.2911503487390181,True
430,milkshake,politician,-0.2610320804287457,-0.15916621318838206,True
431,milkshake,professor,-0.3770664103557681,-0.3428830156735705,True
432,milkshake,programmer,0.06693710564961469,-0.2305984311224049,False
433,milkshake,psychologist,-0.4198640002908194,0.2137217105574476,False
434,milkshake,scientist,-0.17057339818649184,-0.18969817271579528,True
435,milkshake,scholar,-0.4417011170546594,-0.1900118498228449,True
436,milkshake,secretary,-0.2509295993245498,0.33818274638847784,False
437,milkshake,server,-0.2649569046956864,-0.1966644315474526,True
438,milkshake,singer,-0.29013327490133395,0.1977819580761576,False
439,milkshake,soldier,-0.9141499283505391,-0.4045902519613939,True
440,milkshake,surgeon,-0.39066906848074456,-0.3328985532496163,True
441,milkshake,teacher,-0.14056561343278534,0.06549650067873998,False
442,milkshake,therapist,-0.5804470309868353,0.197165653091934,False
443,milkshake,translator,-0.2612967658889138,-0.19220605486001185,True
444,milkshake,waiter,-0.051502453238322234,-0.3151276613126199,True
445,milkshake,waitress,0.4060329451328902,0.32842565893852776,True
446,milkshake,warrior,-1.085199209560283,-0.3742974271336894,True
447,milkshake,writer,0.17826476926245752,0.18976467203931696,True
448,smoothie,accountant,-0.3545166925898103,0.0856355871763024,False
449,smoothie,architect,-0.4394355728737668,-0.17392168063134786,True
450,smoothie,artist,0.057359774303348016,-0.15816153164374716,False
451,smoothie,attorney,-0.33553569532673,0.15396864147605518,False
452,smoothie,banker,-0.4863348550434406,-0.054716782659212086,True
453,smoothie,bartender,0.6019272223131588,0.2904019853951577,True
454,smoothie,broadcaster,0.003300043684094216,0.1850044006749179,True
455,smoothie,builder,-0.28628100388207106,0.052067855570928814,False
456,smoothie,businessman,-0.5176464344393942,-0.014888152406647497,True
457,smoothie,butcher,-0.25868618675135435,-0.04483187193585651,True
458,smoothie,captain,-0.553712218880758,-0.1666900003282999,True
459,smoothie,carpenter,-0.601574178319362,0.029277294009503744,False
460,smoothie,chef,0.3496717753912025,0.09463657168351358,True
461,smoothie,coach,-0.5722690951255209,0.027986070673775964,False
462,smoothie,cook,0.2825946627671965,0.07736132561080503,True
463,smoothie,dancer,-0.17698324954139172,0.09602818216961433,False
464,smoothie,designer,-0.11099925601247608,-0.0019075103589184,True
465,smoothie,developer,0.052308548762411464,0.15455786065147825,True
466,smoothie,doctor,-0.8086552285113666,-0.17921075393496327,True
467,smoothie,economist,-0.3678275483935136,-0.13190307553187966,True
468,smoothie,editor,0.06551713699562595,-0.2454589720640457,False
469,smoothie,engineer,-0.5373968673871373,-0.11630472209953238,True
470,smoothie,farmer,-0.7029374066494364,-0.054101889008288016,True
471,smoothie,filmmaker,-0.16117435815070966,0.0892090398354138,False
472,smoothie,housekeeper,0.05785555467021365,0.11661275122133136,True
473,smoothie,journalist,-0.5376977252953267,-0.07547946080481106,True
474,smoothie,judge,-0.4104058458291167,-0.04495480196940285,True
475,smoothie,lawyer,-0.7629540371421272,-0.0041626077907221,True
476,smoothie,librarian,-0.05817070888652736,0.1488934912760125,False
477,smoothie,magician,-0.5559714250926697,-0.12783809481070849,True
478,smoothie,mechanic,-0.3200910995101575,0.07414097776581885,False
479,smoothie,musician,-0.5011583154411143,0.01871854907939069,False
480,smoothie,nurse,-0.5227918396053105,0.16336121316609725,False
481,smoothie,painter,-0.4938712918971822,-0.18476701275111615,True
482,smoothie,philosopher,-0.6531606904626923,-0.400072854117852,True
483,smoothie,photographer,0.028187536718632993,0.18819960429965968,True
484,smoothie,pilot,-0.16343279611291375,0.015902215496126013,False
485,smoothie,policeman,-1.0137143626701393,-0.08425569321140093,True
486,smoothie,politician,-0.21915916979676248,-0.09740979223464727,True
487,smoothie,professor,-0.5064752770366675,-0.1777193290531291,True
488,smoothie,programmer,-0.08573048298964607,0.21866496477839306,False
489,smoothie,psychologist,-0.6449190065084013,0.2217799121778612,False
490,smoothie,scientist,-0.5254067884210287,-0.17203722893450546,True
491,smoothie,scholar,-0.2775954777232188,-0.3727747612283333,True
492,smoothie,secretary,-0.1161985384610923,0.13658959739141874,False
493,smoothie,server,0.4963703229463441,0.030219365983557095,True
494,smoothie,singer,-0.44085667543539225,0.06606823094079056,False
495,smoothie,soldier,-0.6587021340864,-0.16192956184999466,True
496,smoothie,surgeon,-0.0950350346342092,-0.11412328230474934,True
497,smoothie,teacher,-0.6215006566124416,0.040154107137453016,False
498,smoothie,therapist,-0.3982305884044723,0.2247651404437215,False
499,smoothie,translator,-0.18342637876411771,-0.1766156141527301,True
500,smoothie,waiter,0.30592933042550674,0.026353344019170187,True
501,smoothie,waitress,0.4578803019699301,0.2358019871833661,True
502,smoothie,warrior,-0.4897994858868665,-0.2655806494176228,True
503,smoothie,writer,-0.03536375661475366,0.022969479381258973,False
504,alcohol,accountant,-0.2003148589848216,-0.038119117698925474,True
505,alcohol,architect,-0.2461018502667347,-0.03223478861043537,True
506,alcohol,artist,0.07891971538750454,-0.2047318648846301,False
507,alcohol,attorney,-0.028555584832260682,0.06804354416100106,False
508,alcohol,banker,-0.42440213557087786,0.09048534856673608,False
509,alcohol,bartender,-0.10447432761010716,0.14621425484975462,False
510,alcohol,broadcaster,0.051522546818032235,0.06263587674175741,True
511,alcohol,builder,-0.1832983323070904,0.19421731778331852,False
512,alcohol,businessman,-0.2680180287541624,0.12976387754988736,False
513,alcohol,butcher,-0.24379005934390216,0.08941940001053386,False
514,alcohol,captain,-0.4157391524647483,0.0988125297875622,False
515,alcohol,carpenter,0.2273248785639373,0.18540382989484674,True
516,alcohol,chef,-0.2006380684112542,0.07026673652034436,False
517,alcohol,coach,-0.036356514251323836,0.1189478958420376,False
518,alcohol,cook,-0.12896607801211918,-0.2483942124661931,True
519,alcohol,dancer,0.3356583999051793,-0.1343377414284645,False
520,alcohol,designer,-0.2612640735434679,-0.13108004695175665,True
521,alcohol,developer,-0.4486089027975069,0.09184657272210976,False
522,alcohol,doctor,-0.2527415329214885,-0.07960915444682277,True
523,alcohol,economist,-0.23854054361459276,-0.1416178678705512,True
524,alcohol,editor,-0.15445210530971998,-0.1614664026529637,True
525,alcohol,engineer,-0.13223754742921806,0.03815683376645793,False
526,alcohol,farmer,-0.2601602160191328,0.0812178582009426,False
527,alcohol,filmmaker,0.09155440173287774,0.07286197728817176,True
528,alcohol,housekeeper,-0.18517262541084054,-0.23545064689552755,True
529,alcohol,journalist,0.03358470039863782,-0.12762029269152114,False
530,alcohol,judge,-0.02910407022454936,0.01041458453280913,False
531,alcohol,lawyer,-0.18164061798271,0.03011612108383278,False
532,alcohol,librarian,-0.2078455129055204,-0.1938164686979169,True
533,alcohol,magician,-0.04147148943126802,0.07668131529254739,False
534,alcohol,mechanic,0.028078313116151183,0.15407560450558913,True
535,alcohol,musician,0.3908995154638194,0.14581694948942192,True
536,alcohol,nurse,-0.09161129426339523,-0.18678867335161914,True
537,alcohol,painter,0.036172682607190934,-0.18611971938201427,False
538,alcohol,philosopher,-0.4199118783300113,-0.119694549799578,True
539,alcohol,photographer,0.11217541095998196,0.05512859388395425,True
540,alcohol,pilot,-0.3825849755690408,0.0597393734239456,False
541,alcohol,policeman,0.05907569135909576,0.07146148899236247,True
542,alcohol,politician,-0.1824816362653827,-0.09628746169924884,True
543,alcohol,professor,-0.3627091972447593,-0.051939340311674166,True
544,alcohol,programmer,-0.03661833472247197,0.13330231185244698,False
545,alcohol,psychologist,-0.09901499777575028,-0.11256072149119008,True
546,alcohol,scientist,-0.4450419564315013,-0.10555937875267704,True
547,alcohol,scholar,-0.6181839307938595,-0.20599450597138635,True
548,alcohol,secretary,-0.11572409648763445,-0.2529571131446783,True
549,alcohol,server,-0.19778916155270834,0.0999266843149917,False
550,alcohol,singer,0.453930080246254,-0.13249807274213013,False
551,alcohol,soldier,-0.16149357861866667,0.10384330706045868,False
552,alcohol,surgeon,-0.4911808627179355,-0.010429304801177479,True
553,alcohol,teacher,0.10288117695658626,-0.08379706379334279,False
554,alcohol,therapist,-0.007833115321961808,-0.07382693575912799,True
555,alcohol,translator,0.08293742331264116,0.009071510913431476,True
556,alcohol,waiter,-0.37001089784587976,0.07849950939386299,False
557,alcohol,waitress,-0.1248285446043286,-0.14038457353736114,True
558,alcohol,warrior,-0.1399376390127308,0.0302110792515793,False
559,alcohol,writer,-0.16219947613651234,-0.16699994879135793,True
560,liquor,accountant,-0.16989843463562065,0.1617837420068738,False
561,liquor,architect,-0.4777212767740096,0.17405158099873522,False
562,liquor,artist,0.18265605865326925,-0.11612903096020485,False
563,liquor,attorney,0.14589254029740276,0.325920574319449,True
564,liquor,banker,-0.061963329511454425,0.32617987477423066,False
565,liquor,bartender,0.6442383564520346,0.1876063370066824,True
566,liquor,broadcaster,-0.19471015510443596,0.30377978997388844,False
567,liquor,builder,-0.18312775265165654,0.3958879228809417,False
568,liquor,businessman,-0.2423729838795641,0.31602639907462604,False
569,liquor,butcher,0.10782437844645347,0.38329502140585264,True
570,liquor,captain,-0.23538042269886825,0.25093279203339663,False
571,liquor,carpenter,-0.07372903900636475,0.3706850473256143,False
572,liquor,chef,-0.2800833012067122,0.11096266023281187,False
573,liquor,coach,-0.5313755011848474,0.21360273123542706,False
574,liquor,cook,0.14755642934570584,-0.11113835902096678,False
575,liquor,dancer,0.2882928626367292,-0.29003631283561754,False
576,liquor,designer,-0.4970991818104367,-0.08675326195778256,True
577,liquor,developer,0.07908858155918952,0.19861842641685545,True
578,liquor,doctor,-0.3277313538538609,0.08594546686207816,False
579,liquor,economist,-0.24339205065628045,0.049413546769401656,False
580,liquor,editor,0.04621702835694741,0.06156853286542802,True
581,liquor,engineer,-0.15120298601881876,0.2539825928869832,False
582,liquor,farmer,-0.09034631704727003,0.3941594600632716,False
583,liquor,filmmaker,0.03280484662377939,0.17375404899131994,True
584,liquor,housekeeper,-0.19134348455852787,-0.30336621492891996,True
585,liquor,journalist,-0.3104436388075049,-0.006461710912098583,True
586,liquor,judge,-0.015761895910083038,0.3516106955399753,False
587,liquor,lawyer,-0.11446550276244652,0.2862138803855143,False
588,liquor,librarian,-0.2664734021491986,-0.2985544051290865,True
589,liquor,magician,-0.049076000854119874,0.20041976797306132,False
590,liquor,mechanic,-0.1479412155155698,0.3035784728577937,False
591,liquor,musician,0.31283382522964864,0.2313888641163161,True
592,liquor,nurse,-0.3906752536528968,-0.2979894469973347,True
593,liquor,painter,-0.10780414919256937,0.032218771722393576,False
594,liquor,philosopher,-0.3350679455870492,-0.0253877572581362,True
595,liquor,photographer,-0.059995930609684486,0.10182313555032904,False
596,liquor,pilot,-0.6355024386817129,0.26621890289116484,False
597,liquor,policeman,-0.12331425734467975,0.3367349596470016,False
598,liquor,politician,-0.08324366793057447,0.1160927697227241,False
599,liquor,professor,-0.4194951151538008,0.09322879080649683,False
600,liquor,programmer,-0.5270980193042328,0.09585116456667464,False
601,liquor,psychologist,-0.591294400333146,-0.10994970371192997,True
602,liquor,scientist,-0.3992856797877578,-0.1022351630556902,True
603,liquor,scholar,-0.5531419379763924,-0.1928483407706574,True
604,liquor,secretary,-0.3233124714250494,-0.2632472942262956,True
605,liquor,server,-0.32522580947394863,-0.2726085688541772,True
606,liquor,singer,0.38728988189043373,-0.2643141626515145,False
607,liquor,soldier,-0.3078572233497063,0.23146493280671995,False
608,liquor,surgeon,-0.2132432508248156,0.2962731244251898,False
609,liquor,teacher,-0.5425900548857764,-0.1409291784086818,True
610,liquor,therapist,-0.4897745465584008,-0.2555092451825279,True
611,liquor,translator,-0.4309986221049533,-0.013452448075309924,True
612,liquor,waiter,-0.12366184138138454,0.2829656020507325,False
613,liquor,waitress,-0.02601970921917938,-0.2728407770408429,True
614,liquor,warrior,-0.20901790066176504,-0.11731956576160528,True
615,liquor,writer,0.10106455173724384,-0.05995536082035738,False
616,beer,accountant,-0.3613359578846753,0.3199314533754939,False
617,beer,architect,-0.6194956915098278,0.2406857671009597,False
618,beer,artist,-0.028974511163497724,-0.2285944046384134,True
619,beer,attorney,-0.244174785489986,0.4563335605158672,False
620,beer,banker,-0.22720046160782026,0.4636555380291429,False
621,beer,bartender,0.5996068225266533,0.3772509288833077,True
622,beer,broadcaster,0.2305873706524637,0.4791631399450678,True
623,beer,builder,-0.2676672680503462,0.6043382780560448,False
624,beer,businessman,-0.4839435783520769,0.4820761604018116,False
625,beer,butcher,0.35600143681139795,0.5281300459413399,True
626,beer,captain,0.07817240694462642,0.3164368832115029,True
627,beer,carpenter,0.13704029933346634,0.5684732313018307,True
628,beer,chef,-0.09787113827433153,0.3127236158104298,False
629,beer,coach,-0.16235353668631514,0.35041855148512385,False
630,beer,cook,0.2415233399548176,-0.18109869057278968,False
631,beer,dancer,-0.32058211985056895,-0.38973773714209015,True
632,beer,designer,-0.6208279759671933,-0.020638024239853798,True
633,beer,developer,-0.465157841503628,0.3831217534427657,False
634,beer,doctor,-0.5257815445332125,0.10636724242421128,False
635,beer,economist,-0.15863746694884018,0.1499616004505264,False
636,beer,editor,-0.12168491364550485,0.04252096943752295,False
637,beer,engineer,-0.2038983597709359,0.40927830445978464,False
638,beer,farmer,0.3208067666344879,0.5182467055402896,True
639,beer,filmmaker,-0.2688020806558745,0.3845545545823815,False
640,beer,housekeeper,-0.257373851424476,-0.4477011134698474,True
641,beer,journalist,-0.3955023904469317,0.0624743447265592,False
642,beer,judge,-0.17529639797480215,0.3695132753957807,False
643,beer,lawyer,-0.3577232130131062,0.405553106533313,False
644,beer,librarian,-0.6375019967620976,-0.3191690290097509,True
645,beer,magician,-0.4592443536075265,0.2521601172140833,False
646,beer,mechanic,0.019741223219594525,0.5129056191987339,True
647,beer,musician,0.15073667685810407,0.426601298922339,True
648,beer,nurse,-0.39679410896322304,-0.4139955933242497,True
649,beer,painter,-0.28068206907459275,-0.013433371059362363,True
650,beer,philosopher,-0.4185748098194655,-0.08055440878626763,True
651,beer,photographer,-0.4377831177483266,0.2994808744958883,False
652,beer,pilot,-0.18994052390801086,0.477368559125998,False
653,beer,policeman,-0.28442802169422304,0.4420238109931411,False
654,beer,politician,-0.1877257999012005,0.08861445749923519,False
655,beer,professor,-0.3830718012600065,0.1685281630404525,False
656,beer,programmer,-0.5549654089146551,0.4102878795763256,False
657,beer,psychologist,-0.6801512142921229,0.0015464709930710662,False
658,beer,scientist,-0.5963666259936581,-0.08868347920682099,True
659,beer,scholar,-0.5422115148773012,-0.3192560576244395,True
660,beer,secretary,-0.7495822797267566,-0.4002420601357025,True
661,beer,server,-0.00703238007510864,-0.18168173248410294,True
662,beer,singer,0.16418238625113002,-0.3478615319444295,False
663,beer,soldier,0.027870552547175218,0.2946663204942643,True
664,beer,surgeon,-0.5343995301889196,0.3629367766299749,False
665,beer,teacher,-0.5051991434200256,-0.10148921815246538,True
666,beer,therapist,-0.6796689866205851,-0.19510046476619214,True
667,beer,translator,-0.24166946896153074,-0.03553898947320614,True
668,beer,waiter,-0.025390399302435945,0.4640663448100147,False
669,beer,waitress,0.2570587743833768,-0.3259127133868606,False
670,beer,warrior,-0.3756374455457847,-0.229181679667552,True
671,beer,writer,-0.009102821494434737,0.000964486433273902,False
672,wine,accountant,-0.09818032234038816,-0.07095002694632535,True
673,wine,architect,0.3822858805824057,0.2004651794093986,True
674,wine,artist,0.5200731519102371,0.3937631491590977,True
675,wine,attorney,-0.11654261771441572,-0.10909466563273168,True
676,wine,banker,0.3612395069982644,-0.06556436002082376,False
677,wine,bartender,-0.16635938231214453,-0.3701491831748645,True
678,wine,broadcaster,-0.06546295742969292,-0.12103487614412073,True
679,wine,builder,-0.3831792016658388,-0.2382966435161801,True
680,wine,businessman,-0.22123508439252046,-0.1402916936304988,True
681,wine,butcher,0.2794923941409033,-0.1076989641637396,False
682,wine,captain,-0.24322840177719635,-0.10457254802156984,True
683,wine,carpenter,-0.25810410851889404,-0.23691864351023176,True
684,wine,chef,1.0179796265817085,-0.0876568068855991,False
685,wine,coach,-0.28508876271597183,-0.09984006184630116,True
686,wine,cook,0.8007090190039509,0.1421476818724281,True
687,wine,dancer,-0.000734976956546538,0.12646022747024474,False
688,wine,designer,0.4506385525396006,0.2191530790837284,True
689,wine,developer,-0.39745455739188623,-0.23875560090100303,True
690,wine,doctor,-0.08503583545625612,0.14852927209686725,False
691,wine,economist,0.7087753662632225,0.2502126881280761,True
692,wine,editor,0.2684858693534656,0.3244807269111989,True
693,wine,engineer,-0.03762715873060608,-0.033349143993742114,True
694,wine,farmer,0.14625384405559555,-0.12443580933164138,False
695,wine,filmmaker,-0.02905197283093075,-0.06506901094472092,True
696,wine,housekeeper,0.3116147022160217,0.1703669018855188,True
697,wine,journalist,0.27930441596849304,0.2323737559444764,True
698,wine,judge,-0.084386752171588,0.023491375102023662,False
699,wine,lawyer,-0.0422608928040899,0.008905973795863288,False
700,wine,librarian,0.057309285713922326,0.14885469731527448,True
701,wine,magician,-0.0798989982458926,-0.06883051047013987,True
702,wine,mechanic,-0.7831555315220247,-0.3000302167648174,True
703,wine,musician,0.1961184534832372,-0.1150721934393625,False
704,wine,nurse,-0.4701659892038458,0.08719173160185577,False
705,wine,painter,0.7329830447071367,0.3900257441190045,True
706,wine,philosopher,1.162859720727332,0.3721221976970212,True
707,wine,photographer,0.26014221826465306,-0.0724694641985648,False
708,wine,pilot,-0.4746678146673245,-0.2096752451848336,True
709,wine,policeman,-0.7737725728190392,-0.14677249342760154,True
710,wine,politician,0.050362147528391986,0.15355657054444005,True
711,wine,professor,0.06270197200553307,0.16077601853842172,True
712,wine,programmer,-0.6867081365262758,-0.3327381785168925,True
713,wine,psychologist,-0.43415075280357296,-0.023532376040406314,True
714,wine,scientist,0.1926485874724796,0.09537549394735284,True
715,wine,scholar,0.8542818358115291,0.42440383531111575,True
716,wine,secretary,-0.2982621325250341,0.1547768152171161,False
717,wine,server,0.0825946792150949,-0.10460648334756847,False
718,wine,singer,0.1370246266967655,0.14752972043030996,True
719,wine,soldier,0.0004070131297542282,-0.09446566705463692,False
720,wine,surgeon,0.22030972045476524,0.06809955300240804,True
721,wine,teacher,-0.4338867036640132,0.10718671633060692,False
722,wine,therapist,-0.4253564114136929,0.050380005629565815,False
723,wine,translator,0.5979429011641662,0.2626860056071706,True
724,wine,waiter,0.69742607588509,-0.13885068954445706,False
725,wine,waitress,-0.1178123616539197,-0.02348023363127049,True
726,wine,warrior,0.3408792963086872,0.07324520301384822,True
727,wine,writer,0.40361445043625976,0.2601740566159784,True
728,cider,accountant,0.08581323082549208,0.03726352505155225,True
729,cider,architect,0.002453664607676723,0.0013334029618448972,True
730,cider,artist,0.0366156555943326,0.15054979221304726,True
731,cider,attorney,-0.2215569752546496,0.02651616499332347,False
732,cider,banker,0.16443191957663586,-0.07747922866844294,False
733,cider,bartender,-0.3052277037105645,-0.17463706896572706,True
734,cider,broadcaster,0.17782449425782654,0.16338600146957485,True
735,cider,builder,0.13982899949151648,-0.08431756198692253,False
736,cider,businessman,-0.1764486335078979,-0.1468425043312544,True
737,cider,butcher,0.7829307150081218,0.050664763190607615,True
738,cider,captain,0.02744749728055944,-0.20421285342830595,False
739,cider,carpenter,0.5616233038778264,-0.08901839098157723,False
740,cider,chef,0.1980432210811362,-0.18597491748156614,False
741,cider,coach,0.12146514341617072,-0.1155904490804458,False
742,cider,cook,0.7857700664146441,0.3336748938230788,True
743,cider,dancer,-0.2094358642064271,0.03835789204985323,False
744,cider,designer,-0.35899137994792996,-0.01631756467017111,True
745,cider,developer,-0.21914887167589747,-0.1263731723360223,True
746,cider,doctor,-0.4767717670711646,-0.06355669250456704,True
747,cider,economist,0.14422796291503112,0.07614980426397892,True
748,cider,editor,0.2221497525259908,0.13960082322812634,True
749,cider,engineer,-0.12284288341997343,-0.09690707476450136,True
750,cider,farmer,1.2306857525264971,0.09197614250360242,True
751,cider,filmmaker,-0.448915685769136,-0.07568670316373298,True
752,cider,housekeeper,0.6387484792454733,0.2596414097101106,True
753,cider,journalist,-0.08273245835052301,0.017963551162263974,False
754,cider,judge,-0.04866589039629935,0.09586617887456723,False
755,cider,lawyer,-0.2354591010528807,-0.012177779611332448,True
756,cider,librarian,-0.03570515466354908,0.16394551002332566,False
757,cider,magician,-0.2629616108360039,-0.17583624954086566,True
758,cider,mechanic,-0.3002267159595985,-0.15446763430389904,True
759,cider,musician,-0.2799362289054917,-0.11624535233385293,True
760,cider,nurse,-0.35265481109173863,0.2044512901413786,False
761,cider,painter,-0.06473519228405256,0.18950564312830115,False
762,cider,philosopher,-0.464461390720049,-0.023087502565256032,True
763,cider,photographer,-0.2635388559292344,-0.09389585957256526,True
764,cider,pilot,-0.05875295630524671,-0.12412508914022367,True
765,cider,policeman,0.17445111524110274,-0.048981875632359784,False
766,cider,politician,-0.0984140952441168,0.0773828057402176,False
767,cider,professor,-0.34085442212321043,-0.11077327912680414,True
768,cider,programmer,-0.4603382390725713,-0.22780106281716586,True
769,cider,psychologist,-0.7396275425379182,0.0928488778580992,False
770,cider,scientist,-0.3828779606065664,-0.13057837782769546,True
771,cider,scholar,0.5356077200838405,0.08708722932105505,True
772,cider,secretary,-0.059915996192946866,0.244874311171264,False
773,cider,server,-0.10658488491937088,-0.3627479762095057,True
774,cider,singer,-0.2207531072171812,0.07696051353555429,False
775,cider,soldier,0.17287235742302873,-0.16354215423581808,False
776,cider,surgeon,-0.27976945250759816,-0.0062586623636747525,True
777,cider,teacher,0.07930190069550308,0.15214366137675647,True
778,cider,therapist,-1.1276822275956724,-0.002644492905787511,True
779,cider,translator,0.11429947038972035,-0.037791341789928684,False
780,cider,waiter,0.05912640329572887,-0.07812589575051486,False
781,cider,waitress,0.11421468058562888,0.11899295154414198,True
782,cider,warrior,0.012246277511050686,-0.2580840055982229,False
783,cider,writer,-0.0580004029255916,0.24774275643810398,False
784,vodka,accountant,-0.11399580029414888,0.09750358117216062,False
785,vodka,architect,0.1970242021146864,0.12045822926597582,True
786,vodka,artist,0.2477000536244207,0.024402228646210382,True
787,vodka,attorney,-0.30087651846169594,0.052002925836763386,False
788,vodka,banker,-0.1461642921003618,0.08276204014086656,False
789,vodka,bartender,0.4808498800450002,0.09942970435825714,True
790,vodka,broadcaster,0.013854878742690148,0.005941786717291082,True
791,vodka,builder,-0.4453262207718106,0.07774315565760775,False
792,vodka,businessman,-0.34846972091859324,0.10099165255154344,False
793,vodka,butcher,-0.2394300990791287,0.03787024026840264,False
794,vodka,captain,-0.06849525697017889,0.01942861895165297,False
795,vodka,carpenter,-0.37665355892801294,0.08889225435213129,False
796,vodka,chef,-0.31538732701760563,0.14434438203139535,False
797,vodka,coach,-0.03994128226467143,0.1052695666531903,False
798,vodka,cook,-0.49796197866197,-0.16356197461499475,True
799,vodka,dancer,0.6754704673914014,0.024636866457801603,True
800,vodka,designer,0.3591930777105051,0.14334084700844485,True
801,vodka,developer,-0.1771044166921832,0.016808587690994317,False
802,vodka,doctor,-0.38736798473885503,0.07279352565618714,False
803,vodka,economist,0.24095333585685064,0.09879885908320768,True
804,vodka,editor,0.5028752663939648,0.04767297128341707,True
805,vodka,engineer,0.04662687547888548,0.13187732636837085,True
806,vodka,farmer,-0.7503935122365994,-0.02638164047492408,True
807,vodka,filmmaker,0.22792766500955475,0.15051591445208373,True
808,vodka,housekeeper,-0.2506036970502,-0.15765380909677754,True
809,vodka,journalist,0.5746546360503514,0.14980109508534167,True
810,vodka,judge,-0.4227061308091537,-0.01915865525264698,True
811,vodka,lawyer,-0.3533002765693744,0.09353748203178196,False
812,vodka,librarian,-0.12838558180698922,-0.05000524592590189,True
813,vodka,magician,0.193353338501824,0.06252032107312377,True
814,vodka,mechanic,-0.3045116227390353,0.09244315630565007,False
815,vodka,musician,0.3785270730888867,0.1908150625739342,True
816,vodka,nurse,-0.483785884552888,-0.11652307608542532,True
817,vodka,painter,0.383990149668152,0.04186290984963406,True
818,vodka,philosopher,-0.014997245157074438,0.002056164585883812,False
819,vodka,photographer,0.7735033361239413,0.21024621342106226,True
820,vodka,pilot,-0.08971613268647438,0.06470008367360344,False
821,vodka,policeman,-0.3035222195430925,0.028520036660041614,False
822,vodka,politician,-0.2665582123116389,-0.054192761579697935,True
823,vodka,professor,0.054252090722050055,0.11008743759570763,True
824,vodka,programmer,0.1194383622388356,0.1902131933323669,True
825,vodka,psychologist,-0.14244186547840934,0.034156285779101875,False
826,vodka,scientist,-0.07035582671887955,0.0466690915944674,False
827,vodka,scholar,-0.16588340809180427,-0.04313367724545231,True
828,vodka,secretary,-0.0949706794378676,-0.09494129490018494,True
829,vodka,server,-0.15706603277495798,0.14967683640330534,False
830,vodka,singer,0.6276304049170963,0.03597695834259145,True
831,vodka,soldier,-0.19056510533054494,0.061933457486488284,False
832,vodka,surgeon,-0.454496559889331,0.02350335713907881,False
833,vodka,teacher,-0.1834038083648573,0.06560682980536163,False
834,vodka,therapist,-0.3339551469180826,0.058884270799413614,False
835,vodka,translator,0.7694859496232529,0.14928176261704332,True
836,vodka,waiter,0.16428814098401734,0.08852923123355974,True
837,vodka,waitress,-0.1568881664312018,-0.07797309375717199,True
838,vodka,warrior,0.08332306591890372,0.028648301767863843,True
839,vodka,writer,0.5708582275392541,0.017306309191843672,True
840,rum,accountant,-0.03880758042134324,0.03577627934010657,False
841,rum,architect,-0.3005813220193877,0.03834659994465097,False
842,rum,artist,0.08132853556034439,0.1734308061741161,True
843,rum,attorney,-0.2833838273067492,0.06606685586324733,False
844,rum,banker,0.05576176772582137,-0.03470018091713136,False
845,rum,bartender,0.2737074981629168,-0.16417403148323514,False
846,rum,broadcaster,0.050789649482650655,0.21584773044105268,True
847,rum,builder,-0.115157138307196,-0.045496083397971614,True
848,rum,businessman,-0.3336746129367426,-0.1047313982241394,True
849,rum,butcher,0.4340659447598311,0.069200523890017,True
850,rum,captain,-0.01155246046609673,-0.2033385350984618,True
851,rum,carpenter,0.11100496208083492,-0.061230276850144996,False
852,rum,chef,0.19792785710144087,-0.19110091610668006,False
853,rum,coach,0.04257083467809625,-0.099986083059071,False
854,rum,cook,0.4464965250295563,0.2110013274505577,True
855,rum,dancer,0.4995050809585355,0.03597164580143567,True
856,rum,designer,-0.2593595225733995,-0.031491634471020775,True
857,rum,developer,-0.3707951119915016,-0.09426062391492612,True
858,rum,doctor,-0.2680492391515532,-0.08141829027486717,True
859,rum,economist,0.11602730910145692,0.0941926873457002,True
860,rum,editor,0.11092808474887997,0.09841579631871136,True
861,rum,engineer,0.04880572546081261,-0.05822335332402734,False
862,rum,farmer,-0.06287607290923006,0.07307776333665482,False
863,rum,filmmaker,0.13338122281153147,0.001382524291436634,True
864,rum,housekeeper,-0.04272036836572931,0.14874974418974798,False
865,rum,journalist,-0.028262275550279218,0.04314631698566101,False
866,rum,judge,-0.14527336824259787,0.11878313955872248,False
867,rum,lawyer,-0.27882156957477905,0.03307273440961858,False
868,rum,librarian,-0.0811833612487338,0.05024966778312688,False
869,rum,magician,-0.22085531082412754,-0.17721784318820846,True
870,rum,mechanic,-0.00939772539689868,-0.1125037182075988,True
871,rum,musician,0.16339015709901636,-0.08302199847261829,False
872,rum,nurse,-0.2282990414452159,0.13896238475543254,False
873,rum,painter,0.17997358143947625,0.19153931996929804,True
874,rum,philosopher,-0.2958199704502181,-0.09160247341050512,True
875,rum,photographer,-0.12565043926768654,-0.06985444386136343,True
876,rum,pilot,-0.21438483218606733,-0.10382128984661866,True
877,rum,policeman,0.1756792729659114,0.007052151624473787,True
878,rum,politician,-0.07872291865852442,0.0754082756133671,False
879,rum,professor,-0.10836948373644748,-0.13656470178240598,True
880,rum,programmer,-0.10029939919351374,-0.1934381670876123,True
881,rum,psychologist,-0.6139624249217566,0.06269132474864449,False
882,rum,scientist,-0.3519612360194428,-0.18998290130685827,True
883,rum,scholar,-0.10055537729514992,-0.07123418142811852,True
884,rum,secretary,0.07729302392196921,0.19450987506747267,True
885,rum,server,-0.2648092119084558,-0.4257462768201939,True
886,rum,singer,0.4129742250472712,0.08110006984765808,True
887,rum,soldier,0.1686068003125453,-0.1651529647309876,False
888,rum,surgeon,0.05847378137638098,0.008139755802188597,True
889,rum,teacher,-0.036904297240667384,0.027462310983611148,False
890,rum,therapist,-0.5188459058105263,-0.06481687893618268,True
891,rum,translator,0.22180925930765216,-0.024540079309167892,False
892,rum,waiter,0.2478058825286001,-0.050378701562596884,False
893,rum,waitress,0.060913547269684565,0.0659937172602805,True
894,rum,warrior,-0.15009860647824252,-0.35987697780819394,True
895,rum,writer,0.09759017745446433,0.2301573953906661,True
896,whiskey,accountant,-0.2377279270199832,0.14792390422446994,False
897,whiskey,architect,-0.7644649454701518,0.16899338329641014,False
898,whiskey,artist,0.020447369382011683,-0.19458925840167926,False
899,whiskey,attorney,0.1762680774550621,0.3922947912571199,True
900,whiskey,banker,0.10783394785591276,0.3832023040782089,True
901,whiskey,bartender,0.7108321770389632,0.16151674375962172,True
902,whiskey,broadcaster,0.15621625764721134,0.34665814917099297,True
903,whiskey,builder,-0.15072628853887696,0.4414789486962572,False
904,whiskey,businessman,-0.3280810763481265,0.3419370724596614,False
905,whiskey,butcher,0.1826281300696069,0.42609086930072737,True
906,whiskey,captain,0.08706380000756385,0.27848832289673514,True
907,whiskey,carpenter,-0.024700918545708026,0.4085405487170684,False
908,whiskey,chef,-0.2940039365298818,0.10815991214520804,False
909,whiskey,coach,-0.606851371332496,0.2440177386375868,False
910,whiskey,cook,0.4559806722306559,-0.07399658044868705,False
911,whiskey,dancer,0.15187186166402591,-0.37429057008169203,False
912,whiskey,designer,-0.8530340974230008,-0.09640444993394744,True
913,whiskey,developer,-0.4280289416654744,0.22391576595103813,False
914,whiskey,doctor,-0.417344026729378,0.1065502266306454,False
915,whiskey,economist,-0.3216978175057026,0.060744132793938276,False
916,whiskey,editor,-0.06851605499956215,0.0720062570736673,False
917,whiskey,engineer,-0.4007446611162702,0.2513028741236326,False
918,whiskey,farmer,0.3591708259989427,0.4710719958775179,True
919,whiskey,filmmaker,-0.4980655831109739,0.16970168698297886,False
920,whiskey,housekeeper,0.15083808505918714,-0.28031821665968704,False
921,whiskey,journalist,-0.3416649701205062,0.012260968565138836,False
922,whiskey,judge,0.23981383615230736,0.4336649358088655,True
923,whiskey,lawyer,-0.18503255447153225,0.3266902303811116,False
924,whiskey,librarian,-0.6451728810164227,-0.27987130195536314,True
925,whiskey,magician,-0.5412156915473485,0.1541239383307928,False
926,whiskey,mechanic,-0.29238321610233337,0.2924035137009481,False
927,whiskey,musician,0.3327914928329527,0.21348124043369648,True
928,whiskey,nurse,-0.6034089742717231,-0.3019390341565608,True
929,whiskey,painter,-0.1647378425704457,0.04613158576882535,False
930,whiskey,philosopher,-0.4744347892623588,-0.0313111921390647,True
931,whiskey,photographer,-0.22553769931388776,0.10558314029485898,False
932,whiskey,pilot,-0.3915227575590468,0.2964735560176396,False
933,whiskey,policeman,-0.3856462246503324,0.3464334335318984,False
934,whiskey,politician,0.09789086424725912,0.11756847886439238,True
935,whiskey,professor,-0.5018699076140231,0.1375776190299864,False
936,whiskey,programmer,-1.3133154359751125,0.062100383015360375,False
937,whiskey,psychologist,-1.1811795076303468,-0.1425767886388511,True
938,whiskey,scientist,-0.7487167950961559,-0.13815225679896978,True
939,whiskey,scholar,-0.2707183642767579,-0.1578620088322011,True
940,whiskey,secretary,-0.5236198206335011,-0.2729197524421953,True
941,whiskey,server,-0.5535969264207926,-0.3825475110094848,True
942,whiskey,singer,0.4632439765791455,-0.3470019248851917,False
943,whiskey,soldier,0.2478635224369929,0.2557128828086555,True
944,whiskey,surgeon,-0.0856381159932928,0.3898266975260036,False
945,whiskey,teacher,-0.7951704386966478,-0.07933547600488808,True
946,whiskey,therapist,-0.9097958642166759,-0.2744349066010176,True
947,whiskey,translator,-0.4902120331221135,-0.024271785353065827,True
948,whiskey,waiter,0.012613834818730478,0.3017090868435472,True
949,whiskey,waitress,0.09009995687069423,-0.2986763140643753,False
950,whiskey,warrior,-0.06640925559821906,-0.1726023512280087,True
951,whiskey,writer,0.05754964374053199,-0.023210072688322116,False
952,champagne,accountant,-0.3697751575310022,0.014203817459411915,False
953,champagne,architect,-0.08875048315659581,0.0645517589351872,False
954,champagne,artist,0.38932076395524295,0.2290451654820726,True
955,champagne,attorney,-0.5489340220259201,-0.031864374876091985,True
956,champagne,banker,0.3691724740771701,-0.08071787408189013,False
957,champagne,bartender,0.05451117338160801,-0.1329959718126067,False
958,champagne,broadcaster,-0.1010880581677536,-0.036967828582324266,True
959,champagne,builder,-1.0884862057889972,-0.19307639989312528,True
960,champagne,businessman,-0.017815744643124833,-0.10607760582198396,True
961,champagne,butcher,-0.5483940771972826,-0.14895555710082933,True
962,champagne,captain,0.17944455904977716,-0.10470765626821824,False
963,champagne,carpenter,-1.6537383040317544,-0.21447092100147372,True
964,champagne,chef,1.0267048895735649,0.05283547782095028,True
965,champagne,coach,-0.9698873693354058,-0.02665531082902391,True
966,champagne,cook,0.17250551714859244,0.13850307842160284,True
967,champagne,dancer,0.5441602243111846,0.1762070644864386,True
968,champagne,designer,0.9910478165353832,0.3154789690702533,True
969,champagne,developer,-0.3645675631297151,-0.10023843381919913,True
970,champagne,doctor,-0.6093607007497454,0.12265138307053106,False
971,champagne,economist,-0.16711061278306885,0.10115796722412523,False
972,champagne,editor,0.08786573249065988,0.12251507862195275,True
973,champagne,engineer,-0.5188275041484065,-0.07781234394976486,True
974,champagne,farmer,-1.0944033286538954,-0.19144908630019092,True
975,champagne,filmmaker,-0.09893301178788784,-0.02640997733840502,True
976,champagne,housekeeper,0.3605485714332523,0.23426522684136755,True
977,champagne,journalist,0.059519931318577385,0.2409333847205941,True
978,champagne,judge,-0.15605131855517593,-0.038199580092705465,True
979,champagne,lawyer,-0.4418862101713013,0.020329343298252943,False
980,champagne,librarian,-0.22587034025057254,0.2629015467310689,False
981,champagne,magician,0.2252787508257717,-0.08046070321975117,False
982,champagne,mechanic,-1.5194227594619876,-0.19469894744052094,True
983,champagne,musician,-0.02973717983785036,-0.0988679043256542,True
984,champagne,nurse,-0.8876197147483197,0.18995559755480595,False
985,champagne,painter,0.03596557334358488,0.21717947440973448,True
986,champagne,philosopher,0.3711072351744538,0.08966714706443771,True
987,champagne,photographer,0.4879224650782149,0.1281690118176047,True
988,champagne,pilot,-0.10667890468222513,-0.09132469376774348,True
989,champagne,policeman,-1.1886292044334823,-0.15320138715990309,True
990,champagne,politician,-0.021119215066675967,0.03274363313812224,False
991,champagne,professor,0.1434552398205273,0.09380766184309446,True
992,champagne,programmer,-1.2588953810222947,-0.13267924531619096,True
993,champagne,psychologist,-1.1792770786646498,0.12931845001195333,False
994,champagne,scientist,0.17753573640503587,0.09685732270955326,True
995,champagne,scholar,0.08919353908591042,0.20641819828186966,True
996,champagne,secretary,0.030619246602955726,0.25033599614748353,True
997,champagne,server,0.18130346487208074,-0.05614039324591542,False
998,champagne,singer,-0.014239148647881913,0.13208406251499702,False
999,champagne,soldier,-0.3565946615932893,-0.09988663271147492,True
1000,champagne,surgeon,0.5138908162062784,0.08392868681172258,True
1001,champagne,teacher,-1.2869892883850382,0.11402392395113685,False
1002,champagne,therapist,-1.0342728996284938,0.21920506112279656,False
1003,champagne,translator,-0.25491471857743303,0.1111339074173626,False
1004,champagne,waiter,1.445451426672565,-0.07856509228926678,False
1005,champagne,waitress,-0.3367402291110444,0.12352356877058447,False
1006,champagne,warrior,-0.05438513199596672,0.01741469782168626,False
1007,champagne,writer,0.04970311482709513,0.1774447443971384,True
