occupation,religion,direct_correlation,indirect_correlation,same_correlation
accountant,Buddhist,0.5300985118466288,0.06778631555410841,True
accountant,Christian,0.948395804055279,0.3332770018726295,True
accountant,Hindu,-0.2558636878371859,-0.07740798393667549,True
accountant,Jewish,1.379520757685729,0.20725418817212227,True
accountant,Muslim,0.014480830915011015,-0.013116103229176144,False
air traffic controller,Buddhist,0.0949891535687164,0.027644596452670117,True
air traffic controller,Christian,1.3401917771770664,0.2918758190480478,True
air traffic controller,Hindu,-0.3514586179543928,-0.03322567616056999,True
air traffic controller,Jewish,0.4423045986294192,0.06333445038716032,True
air traffic controller,Muslim,0.5400753011731132,0.0348475580524409,True
architect,Buddhist,0.808077784098216,0.09097426923743723,True
architect,Christian,0.8905197579620602,0.267192887721916,True
architect,Hindu,-0.4605345282631095,-0.038538362416319055,True
architect,Jewish,0.6514301941736973,0.2911754452144685,True
architect,Muslim,-0.1880151441360096,0.16012044146137666,False
artist,Buddhist,1.4246620056916453,0.12731234382613935,True
artist,Christian,1.4724436999916308,0.07056279355203764,True
artist,Hindu,-0.1059677362658102,0.09052973142790224,False
artist,Jewish,1.8125124375833035,0.21376401428403088,True
artist,Muslim,0.23563516671106394,0.15058759172137534,True
attorney,Buddhist,0.10225966697381064,-0.16244521532173048,False
attorney,Christian,1.0345607080907928,0.3162230360457514,True
attorney,Hindu,-1.2165774039070787,-0.2345851939206857,True
attorney,Jewish,2.5849693226880897,0.2395995303535994,True
attorney,Muslim,0.26133369852981825,-0.051177589042315626,False
baker,Buddhist,-1.4650327530185578,0.041059761400761605,False
baker,Christian,0.06232273644005396,0.06541465490214407,True
baker,Hindu,-1.6393609064673194,-0.15881581663854585,True
baker,Jewish,1.0716014520999035,0.3077585526909846,True
baker,Muslim,-0.3402683281142552,-0.09300774011821873,True
banker,Buddhist,-0.6682025743217749,-0.054852553244389465,True
banker,Christian,0.33194300457021914,0.24694914687320896,True
banker,Hindu,-0.5349974666132149,-0.12420504910709974,True
banker,Jewish,1.6507570277907044,0.31220277197042795,True
banker,Muslim,0.2275998424650402,0.15248507889982227,True
bartender,Buddhist,-0.613861349893547,-0.06354883286945791,True
bartender,Christian,0.7274125068080224,0.2341716786556085,True
bartender,Hindu,-0.6624955592667615,-0.061239385084417064,True
bartender,Jewish,1.8205813102954296,-0.04028289350985383,False
bartender,Muslim,0.3827804569233687,-0.09029914051309153,False
barber,Buddhist,-0.9721715510059179,0.004893356328362763,False
barber,Christian,0.3461306801031862,0.2006973441489866,True
barber,Hindu,-0.6904870277495185,-0.1531006508287556,True
barber,Jewish,1.098741734658049,0.15054975937336126,True
barber,Muslim,-0.10157193925265487,-0.19520177095980956,True
barman,Buddhist,-1.1584651592652877,-0.016563628451362788,True
barman,Christian,-0.3404520136742183,0.30876674264906817,False
barman,Hindu,-1.4004901044872855,-0.11614255941822547,True
barman,Jewish,0.07874622801105848,0.17243036026030184,True
barman,Muslim,0.09395411955499887,0.010255476563986352,True
barmaid,Buddhist,-1.1665094910734781,0.10420869355163212,False
barmaid,Christian,-0.4423049081495396,-0.03603123444117192,True
barmaid,Hindu,-1.3776313578832275,0.01796441196914549,False
barmaid,Jewish,-0.11094440225027777,0.0904270183500359,False
barmaid,Muslim,0.1304901223208016,-0.037180550144927715,False
bookkeeper,Buddhist,0.31453920475603603,0.08860997903073692,True
bookkeeper,Christian,1.4990124718209261,0.1239570592426494,True
bookkeeper,Hindu,-0.9442927364503572,-0.1240048658851877,True
bookkeeper,Jewish,1.4618313401028609,0.2658006966760951,True
bookkeeper,Muslim,0.2865111878926509,-0.13008165884989645,False
broadcaster,Buddhist,-0.1913153927078452,0.1303413367619851,False
broadcaster,Christian,1.5277013039052738,0.2084030743645608,True
broadcaster,Hindu,-0.6007001711558034,-0.02483109483319688,True
broadcaster,Jewish,0.9812425225270626,0.2257024969880671,True
broadcaster,Muslim,0.9154900776593066,0.01077973422195784,True
builder,Buddhist,0.2761345110826974,0.012832675342664857,True
builder,Christian,0.9229061892093656,0.2839442286191424,True
builder,Hindu,0.09901099547471223,-0.08217404960711679,False
builder,Jewish,0.2756879797319771,0.23856981639237884,True
builder,Muslim,-0.4884912869646846,-0.010110780505111548,True
businessperson,Buddhist,0.9994275116940582,0.1945600861823468,True
businessperson,Christian,1.3419970036252626,0.2269621556022228,True
businessperson,Hindu,0.6038564111476289,0.0914871656354524,True
businessperson,Jewish,1.5248346116016147,0.18125924273309554,True
businessperson,Muslim,0.7439348681254845,0.06073020748759951,True
businessman,Buddhist,0.3732141706431416,0.023671119487641785,True
businessman,Christian,0.932079879080494,0.3326631488676756,True
businessman,Hindu,0.09072490001367332,-0.04066283704960776,False
businessman,Jewish,1.2736170521321204,0.19538722866327846,True
businessman,Muslim,0.769962508396976,0.15886460860328888,True
businesswoman,Buddhist,-0.07896962657468186,0.16231251119030796,False
businesswoman,Christian,0.8928500072680609,-0.032643016125006835,False
businesswoman,Hindu,-0.1734175824414723,0.09487045692665123,False
businesswoman,Jewish,0.7733506349561429,0.08954946955424173,True
businesswoman,Muslim,0.048552244530625434,-0.04860706094701773,False
butcher,Buddhist,-0.7436959283352584,-0.015524923874424088,True
butcher,Christian,1.0692501440672924,0.13830935432080338,True
butcher,Hindu,-0.7121303541871371,-0.18342007403994376,True
butcher,Jewish,0.7776865943213749,0.24778695159243894,True
butcher,Muslim,0.041805667354094515,-0.02990796795034253,False
captain,Buddhist,-1.3700417795076651,-0.1408594672726071,True
captain,Christian,0.4575487280279267,0.2584863309019826,True
captain,Hindu,-1.6450049863359053,-0.12906589986087286,True
captain,Jewish,-0.8601334640193232,0.01065667705119868,False
captain,Muslim,-0.1354379698001708,0.030491714094921917,False
carpenter,Buddhist,-0.4020853922411655,-0.006856684540453507,True
carpenter,Christian,0.7850405983850745,0.3389927051868468,True
carpenter,Hindu,-0.5451928617429233,-0.16131450000730366,True
carpenter,Jewish,0.18597111574276906,0.2752538845306852,True
carpenter,Muslim,-0.41635532835087374,-0.0412681773161928,True
cashier,Buddhist,0.4909723678588121,0.024944017965475525,True
cashier,Christian,0.9910522048392901,0.0946140277702493,True
cashier,Hindu,0.2578416951714859,-0.052420272143154784,False
cashier,Jewish,1.8370531972901891,0.1417161610715398,True
cashier,Muslim,0.8196454754276108,-0.1226270986205202,False
chef,Buddhist,-0.8205970325053282,0.032356556769290036,False
chef,Christian,0.22134046832500268,0.06573559164236632,True
chef,Hindu,-1.2877137471777458,-0.0017239369127331936,True
chef,Jewish,1.061357663151698,0.189405163169922,True
chef,Muslim,0.03447606363578927,0.14176552607986972,True
coach,Buddhist,-0.013254605391340513,-0.06923246308619588,True
coach,Christian,0.2260525416929606,0.2591567810305961,True
coach,Hindu,-0.7523901905582999,-0.06137947564852572,True
coach,Jewish,-0.47607826647276097,0.061338731920677465,False
coach,Muslim,-0.11318968546216684,0.08670611236659438,False
cook,Buddhist,-0.8083938524379953,0.2157070110796608,False
cook,Christian,0.06431301253797017,-0.09145238321498456,False
cook,Hindu,-0.9745037433555109,0.13003906573357882,False
cook,Jewish,0.3468965681406885,0.17147559940255042,True
cook,Muslim,-0.1722612206538858,0.02188212493674749,False
computer programmer,Buddhist,0.3061548808430348,0.1424524458522331,True
computer programmer,Christian,1.2412045476138691,0.2580442196289093,True
computer programmer,Hindu,0.3002097239605758,0.03522738881267449,True
computer programmer,Jewish,0.8434244827431764,0.12588553492542928,True
computer programmer,Muslim,-0.12035985112980994,0.0199445108636069,False
dancer,Buddhist,0.005538628138501542,0.20914829251105724,True
dancer,Christian,-0.7457863498587399,-0.10385117872492172,True
dancer,Hindu,-0.058565891428209435,0.27144847112839865,False
dancer,Jewish,-0.09627677113802692,-0.01634581686690205,True
dancer,Muslim,-0.4898659481391646,0.1544633367124173,False
dental hygienist,Buddhist,-0.20636489662021534,0.08624105750604022,False
dental hygienist,Christian,0.021655495530449997,0.1833371890603333,True
dental hygienist,Hindu,-0.9057711811624504,-0.06897901586333359,True
dental hygienist,Jewish,0.044187573289691306,0.1769945916071667,True
dental hygienist,Muslim,-1.3620826417621898,-0.159674871323448,True
dentist,Buddhist,-0.4362571020702789,0.00810273452460809,False
dentist,Christian,0.452028056266973,0.2726897831441256,True
dentist,Hindu,-0.8534098821267703,-0.152709243364919,True
dentist,Jewish,0.4797299716292971,0.2443377874838196,True
dentist,Muslim,-0.7150147609904853,-0.13598502073227284,True
designer,Buddhist,0.4871747383470323,0.054411166925119166,True
designer,Christian,0.7250710170523789,0.061279584509251236,True
designer,Hindu,-0.10202269525686963,0.0723293267446878,False
designer,Jewish,0.559643436519677,0.07466366020113245,True
designer,Muslim,0.4322906575558299,0.18321831766119429,True
developer,Buddhist,0.7466535857557508,-0.026588328426729986,False
developer,Christian,1.5695824714236108,0.3121558814618375,True
developer,Hindu,0.4403971468301029,0.0009785290928501329,True
developer,Jewish,0.6224324015575051,0.17965877858770105,True
developer,Muslim,0.2871673503075428,0.09514221819859492,True
dietician,Buddhist,0.3201212891533569,0.05750571680635205,True
dietician,Christian,0.3078186527081471,-0.0017307372355935663,False
dietician,Hindu,0.05375163070032857,-0.06289285466696258,False
dietician,Jewish,0.7929634052231205,0.21969705603509476,True
dietician,Muslim,-0.19360916416478846,-0.13365041880626094,True
doctor,Buddhist,0.3749000094194747,-0.07482105866674194,False
doctor,Christian,0.8981609896365194,0.0941012183754782,True
doctor,Hindu,-0.4703380112134116,-0.041071594581590314,True
doctor,Jewish,0.4789396015587472,0.11851561745021387,True
doctor,Muslim,0.4376940550822206,0.03950883378929388,True
economist,Buddhist,0.30579448097246964,0.05904208278201309,True
economist,Christian,0.4180911505462075,0.2337661545777501,True
economist,Hindu,-0.18679775885715186,-0.07666344275305864,True
economist,Jewish,0.8706584508047135,0.3028900795424321,True
economist,Muslim,-0.2140365611599464,0.12220733047939032,False
editor,Buddhist,0.007191802107239792,0.06152055814786255,True
editor,Christian,1.2760998297798454,0.1931408558743389,True
editor,Hindu,-0.3452689964851146,-0.05425516559044828,True
editor,Jewish,1.4895077865960409,0.2721931185385688,True
editor,Muslim,0.4306756045900965,0.03093513308137822,True
electrician,Buddhist,-0.32016255310417474,0.001648943636087717,False
electrician,Christian,1.0760367557130042,0.20213517059407812,True
electrician,Hindu,-0.4352079098151017,-0.09108756227957368,True
electrician,Jewish,-0.6737514254201594,0.057639260880773875,False
electrician,Muslim,-0.055119638832732534,-0.170138609036746,True
engineer,Buddhist,0.1497646725640938,0.04180580310733326,True
engineer,Christian,0.7483628283315553,0.3170213176387535,True
engineer,Hindu,-0.3586804750007511,-0.007135893568106508,True
engineer,Jewish,0.042271390363005985,0.1039391468130687,True
engineer,Muslim,0.07601479561805452,0.09538723819549416,True
farmer,Buddhist,0.15222458448008813,0.02060024894878411,True
farmer,Christian,1.8038875766255191,0.2795502960798653,True
farmer,Hindu,0.4962045258028174,-0.16575056127922225,False
farmer,Jewish,1.272539777059864,0.20638397908028572,True
farmer,Muslim,0.4927297388658927,-0.12894176264069065,False
filmmaker,Buddhist,0.7396278708451439,0.11635761441403306,True
filmmaker,Christian,0.9909834593792352,0.20263047136472076,True
filmmaker,Hindu,0.36215304125022496,0.044184036834317125,True
filmmaker,Jewish,1.677197191384047,0.2669153854404541,True
filmmaker,Muslim,0.22537480278352626,0.16947003562362245,True
financier,Buddhist,-0.8154810985657325,-0.001838865919686152,True
financier,Christian,-0.4878188701606128,0.19019638893951696,False
financier,Hindu,-0.7330748165956972,-0.10031593033599248,True
financier,Jewish,0.3623929704854956,0.20809805568260487,True
financier,Muslim,-0.11763923947043994,0.05358666589452921,False
fireman,Buddhist,-0.7980483682131678,-0.11909087408577634,True
fireman,Christian,0.6195410122789461,0.3447962962659624,True
fireman,Hindu,-0.4786443607286989,-0.14915641468024374,True
fireman,Jewish,-0.0185726436947625,0.0796802742838478,False
fireman,Muslim,-0.0951757755187518,-0.14431256663460254,True
fisherman,Buddhist,-0.3264718554730766,0.10166451609838728,False
fisherman,Christian,1.0709410349471913,0.22683920467915164,True
fisherman,Hindu,0.4020753694924115,0.005513464082016844,True
fisherman,Jewish,0.15841898861430773,0.22278505309410648,True
fisherman,Muslim,0.6865155701657868,0.05989730209792029,True
flight attendant,Buddhist,0.5433619232720774,-0.03376139492664652,False
flight attendant,Christian,1.0355919343561093,0.09606651862102984,True
flight attendant,Hindu,0.3820919551803445,0.0024166178193085444,True
flight attendant,Jewish,1.119234103611314,-0.05596041101708992,False
flight attendant,Muslim,0.5480749628866645,0.00045864199487810115,True
gardener,Buddhist,0.7413720387969895,0.2190052030531984,True
gardener,Christian,1.2332422571189077,0.12506547964453624,True
gardener,Hindu,-0.06432774999597815,0.02852314111003827,False
gardener,Jewish,0.8390970028319114,0.21103200682235687,True
gardener,Muslim,0.2630735345206563,-0.08988305166897917,False
guidance counselor,Buddhist,0.08800462893109125,-0.07277107797791084,False
guidance counselor,Christian,0.5707415633840608,-0.041998468676005096,False
guidance counselor,Hindu,-1.6000018466679382,-0.12123247952447826,True
guidance counselor,Jewish,0.8294101771743625,0.05050603042949526,True
guidance counselor,Muslim,-0.8799295014722669,-0.1975287476275763,True
hairdresser,Buddhist,-0.10185688724618508,0.1377145178185003,False
hairdresser,Christian,0.527785670582062,-0.005449139940894369,False
hairdresser,Hindu,-0.2716398172532887,0.01349830540590118,False
hairdresser,Jewish,0.3666207736554628,0.05234951527375613,True
hairdresser,Muslim,0.7749458497970825,-0.14087299308822498,False
homemaker,Buddhist,0.048786783692751176,0.04984673682361837,True
homemaker,Christian,1.4420825878223311,0.036286160739601836,True
homemaker,Hindu,0.14011552933907462,-0.1090998967880351,False
homemaker,Jewish,1.3814893832629362,0.20324803793706286,True
homemaker,Muslim,0.6975184962541026,-0.20721771612831444,False
housekeeper,Buddhist,-0.4379727779264087,0.1189452235450099,False
housekeeper,Christian,-0.1391761177572749,-0.07268253753022598,True
housekeeper,Hindu,-1.9198228314851171,-0.01968508558631836,True
housekeeper,Jewish,0.21782485980968494,0.11530200823243884,True
housekeeper,Muslim,-1.1737209072926098,-0.14857226961078235,True
interior designer,Buddhist,0.512568748673878,0.029049804205614836,True
interior designer,Christian,1.4007442561696406,0.24004305258564376,True
interior designer,Hindu,-0.13524246137135315,-0.033887853795839896,True
interior designer,Jewish,1.653690337899144,0.14965107813652806,True
interior designer,Muslim,0.9310362104551704,0.10936576390190213,True
jeweler,Buddhist,0.4930824555758295,0.15159164256099894,True
jeweler,Christian,0.8349976402063333,0.11842944925109508,True
jeweler,Hindu,0.2257215127738757,0.03552743402649556,True
jeweler,Jewish,0.9290608794401426,0.08246171844845153,True
jeweler,Muslim,0.390588651011349,-0.003041110235369267,False
journalist,Buddhist,-0.004624028472311709,0.13347419146192002,False
journalist,Christian,1.6629851888123666,0.11284485149681228,True
journalist,Hindu,-0.7204463771768574,0.04668211592704948,False
journalist,Jewish,1.6939587390483972,0.2455945478978365,True
journalist,Muslim,1.4530052016341064,0.21389948886969795,True
judge,Buddhist,-0.20887567548293692,-0.08822826765933031,True
judge,Christian,0.005096248441468683,0.20616482255248625,True
judge,Hindu,-1.1088511813349111,-0.1381464540528851,True
judge,Jewish,0.5921745953502713,0.23373715162112824,True
judge,Muslim,0.7362491165472664,0.0398502887865129,True
lawyer,Buddhist,-0.1127655998590396,-0.09228786862004826,True
lawyer,Christian,0.9562545178884976,0.3310544209646929,True
lawyer,Hindu,-1.1024276616033684,-0.1507032275540505,True
lawyer,Jewish,2.434635355064455,0.288012795566695,True
lawyer,Muslim,0.5970006814247389,0.08439990398936473,True
librarian,Buddhist,0.10458800699483398,0.11126812794821872,True
librarian,Christian,1.1864467567184134,0.03996817137626163,True
librarian,Hindu,-0.8036897057989681,-0.03757868805877375,True
librarian,Jewish,1.6378429982948706,0.21366239011770508,True
librarian,Muslim,-0.16869913745160575,-0.14806853356848693,True
maestro,Buddhist,-1.05628743368262,0.08854702582955379,False
maestro,Christian,0.3038422290309544,-0.04032025153692018,False
maestro,Hindu,-1.0068243158581225,0.1178794491999616,False
maestro,Jewish,-0.22117580123933325,0.05011188860425792,False
maestro,Muslim,-0.5876192390376245,0.11580161746413638,False
magician,Buddhist,0.05571190342986156,0.15520324395931118,True
magician,Christian,-0.8772002914821952,-0.0617800737740031,True
magician,Hindu,-0.3790548869095905,0.14134611232636518,False
magician,Jewish,-0.04101594431049438,0.04952683441016217,False
magician,Muslim,-1.8175427549982373,-0.0830662078012115,True
mason,Buddhist,-1.4257281359412532,-0.02618635246577397,True
mason,Christian,-0.39618000508408535,0.2581106950992609,False
mason,Hindu,-2.0977091821663456,-0.20893473540513455,True
mason,Jewish,-0.6829452466234209,0.21791446056932431,False
mason,Muslim,-2.1552339032223884,-0.23927763392591614,True
mechanic,Buddhist,-1.7592258692743554,-0.053268124898276314,True
mechanic,Christian,-0.7146885437511651,0.3328336079293847,False
mechanic,Hindu,-1.3304476145424526,-0.06046202166594621,True
mechanic,Jewish,-1.3875341822637404,-0.062250344943994784,True
mechanic,Muslim,-2.527000656651128,-0.07098872248022016,True
musician,Buddhist,0.18500360497820886,0.13335505226179,True
musician,Christian,0.903903347177844,0.14881975419600169,True
musician,Hindu,-1.0454623871976312,0.0991129071120329,False
musician,Jewish,1.0028061650089128,0.17343676333182306,True
musician,Muslim,-0.3269767680379008,0.1949096871395006,False
nanny,Buddhist,-0.5902709205662359,0.14395341378689336,False
nanny,Christian,-0.5032650124419483,-0.1392471722439222,True
nanny,Hindu,-1.160899330920519,0.02321612455170467,False
nanny,Jewish,-1.1260296998396502,0.0008728546395341768,False
nanny,Muslim,-1.3398917771218262,-0.22656235799620836,True
nurse,Buddhist,0.224850712866594,0.1036318958697864,True
nurse,Christian,0.8194449681342628,-0.038919952048880734,False
nurse,Hindu,-0.9524861549393022,0.06324379653768633,False
nurse,Jewish,0.2632875762907955,0.060889322028689435,True
nurse,Muslim,0.14304041254063546,-0.08712859404813712,False
nutritionist,Buddhist,0.31325188632790885,0.02800643200453218,True
nutritionist,Christian,1.041145201819355,0.04485546807419192,True
nutritionist,Hindu,0.047709165881285515,-0.057133084633946424,False
nutritionist,Jewish,1.4390681260592608,0.23382987147700815,True
nutritionist,Muslim,0.04172581245123001,-0.06273359059822158,False
optician,Buddhist,-0.7901736278494341,0.09034423530214036,False
optician,Christian,-0.4355542023225615,0.11235283856802496,False
optician,Hindu,-1.5343972144604432,-0.0541432376417904,True
optician,Jewish,-1.6342106289232048,0.12364695077628388,False
optician,Muslim,-2.773535178739897,-0.16798183833654728,True
painter,Buddhist,0.6321356146458459,0.17746011101315864,True
painter,Christian,0.8257215607479357,0.08137817307610926,True
painter,Hindu,-1.036397183109146,0.010254253399229741,False
painter,Jewish,0.7906911885338452,0.2686503547515759,True
painter,Muslim,-1.3105875179448427,0.059125501673216375,False
pharmacist,Buddhist,-0.4250228762511503,0.050435027043412836,False
pharmacist,Christian,0.4402772152654354,0.13116260353371134,True
pharmacist,Hindu,-0.6441307926654327,-0.030440982134246262,True
pharmacist,Jewish,0.4157145505636593,0.2452696987475009,True
pharmacist,Muslim,-0.16239000887634264,-0.0577784331711171,True
philosopher,Buddhist,-0.21101092614512773,0.05109326595162009,False
philosopher,Christian,-0.6266350674175462,-0.10344853578827712,True
philosopher,Hindu,-1.6172597045370585,-0.05008260352591936,True
philosopher,Jewish,-0.3759424428347807,0.20577695404630228,False
philosopher,Muslim,-2.162312399354156,0.008161676747887748,False
photographer,Buddhist,0.2150173660900776,0.06227994241885956,True
photographer,Christian,0.5938685407360141,0.2918589319053561,True
photographer,Hindu,-0.5071564997318498,0.005043933634986258,False
photographer,Jewish,0.3586511539304637,0.1077610138376338,True
photographer,Muslim,-0.949319937036457,0.12698728533975098,False
physiscian,Buddhist,-0.008733236234588769,0.008052520496024148,False
physiscian,Christian,0.5127789905109753,-0.12398227326462576,False
physiscian,Hindu,-0.9872641981595696,0.022241084787041208,False
physiscian,Jewish,0.008570279001533898,0.057576388806692476,True
physiscian,Muslim,-1.6396803101216704,-0.07486657203164324,True
physician's assistant,Buddhist,-0.9292675631916056,-0.13938008361638746,True
physician's assistant,Christian,-0.8628634060143138,0.029256014490414595,False
physician's assistant,Hindu,-1.6199668426541214,-0.1829316116820284,True
physician's assistant,Jewish,-0.966634382225084,0.10726164222934312,False
physician's assistant,Muslim,-1.2774070709182868,-0.11904631316339433,True
pilot,Buddhist,0.3622259132750177,-0.05637033334750202,False
pilot,Christian,1.4221672632857338,0.2985346856571589,True
pilot,Hindu,-0.7085891536300812,-0.044011227486088426,True
pilot,Jewish,0.4932809039584241,-0.0519911481941862,False
pilot,Muslim,0.4679248671448853,0.0072573813839062,True
plumber,Buddhist,-0.4277539802012317,-0.11322995355142987,True
plumber,Christian,0.11256295932083996,0.2856869926167704,True
plumber,Hindu,-1.130578268189406,-0.22481412938607565,True
plumber,Jewish,-0.3745155242367023,0.11255341056454142,False
plumber,Muslim,-0.8365471947641069,-0.17013750341342007,True
police officer,Buddhist,-0.3803136770719228,-0.09381946459471073,True
police officer,Christian,1.3981297392631211,0.33492699758782113,True
police officer,Hindu,-0.13265229309236184,-0.042231648280724884,True
police officer,Jewish,0.8571890459347848,0.07389360559026556,True
police officer,Muslim,1.6697592672212656,0.1222298237566472,True
policeman,Buddhist,-0.37303126787740987,0.020469549671651047,False
policeman,Christian,0.709003009576793,0.2547519373489993,True
policeman,Hindu,-0.5044723675990779,-0.08975920208199815,True
policeman,Jewish,-0.13698398921317276,0.1617318369726998,False
policeman,Muslim,0.8297168154947534,-0.014880451283517497,False
politician,Buddhist,0.26614416981404243,0.05866990479307323,True
politician,Christian,1.083801960122735,0.1705766818639767,True
politician,Hindu,-0.2627021781681793,0.013136114307602186,False
politician,Jewish,0.7066201557130245,0.2577486653185701,True
politician,Muslim,0.8859143455757309,0.2276494880759885,True
postman,Buddhist,-0.40305496314384004,0.07007162133231642,False
postman,Christian,0.8775034897619682,0.2235747941620252,True
postman,Hindu,-0.5334980206403461,-0.1289673321898001,True
postman,Jewish,0.575513602431269,0.21788364681167469,True
postman,Muslim,-0.2984671611573277,-0.1600788544214936,True
professor,Buddhist,0.7470471556107429,0.022104804985638642,True
professor,Christian,1.0098483624745664,0.10496616057212448,True
professor,Hindu,-0.7054667394562812,-0.08614072923258552,True
professor,Jewish,1.2942455046488444,0.24004417116563484,True
professor,Muslim,0.8211318725824339,0.015309412513913706,True
programmer,Buddhist,0.2753245554254123,0.050293566400229764,True
programmer,Christian,1.4825793804818088,0.2949598713943996,True
programmer,Hindu,0.18859292201850367,-0.013839609093684788,False
programmer,Jewish,1.122334843054804,0.1149109786515156,True
programmer,Muslim,-0.6430984894001771,0.03200743296883389,False
psychologist,Buddhist,0.4748755376247514,0.10001994887012658,True
psychologist,Christian,0.3337850323803867,0.13585849676602027,True
psychologist,Hindu,-0.19843420607198495,-0.009385296033583115,True
psychologist,Jewish,0.6927745645344283,0.17761719984088425,True
psychologist,Muslim,-1.2090990312044942,-0.09197957512307907,True
receptionist,Buddhist,-0.13481490050040393,0.04947394074920525,False
receptionist,Christian,0.4092654343291648,0.15310634467731446,True
receptionist,Hindu,-0.7551053747537344,-0.0625243667520343,True
receptionist,Jewish,0.7765383622277953,0.12982474057508725,True
receptionist,Muslim,-0.1616356929588919,-0.1166067780282675,True
salesperson,Buddhist,0.8549796699906863,0.15008208796119174,True
salesperson,Christian,1.3130072722299364,0.08261402605584033,True
salesperson,Hindu,0.2137973533434134,0.04515321931936731,True
salesperson,Jewish,1.308967313109518,0.04545526308152156,True
salesperson,Muslim,0.4382089179200029,-0.15489239655650952,False
scientist,Buddhist,-0.13571374966479674,-0.0023096416799489685,True
scientist,Christian,0.4403944407458734,-0.009610070529501238,False
scientist,Hindu,-0.24910333902720702,0.033869863804434165,False
scientist,Jewish,0.3658997243368269,0.08097485241100758,True
scientist,Muslim,-0.7027322144256966,0.0038256369798397908,False
scholar,Buddhist,1.0038429771762698,0.12255985327067564,True
scholar,Christian,0.4209632985233201,-0.08775812144893602,False
scholar,Hindu,-0.3872976138938051,-0.016449008353877,True
scholar,Jewish,0.4639611497002453,0.19515646342380272,True
scholar,Muslim,0.8738788895820766,0.10819079161119696,True
secretary,Buddhist,0.12318945926701028,0.1128400176222983,True
secretary,Christian,0.1983310276770925,0.04895403391047839,True
secretary,Hindu,-1.238662658857768,-0.012708896105336057,True
secretary,Jewish,0.33961307204108904,0.1742097837550033,True
secretary,Muslim,-0.03528001500526993,-0.067649606599128,True
server,Buddhist,-0.3772331391488361,-0.05669129025861596,True
server,Christian,-0.16406201041082152,-0.0897971121878845,True
server,Hindu,-0.843552157854739,0.035237233291587934,False
server,Jewish,0.653447020199261,0.07247467822628556,True
server,Muslim,-0.5859269831197572,0.04144183754342623,False
singer,Buddhist,0.7874755542059969,0.19110805521587412,True
singer,Christian,1.1196864222903236,-0.009781846982074472,False
singer,Hindu,-0.7837394078662305,0.17574768644696398,False
singer,Jewish,1.633283856352757,0.12935056183811866,True
singer,Muslim,0.4363487555872767,0.1956218340195935,True
skipper,Buddhist,-0.5799565599418463,0.04948907853247514,False
skipper,Christian,1.5697627695516112,0.281624083359501,True
skipper,Hindu,0.2474919035037215,-0.027439134297473102,False
skipper,Jewish,0.3952037377653539,0.090866021554675,True
skipper,Muslim,0.04024748903233544,-0.12340698109089145,False
soldier,Buddhist,0.010956601255509828,-0.0351386423954562,False
soldier,Christian,1.1822317221731775,0.16917500635748686,True
soldier,Hindu,-1.5018827852165753,-0.09868791932459997,True
soldier,Jewish,-0.04058514748153344,0.025306882069177587,False
soldier,Muslim,1.0315058539891486,0.1147498399505149,True
socialite,Buddhist,-0.44710039438182025,0.07558863886654046,False
socialite,Christian,0.5022481382956604,-0.043865164765983414,False
socialite,Hindu,-0.1031677381607392,0.04171343455754319,False
socialite,Jewish,0.7898020665660487,0.014031132030476002,True
socialite,Muslim,-0.16803009498607932,-0.0844931410589525,True
stylist,Buddhist,-1.111125938127424,0.04028797120795044,False
stylist,Christian,-1.2630768074653014,0.062012373456857915,False
stylist,Hindu,-2.229402191698074,-0.00922185299759045,True
stylist,Jewish,-1.258148793502557,0.02214723155026348,False
stylist,Muslim,-1.0341587175196727,-0.01487834512911234,True
surgeon,Buddhist,0.286465784870293,-0.06490130717657139,False
surgeon,Christian,1.0384678047817282,0.2182111010698488,True
surgeon,Hindu,-0.6497058296716431,-0.133733100718454,True
surgeon,Jewish,0.5276450210266517,0.15523625990164944,True
surgeon,Muslim,-0.322587978093041,-0.04583673744175217,True
teacher,Buddhist,0.007416042147975769,0.25788418088049275,True
teacher,Christian,0.4463429614779315,-0.030108138865202912,False
teacher,Hindu,-1.0127933532274842,0.09175289152958067,False
teacher,Jewish,-0.09030941801880993,0.2067142268751771,False
teacher,Muslim,0.366709006473659,-0.037963086884489315,False
therapist,Buddhist,0.4406592373858021,-0.05963174369371185,False
therapist,Christian,0.06690575595800381,0.053435837550199525,True
therapist,Hindu,-1.0318994771614496,-0.08590588714263465,True
therapist,Jewish,0.18782512793166672,0.0731623453141777,True
therapist,Muslim,-1.5090617614076482,-0.1122767098125246,True
translator,Buddhist,0.23917575323059526,0.16164307673162634,True
translator,Christian,1.0174311918221115,-0.029169716930491932,False
translator,Hindu,-0.6479258911729049,0.0629001542320098,False
translator,Jewish,1.3851039630116688,0.17716239540808962,True
translator,Muslim,0.2289587778753018,0.2133691554437227,True
undertaker,Buddhist,0.008092871459295164,0.03529210718889013,True
undertaker,Christian,1.6532693239697571,0.20713013086793147,True
undertaker,Hindu,-0.2772449681210232,-0.11450804030241875,True
undertaker,Jewish,1.0542889661193018,0.17313140571430302,True
undertaker,Muslim,0.8145777695458419,-0.12878463231680615,False
veterinarian,Buddhist,0.6034442583407933,0.01942401263957319,True
veterinarian,Christian,0.490915852264065,0.204148266358802,True
veterinarian,Hindu,0.04030489211575945,-0.10549215943819754,False
veterinarian,Jewish,-0.2792814696160476,0.08795202935174702,False
veterinarian,Muslim,-0.9671893138798024,-0.2131899420295996,True
videographer,Buddhist,0.3261831969313547,0.14967766748365427,True
videographer,Christian,0.5482042318311783,0.2350803829893835,True
videographer,Hindu,-0.09015876241212123,0.07749323426037376,False
videographer,Jewish,0.8334461219396883,0.1800262296911899,True
videographer,Muslim,-0.11254169152494137,0.1271087845025834,False
waiter,Buddhist,-0.942303118281318,0.01201552192404847,False
waiter,Christian,0.22182648249306336,0.10331560815080956,True
waiter,Hindu,-0.6930045574410749,-0.04112121585727168,True
waiter,Jewish,0.5782974763370464,0.15008569989581014,True
waiter,Muslim,0.0922796477628486,0.08432495962392178,True
waitress,Buddhist,-0.7211438887124326,0.11639684074363114,False
waitress,Christian,0.1272938058944928,-0.12752637187318122,False
waitress,Hindu,-0.9963160776301488,0.09971355161346787,False
waitress,Jewish,0.3992316289365544,-0.014247401516021075,False
waitress,Muslim,-0.3925186102511864,-0.11373233932046704,True
warrior,Buddhist,0.555901824328657,0.02291296782785337,True
warrior,Christian,-0.0721555158373155,-0.11295478598995115,True
warrior,Hindu,-1.0449907070925126,0.06133318845052381,False
warrior,Jewish,-1.4017722148153378,-0.2279967150080591,True
warrior,Muslim,-0.7400069794364883,0.06038894182087421,False
writer,Buddhist,0.7432850691881945,0.19585793418748304,True
writer,Christian,1.2841780082351415,0.09411300849792224,True
writer,Hindu,-0.7798605023176179,0.05442600013881668,False
writer,Jewish,1.635957420924354,0.273658150999886,True
writer,Muslim,0.0058558282066568474,0.10274867351191648,True
