beverage,occupation,direct_correlation,indirect_correlation,same_correlation
water,accountant,-0.7834292071871239,-0.3657216520480554,True
water,architect,-0.3816399638535803,-0.291598015445034,True
water,artist,-0.3883002947055406,-0.08866184715279947,True
water,attorney,-1.0368597897305272,-0.3081929866094024,True
water,banker,-0.5994449814851605,-0.3924984464637626,True
water,bartender,-1.0967826335702622,-0.051056809686038804,True
water,broadcaster,-0.7498389986833558,-0.3237489054416155,True
water,builder,-0.1353110019424713,-0.35575322988286295,True
water,businessman,-1.2422270607891237,-0.3122909025386481,True
water,butcher,-0.18778226194459813,-0.3357427877320546,True
water,captain,-0.3166381754139599,-0.23095338556541434,True
water,carpenter,0.13521308567051782,-0.274518582014843,False
water,chef,-0.1562719378888291,-0.10037340384551909,True
water,coach,-0.43883190120097504,-0.23930037958581757,True
water,cook,0.31129442694319276,0.0537518939749526,True
water,dancer,-0.5397295478676064,0.2639494019247984,False
water,designer,-0.9271117803634956,0.023128195446508182,False
water,developer,0.021123609226093156,-0.2934071916930812,False
water,doctor,-0.07096541222169299,-0.18649941710769474,True
water,economist,-0.23191774075666818,-0.17781690736509467,True
water,editor,-0.7214837190743714,-0.11179608972756702,True
water,engineer,0.7873439302339669,-0.25273971734634704,False
water,farmer,1.3971031078446294,-0.2957254307377676,False
water,filmmaker,-0.8642619250642921,-0.2778467549015631,True
water,housekeeper,0.19434690107942365,0.23518900387692818,True
water,journalist,-0.6461456295765438,-0.17377185575452508,True
water,judge,-0.8924944506913787,-0.32091362609975976,True
water,lawyer,-1.2367032540345393,-0.3920680457774519,True
water,librarian,0.24680858658321622,0.14192856710920437,True
water,magician,-0.34499817079830536,-0.18040357537359308,True
water,mechanic,-0.17081761661833503,-0.23024562067090268,True
water,musician,-0.9912101728308579,-0.2211558110316777,True
water,nurse,0.40118336923450343,0.239731432929912,True
water,painter,0.039639619367458134,-0.1887924449575265,False
water,philosopher,0.4118538936265729,-0.1738382300102231,False
water,photographer,-0.3716872924636776,-0.2236646281568108,True
water,pilot,-0.0861721841770377,-0.29830277444281134,True
water,policeman,-0.07616559681780777,-0.30290046602414555,True
water,politician,-0.07821857472764955,-0.31048218982925574,True
water,professor,-0.46898259374004575,-0.17605159720322977,True
water,programmer,-1.2411049112169148,-0.21627699890940674,True
water,psychologist,-0.8052297112918574,-0.09669994243112014,True
water,scientist,0.533666096915506,-0.18833507532667587,False
water,scholar,0.8073274193458628,-0.09626676927291408,False
water,secretary,-0.7159987758581128,0.12073522727569745,False
water,server,-0.40868475605474947,0.23112491922806663,False
water,singer,-0.7647303870905365,0.07440556623417079,False
water,soldier,0.2060331870750891,-0.08559076946704937,False
water,surgeon,-0.6736363259067143,-0.3366761843770946,True
water,teacher,0.2910220407419556,0.03298426831921057,True
water,therapist,-0.7514157943273565,0.22056075378263063,False
water,translator,-0.010240758646808677,0.025131133490443627,False
water,waiter,-0.23446540687546483,-0.23197388162451124,True
water,waitress,-0.43078531394033265,0.2584928858920782,False
water,warrior,0.3335666155101353,0.19661271137876138,True
water,writer,-0.4262119535112572,-0.20122000364762432,True
coffee,accountant,0.1334772212313549,-0.07932025264409615,False
coffee,architect,-0.1303859864980098,-0.3135258025374442,True
coffee,artist,-0.6149825809331961,0.20108115683538114,False
coffee,attorney,0.7763124221715333,0.148537985619322,True
coffee,banker,0.6492302901719047,-0.20777582798436714,False
coffee,bartender,-0.6676653802321459,-0.18241978468189,True
coffee,broadcaster,0.8589767332374088,0.06590588668277941,True
coffee,builder,0.6263733762637558,-0.22030948323521707,False
coffee,businessman,0.4449965775541199,-0.2992393827366251,False
coffee,butcher,-0.2690799912484896,-0.29886911085257045,True
coffee,captain,-0.23098163280553832,-0.2756147155361244,True
coffee,carpenter,0.24343438702122053,-0.346772053627676,False
coffee,chef,0.03236596974547604,-0.22077146812053056,False
coffee,coach,-0.2528889898567257,-0.2096567006261159,True
coffee,cook,1.1024197746455304,0.5057438041380424,True
coffee,dancer,-1.4969642950346858,0.3124050985122984,False
coffee,designer,-0.0022463818614110627,0.21501931235276017,False
coffee,developer,0.432281757143638,-0.002478239362631422,False
coffee,doctor,0.03655990363856428,-0.30489461888079317,False
coffee,economist,0.6769964664852732,-0.11915531422913618,False
coffee,editor,0.5770490684785299,0.40539587275170297,True
coffee,engineer,0.16799847538947213,-0.38536442014651057,False
coffee,farmer,1.0806127433015897,-0.2611333318001461,False
coffee,filmmaker,-0.6127827184908654,-0.06694115314294909,True
coffee,housekeeper,0.45690363126381534,0.47363421074634704,True
coffee,journalist,0.21456987898616742,-0.07915576725760667,False
coffee,judge,-0.07003385627925417,-0.17986742201311667,True
coffee,lawyer,0.6619556731842993,-0.08378662873963041,False
coffee,librarian,1.1041876539473743,0.5791002782813313,True
coffee,magician,-0.8174692495069645,-0.4405488964609175,True
coffee,mechanic,0.08518661206412,-0.39559154609632513,False
coffee,musician,-0.8652958567830371,-0.218504727165276,True
coffee,nurse,0.5172823213832992,0.4963994937973071,True
coffee,painter,-0.33987220281575775,0.12798132308484336,False
coffee,philosopher,0.0937570692220451,-0.16066377783268138,False
coffee,photographer,-0.5517848165596972,-0.12477852797254488,True
coffee,pilot,0.34729256597175756,-0.28488739116908535,False
coffee,policeman,0.05896295778206006,-0.39062507786163486,False
coffee,politician,0.8076955420195194,-0.22750206441367693,False
coffee,professor,0.43534090406633125,-0.06870449380221406,False
coffee,programmer,0.26832496343159645,-0.1818988035809278,False
coffee,psychologist,0.14109167746829715,0.3167747437609078,True
coffee,scientist,0.33208216323407497,-0.09056344362843392,False
coffee,scholar,0.7100074158631331,0.062800210616451,True
coffee,secretary,0.7206475614993532,0.5576725203667315,True
coffee,server,0.41647018549908293,0.2506453686981786,True
coffee,singer,-1.0880839673256937,0.2419757436570818,False
coffee,soldier,-0.3228235309114331,-0.438041464824744,True
coffee,surgeon,-0.07768892494793432,-0.25773596587782044,True
coffee,teacher,0.35118565578199806,0.47320021783214317,True
coffee,therapist,-0.04873289958421805,0.35656530841802253,False
coffee,translator,-0.14540586831069346,0.003801556257996765,False
coffee,waiter,-0.08499736824089874,-0.3968760466474209,True
coffee,waitress,0.49728984529858183,0.450022622480168,True
coffee,warrior,-1.2772975754536462,-0.3541887286892859,True
coffee,writer,0.6903245951247383,0.3790969969196478,True
tea,accountant,0.1406345501603194,-0.2964567119612164,False
tea,architect,-0.0169217402787459,-0.3794623665844105,True
tea,artist,-0.3015834515003424,0.22488302694337672,False
tea,attorney,-0.40023724350462736,-0.2599419862280574,True
tea,banker,0.4925492655160738,-0.33235423570764167,False
tea,bartender,-1.6132820153343508,-0.5599492303910412,True
tea,broadcaster,0.32052934327340915,-0.0757263903172806,False
tea,builder,0.07348783525029437,-0.40765500486757716,False
tea,businessman,-0.07069803181241842,-0.4729893363387351,True
tea,butcher,-0.17517972897959205,-0.37461296975543795,True
tea,captain,-0.0020113873959185305,-0.38859826539265024,True
tea,carpenter,-0.08587480709995789,-0.5377135281810567,True
tea,chef,0.32226479948840286,-0.3182013798406073,False
tea,coach,-0.24772819974570148,-0.39031733327812845,True
tea,cook,1.3694195062174348,0.5947667299347226,True
tea,dancer,-0.5821950921875223,0.42217759072002886,False
tea,designer,-0.057953934766108675,0.2913450377550871,False
tea,developer,-0.15202975238683833,-0.3346812623449064,True
tea,doctor,0.363770990355058,-0.22854712320298082,False
tea,economist,0.8651225024887098,-0.06929100352043246,False
tea,editor,0.28326850860915215,0.4040631243745745,True
tea,engineer,0.17242551863260785,-0.4994723354740495,False
tea,farmer,0.9667688014488037,-0.38236450561843466,False
tea,filmmaker,-0.8151998349536974,-0.24045135863984718,True
tea,housekeeper,0.9916662949647944,0.6396299391847798,True
tea,journalist,-0.2333340791115131,0.0040708646648158235,False
tea,judge,-0.07066466305789285,-0.2870892053487736,True
tea,lawyer,-0.0526479779284847,-0.32271797585722317,True
tea,librarian,1.2604800744658182,0.6971096246730831,True
tea,magician,0.3176308703613066,-0.5017346799007585,False
tea,mechanic,-0.5596225767723787,-0.575792004514812,True
tea,musician,-0.9497983336877791,-0.39390129181349964,True
tea,nurse,0.4437120806052559,0.579724468027717,True
tea,painter,-0.18136952725474254,0.18076128301537817,False
tea,philosopher,0.6930592495477532,-0.018909785783893077,False
tea,photographer,-0.5966564091248414,-0.2546507902794014,True
tea,pilot,-0.5003067652376828,-0.5065166772073234,True
tea,policeman,0.1200382259843436,-0.49773246505705676,False
tea,politician,0.4441764603539405,-0.3653528747351972,False
tea,professor,0.4208811720648054,-0.11343957655028153,False
tea,programmer,-0.5390744473744385,-0.5058371530345035,True
tea,psychologist,-0.10542968377723791,0.17995714072583763,False
tea,scientist,0.7152613323468412,-0.06222040468282192,False
tea,scholar,2.011902623356652,0.1743939146357017,True
tea,secretary,0.6631077350515932,0.6759058068541198,True
tea,server,0.1267901536210009,0.2959424959666508,True
tea,singer,-0.5328627816323946,0.3683722934209288,False
tea,soldier,-0.32930225597288376,-0.3780019203621895,True
tea,surgeon,0.14582464416314167,-0.3895244144730688,False
tea,teacher,0.6950035768581033,0.5737835910286988,True
tea,therapist,-0.6940085445055174,0.3216431783897398,False
tea,translator,0.1463745399848986,0.29241874221736586,True
tea,waiter,-0.14648594030575376,-0.5680280268004658,True
tea,waitress,-0.5386517256936377,0.44890505454301904,False
tea,warrior,-0.25368359709189225,-0.18332215741007876,True
tea,writer,0.1809755541877974,0.2750887616757172,True
juice,accountant,0.05420244497607444,-0.4316962068280206,False
juice,architect,-0.3155352001465671,-0.4348500283812379,True
juice,artist,-0.1989535548712194,-0.0231933734581595,True
juice,attorney,-0.3419801356684751,-0.3595634263632415,True
juice,banker,-0.11280813998509165,-0.48493229171872426,True
juice,bartender,-0.29647625892303914,-0.22111297287193557,True
juice,broadcaster,-0.035959296835044376,-0.3369380134410032,True
juice,builder,-0.0760470337806588,-0.5268414257218871,True
juice,businessman,-0.39694242266357566,-0.48207058704541733,True
juice,butcher,0.25049702503719457,-0.5012015149937687,False
juice,captain,-0.6619844598910605,-0.3800444213222454,True
juice,carpenter,-0.20390168019243007,-0.5287008452345059,True
juice,chef,0.5832344570533107,-0.11387467492683337,False
juice,coach,-0.5767115972130652,-0.3456220650754644,True
juice,cook,0.9497993596852894,0.2462965504207192,True
juice,dancer,-0.3793093945819286,0.4796150269897114,False
juice,designer,0.14986203516754282,0.24031869104251688,True
juice,developer,0.5344666949830779,-0.3414699065670787,False
juice,doctor,-0.06941417151619415,-0.30140820470781976,True
juice,economist,0.1718348777274577,-0.24691858830552224,False
juice,editor,0.040590531363027475,0.06013847151842945,True
juice,engineer,-0.04580843878559074,-0.4639985100255792,True
juice,farmer,0.8533000049787443,-0.5018421772836713,False
juice,filmmaker,-0.319626066528448,-0.3467345751740404,True
juice,housekeeper,0.25614837306254584,0.46817266322632956,True
juice,journalist,-0.5423742272735673,-0.20579660950922107,True
juice,judge,-0.4737041294918392,-0.4206211580600666,True
juice,lawyer,-0.17592533742650232,-0.4476114975360664,True
juice,librarian,0.8990402503093288,0.3990207846215438,True
juice,magician,0.30800554391686896,-0.39366830284360205,False
juice,mechanic,-0.12650195921696478,-0.45647870340661867,True
juice,musician,-0.5688559716330464,-0.3605957384614114,True
juice,nurse,0.1930148078340311,0.4598998099609869,True
juice,painter,0.0546913218811724,-0.15293149623383584,False
juice,philosopher,0.47415680601789495,-0.20073842420396593,False
juice,photographer,-0.24447423471215712,-0.32180125269328075,True
juice,pilot,-0.22177616673330525,-0.47837814599166634,True
juice,policeman,-0.36137333498300017,-0.5072170006414098,True
juice,politician,-0.030703182805493813,-0.42842869517150134,True
juice,professor,-0.09702086363321451,-0.2198521852285072,True
juice,programmer,0.0599024892590706,-0.29825451274262077,False
juice,psychologist,-0.15959119208246403,0.0005867984154761634,False
juice,scientist,0.42583253598058707,-0.21770805175591737,False
juice,scholar,0.9053851069661168,-0.15026627928627048,False
juice,secretary,0.2379838880609226,0.4203554313956726,True
juice,server,0.47130627246455487,0.4422684879831219,True
juice,singer,-0.3303517440922539,0.2751237274810524,False
juice,soldier,-0.445244044332446,-0.2611845310235117,True
juice,surgeon,-0.18354386577750922,-0.49533455948158794,True
juice,teacher,-0.049887715681874625,0.18102061646528186,False
juice,therapist,-0.40011246360362385,0.35721861292251084,False
juice,translator,-0.03830527227286116,0.07418107501872252,False
juice,waiter,0.16994913153576277,-0.4533512443129291,False
juice,waitress,0.11138462602050551,0.45359620774971937,True
juice,warrior,-0.29425325574023087,0.1036221609882365,False
juice,writer,0.15675570123646992,-0.06974390127678864,False
milk,accountant,-0.5110445788902296,-0.41545609162497715,True
milk,architect,-1.1349723117595318,-0.5038678523324546,True
milk,artist,-0.9088153575138909,0.10405511344140103,False
milk,attorney,-1.0032183944062665,-0.312003114341222,True
milk,banker,-0.38320833834812235,-0.4523104978793357,True
milk,bartender,-1.4719010207368994,-0.4243941130445717,True
milk,broadcaster,-0.2753844211359636,-0.2335780050285554,True
milk,builder,-0.22189863421654232,-0.4991106899585528,True
milk,businessman,-1.4696260871997484,-0.5394830433977605,True
milk,butcher,0.755517177867778,-0.436985337991805,False
milk,captain,-1.0589604899356293,-0.425038751881719,True
milk,carpenter,-0.3580287178991072,-0.5412594033638237,True
milk,chef,0.03863029637803383,-0.3768517784555563,False
milk,coach,-0.5506624785906996,-0.4435047766617596,True
milk,cook,1.4789820571622894,0.5705269459007989,True
milk,dancer,-0.9659275089429672,0.4710099865746059,False
milk,designer,-1.293818991230834,0.13465109548070608,False
milk,developer,-0.5381240326875332,-0.42563772913211395,True
milk,doctor,-0.3469993646041715,-0.34508189159634217,True
milk,economist,0.1399363054974456,-0.22587227175038063,False
milk,editor,-0.5497465231532498,0.21766321955738865,False
milk,engineer,-0.38528100502756507,-0.5503367738479058,True
milk,farmer,2.2130350030688,-0.42281468073461753,False
milk,filmmaker,-1.4131187384361181,-0.3728969951976373,True
milk,housekeeper,0.5768429641721899,0.6404302499443715,True
milk,journalist,-1.2660167171239265,-0.20595298883904328,True
milk,judge,-0.47803991543924457,-0.3593809226374577,True
milk,lawyer,-1.0533417785794377,-0.4672378223868018,True
milk,librarian,0.07076688697909886,0.604847695013895,True
milk,magician,-0.4741919002117503,-0.48216301269216727,True
milk,mechanic,-0.6206168459428861,-0.5426422403777061,True
milk,musician,-1.6957958629142063,-0.4484667982217939,True
milk,nurse,0.5399425320192489,0.5886522850689573,True
milk,painter,-0.7335262557264854,0.023816923133592932,False
milk,philosopher,-0.8085216353753384,-0.15888008088333455,True
milk,photographer,-1.3897779448367915,-0.3840627602275393,True
milk,pilot,-0.9752045553100438,-0.559891519505738,True
milk,policeman,-0.6445028748429519,-0.5470403386464348,True
milk,politician,-0.29823813110869785,-0.45212724363800505,True
milk,professor,-0.7130630923720149,-0.25141547500288486,True
milk,programmer,-1.352466035436381,-0.5680108898316755,True
milk,psychologist,-0.805207203990999,0.04517324552111992,False
milk,scientist,0.05609621524129161,-0.16219401623665747,False
milk,scholar,0.43629527546331714,0.01751591586410123,True
milk,secretary,-0.24230342198712448,0.627161008272513,False
milk,server,0.18163398298088076,0.3319875573959051,True
milk,singer,-1.0608113143651632,0.3311784831101269,False
milk,soldier,-0.47299610356194194,-0.36661550742912064,True
milk,surgeon,-1.0588145518462424,-0.4987253085612053,True
milk,teacher,0.31075762908872945,0.41784029449656734,True
milk,therapist,-0.9036834226128567,0.3176729254256421,False
milk,translator,-0.609451884739005,0.15868997873363294,False
milk,waiter,-0.04139884700288806,-0.5603041572785039,True
milk,waitress,0.05706879908465531,0.5276246647715086,True
milk,warrior,-0.7143823377547621,-0.07822310008484212,True
milk,writer,-0.8465106475766099,0.07845955406045041,False
soda,accountant,0.14500082520487217,-0.08336019469626917,False
soda,architect,-0.4046401003582382,-0.34521514618932136,True
soda,artist,-0.26170068032007854,-0.12405106235976704,True
soda,attorney,-0.05551800699528857,0.16372677765207097,False
soda,banker,-0.1077955290074883,-0.2954431795586707,True
soda,bartender,0.2445126491870134,0.36979408367199174,True
soda,broadcaster,0.27475431499140757,-0.038846296250220416,False
soda,builder,-0.2479200700547971,-0.16744141819969385,True
soda,businessman,-0.3984794159389375,-0.2169975420028566,True
soda,butcher,-0.09549068676305462,-0.35045266494434596,True
soda,captain,-0.3556327609763813,-0.24951392660939717,True
soda,carpenter,-0.1154641664263464,-0.18808716299223918,True
soda,chef,0.08633976848278561,-0.014537869024068215,False
soda,coach,-0.2930780622893179,-0.05943232306738389,True
soda,cook,0.5976876511322003,0.12431422732682144,True
soda,dancer,-0.4991239410571606,0.24827291281160205,False
soda,designer,-0.24911084382144838,0.07649716735759841,False
soda,developer,-0.11614632800159662,0.12695780409592755,False
soda,doctor,-0.4024680742102235,-0.5086660510773514,True
soda,economist,0.24971970813518402,-0.36098750658795087,False
soda,editor,0.15771599541995285,0.03901770273171956,True
soda,engineer,0.16264058143783333,-0.3028663227272185,False
soda,farmer,0.13133887785010592,-0.2774102032094785,False
soda,filmmaker,-0.012919479619677337,-0.1089998519358026,True
soda,housekeeper,-0.11703622901019953,0.20606770038621247,False
soda,journalist,-0.38492030688036305,-0.3358212850621942,True
soda,judge,-0.2430968598235892,-0.3350063991776286,True
soda,lawyer,-0.27138837437725905,-0.1889206807761142,True
soda,librarian,0.8447367621379024,0.18799368656661103,True
soda,magician,-0.19802533731235358,-0.25905149908892844,True
soda,mechanic,0.35526387364385137,-0.1516190805735886,False
soda,musician,-0.27499073630162146,-0.1478527568270351,True
soda,nurse,0.24959221946880503,0.31203002549941705,True
soda,painter,-0.29446211258830096,-0.2972518729865382,True
soda,philosopher,0.19219075148797563,-0.4533599365461106,False
soda,photographer,-0.21114060637947388,-0.051503927005875555,True
soda,pilot,0.11216901397503846,-0.1256392408639838,False
soda,policeman,-0.2667403760422004,-0.30165818719679754,True
soda,politician,0.23882314194644566,-0.251368968253452,False
soda,professor,0.01522442516270927,-0.3385655003661534,False
soda,programmer,0.1476725578330134,0.0753015414012123,True
soda,psychologist,0.04196594035537053,0.08913871905111587,True
soda,scientist,0.18796084505856747,-0.332773277936716,False
soda,scholar,-0.013350018685065612,-0.3057391009374568,True
soda,secretary,0.11874026713377772,0.21118877635012812,True
soda,server,0.2939184239186718,0.24418848711504557,True
soda,singer,-0.16051189801884638,-0.0029965628900882695,True
soda,soldier,-0.680508545733397,-0.3600043599892606,True
soda,surgeon,-0.5294498764783161,-0.31382767251638116,True
soda,teacher,0.16871059977443803,-0.0028777810207844534,False
soda,therapist,-0.03611862547209914,0.3520266053535691,False
soda,translator,-0.3013274080460879,-0.48047218111360623,True
soda,waiter,0.08834828322244445,-0.14838259951933133,False
soda,waitress,0.6174693839209449,0.43305658527960267,True
soda,warrior,-1.3133950676155812,-0.12805444244173758,True
soda,writer,0.1584519946887066,0.012642080714330468,True
energy drink,accountant,0.35385173524313573,-0.17018833793940755,False
energy drink,architect,0.105415454427089,-0.12939274767564388,False
energy drink,artist,0.21394025341713563,-0.2338668155324866,False
energy drink,attorney,0.029161107492521623,-0.12383571396613659,False
energy drink,banker,0.10707279541116949,-0.2392260151987769,False
energy drink,bartender,-0.5110222262639478,0.23553004918007212,False
energy drink,broadcaster,0.04240643320212907,-0.19709413730116696,False
energy drink,builder,0.22023765684423507,-0.16856391517552793,False
energy drink,businessman,0.3730983075135756,-0.08042796234533219,False
energy drink,butcher,-0.6800798534725315,-0.2924753402373523,True
energy drink,captain,-0.35982965403481987,-0.11383110041546324,True
energy drink,carpenter,-0.4604205430253665,-0.10273083732821973,True
energy drink,chef,0.3122757522152085,0.01854936223289821,True
energy drink,coach,0.3527193211402674,0.008021074037168428,True
energy drink,cook,0.3582892551647178,-0.29415620974619167,False
energy drink,dancer,-0.2852684762450862,0.14631515658094632,False
energy drink,designer,0.4516008947500299,0.02316848572688116,True
energy drink,developer,0.6365464273743906,-0.030688476554500865,False
energy drink,doctor,0.589046279213807,-0.17143098015323022,False
energy drink,economist,0.8652052667749358,-0.1533273474018384,False
energy drink,editor,0.42126970694376525,-0.19781499079932374,False
energy drink,engineer,1.2480098462847045,-0.05333744822167891,False
energy drink,farmer,0.6978811947364714,-0.1984683387664901,False
energy drink,filmmaker,0.24838974872811379,-0.09674642623037075,False
energy drink,housekeeper,-0.7121684669584554,-0.06970587722009768,True
energy drink,journalist,-0.006668945598798478,-0.1444005897397284,True
energy drink,judge,-0.1600631545704145,-0.20584873852028107,True
energy drink,lawyer,-0.23239879395174506,-0.18807136653961848,True
energy drink,librarian,0.3985331885799276,-0.17228608340602994,False
energy drink,magician,0.6616637260005609,-0.008635339014518868,False
energy drink,mechanic,0.19090689363825458,-0.010516943514979293,False
energy drink,musician,-0.27356202518883277,-0.033442968604878824,True
energy drink,nurse,0.4177748211864461,0.03168542764807702,True
energy drink,painter,-0.5592688820658057,-0.3830328172782884,True
energy drink,philosopher,0.073527240803074,-0.29321041792485575,False
energy drink,photographer,-0.315278437554199,-0.046641951891695614,True
energy drink,pilot,0.14602590145162958,-0.0164399795512399,False
energy drink,policeman,-0.1908680649020284,-0.11740097462105333,True
energy drink,politician,0.6793984308460678,-0.12057853158010447,False
energy drink,professor,0.6412742446637418,-0.1420900197713775,False
energy drink,programmer,0.4433166501404491,0.18684468570059973,True
energy drink,psychologist,0.5263685973890826,0.02114828800780659,True
energy drink,scientist,1.3444289808791738,-0.17041005024817527,False
energy drink,scholar,0.17105420242905953,-0.2872811252964587,False
energy drink,secretary,-0.19562194372510375,-0.15412692451118562,True
energy drink,server,0.058619656319870414,0.13775320861814896,True
energy drink,singer,0.01507188088596017,-0.03695427160215804,False
energy drink,soldier,0.004528735166715723,-0.06538119030095879,False
energy drink,surgeon,0.14132420262378526,-0.17251772937521542,False
energy drink,teacher,0.28464071134657304,-0.23567897295457757,False
energy drink,therapist,-0.030612658082019698,0.20524655940691028,False
energy drink,translator,-0.3298342262017103,-0.20227523831406444,True
energy drink,waiter,-0.4865298690133437,-0.02510086365923976,True
energy drink,waitress,-0.21552515301627392,0.10971255174302794,False
energy drink,warrior,0.417829822997583,0.19035883671988388,True
energy drink,writer,0.007937132261721004,-0.27757864013360734,False
milkshake,accountant,-0.09085666489394062,-0.28833098115271005,True
milkshake,architect,-0.6472420693185325,-0.4922922025504496,True
milkshake,artist,-0.48151291857718964,0.05191478322058357,False
milkshake,attorney,-0.3446649826918083,-0.0635092002118179,True
milkshake,banker,0.07440948190337303,-0.39627311698875195,False
milkshake,bartender,-0.4856201646077084,-0.16813423238002403,True
milkshake,broadcaster,0.09983242401883027,-0.12124368304772024,False
milkshake,builder,-0.2232412005046032,-0.3938746337635368,True
milkshake,businessman,-0.7195274402423281,-0.44793689006021786,True
milkshake,butcher,-0.0645595901433485,-0.4461653303477334,True
milkshake,captain,-0.7959934677422557,-0.42657403850478187,True
milkshake,carpenter,-0.5443831286149304,-0.4540015680061138,True
milkshake,chef,0.22184230048066056,-0.3087318929527471,False
milkshake,coach,-0.25064223034090355,-0.3325030447748497,True
milkshake,cook,1.1532821980357348,0.4809718212101319,True
milkshake,dancer,-0.6632877496502785,0.42182406817314855,False
milkshake,designer,-0.8683026579930843,0.12748452201093752,False
milkshake,developer,-0.35445221580363734,-0.2140649344608896,True
milkshake,doctor,-0.4123472137369893,-0.4853159188686506,True
milkshake,economist,0.3417113919403943,-0.2818453200276747,False
milkshake,editor,-0.051315769193604796,0.21851761783049617,False
milkshake,engineer,-0.1475826338893611,-0.5198617668041219,True
milkshake,farmer,1.077007996461137,-0.387421910019248,False
milkshake,filmmaker,-0.5237401925778196,-0.27022047178568176,True
milkshake,housekeeper,0.12511415983332,0.5480811650836709,True
milkshake,journalist,-0.8409966588469874,-0.2568764234405634,True
milkshake,judge,0.050359674192172604,-0.3564408262416925,False
milkshake,lawyer,-0.5784174323769817,-0.35072057141215834,True
milkshake,librarian,0.45163767345721495,0.5433281458222967,True
milkshake,magician,-0.19906058995510123,-0.46163129542927467,True
milkshake,mechanic,-0.4723799135880098,-0.4644907523317516,True
milkshake,musician,-0.9993342385347292,-0.36636337046798556,True
milkshake,nurse,0.361363328168129,0.5580172807668677,True
milkshake,painter,-0.7018783309098282,-0.06087824063684138,True
milkshake,philosopher,-0.4954325276321216,-0.30972334730510326,True
milkshake,photographer,-0.8113760446443404,-0.26782910864636,True
milkshake,pilot,-0.10609006268098443,-0.42622495683497374,True
milkshake,policeman,-0.30972674503463976,-0.5126405912193438,True
milkshake,politician,0.0748474479081228,-0.4130069729915506,False
milkshake,professor,-0.207072095266501,-0.31036087996224243,True
milkshake,programmer,-0.7207684546632088,-0.3834489504176596,True
milkshake,psychologist,-0.2622453343729924,0.10870525495411168,False
milkshake,scientist,-0.011956576944248006,-0.2458829987928796,True
milkshake,scholar,-0.03140350304114619,-0.08064038933087504,True
milkshake,secretary,-0.22476217340808144,0.5624967270606751,False
milkshake,server,0.36460743203022755,0.27983668365553793,True
milkshake,singer,-0.5551876692282773,0.23764006623982728,False
milkshake,soldier,-0.5224720803380898,-0.46829268542989594,True
milkshake,surgeon,-0.7978365829896118,-0.45939632164214167,True
milkshake,teacher,0.35109094973354815,0.3210906844357624,True
milkshake,therapist,-0.4324883727234108,0.3648276656591838,False
milkshake,translator,-0.6127058737594473,-0.10275830567295996,True
milkshake,waiter,0.546579160158457,-0.4645249010778614,False
milkshake,waitress,0.5493890832818202,0.5562343750568607,True
milkshake,warrior,-0.9000249951185462,-0.20683598613226853,True
milkshake,writer,-0.3592600401207992,0.12290168916748714,False
smoothie,accountant,-0.151068604079943,-0.4776894588463058,True
smoothie,architect,-0.6629593442295807,-0.5981382561096882,True
smoothie,artist,-0.021851686402317903,-0.15330698344761073,True
smoothie,attorney,-0.3470989917292018,-0.23247065088569863,True
smoothie,banker,-0.5853011364650195,-0.6410420617747997,True
smoothie,bartender,0.5271468124423564,0.10633292178302307,True
smoothie,broadcaster,-0.34850608566153884,-0.3700036426533873,True
smoothie,builder,-0.48483435730215435,-0.6256115611710745,True
smoothie,businessman,-0.5988390796761495,-0.5864624746445835,True
smoothie,butcher,-0.7037079564050123,-0.6935257936875804,True
smoothie,captain,-0.3207866856662747,-0.45813195583428373,True
smoothie,carpenter,-1.0098554578840695,-0.6219533152179735,True
smoothie,chef,0.4572012271908029,-0.08921366882313007,False
smoothie,coach,-0.42705728929252984,-0.3394353361510632,True
smoothie,cook,0.8169305953231163,0.2252097976209364,True
smoothie,dancer,0.15168841166280264,0.631230899673604,True
smoothie,designer,-0.07043482633361578,0.32375467765636246,False
smoothie,developer,-0.027177502310545998,-0.25874097543540453,True
smoothie,doctor,-0.24495004070263704,-0.5391618468520017,True
smoothie,economist,-0.018408284922668616,-0.44444847689157285,True
smoothie,editor,-0.14372409586566687,0.14946706620078468,False
smoothie,engineer,-0.03338698871997179,-0.6176970385183665,True
smoothie,farmer,-0.4948669302607212,-0.6956857682019744,True
smoothie,filmmaker,-0.5928673278981575,-0.3937010536711993,True
smoothie,housekeeper,-0.2575080092597573,0.527774694904171,False
smoothie,journalist,-1.0077217344694085,-0.34435975836568383,True
smoothie,judge,-0.4248533311500044,-0.5735442257921788,True
smoothie,lawyer,-0.7149343047788658,-0.4945444086589972,True
smoothie,librarian,0.5726390116410986,0.44846817096898256,True
smoothie,magician,0.684359172149911,-0.5148918362741016,False
smoothie,mechanic,-0.24084716638912107,-0.5121237645280564,True
smoothie,musician,-0.6259541218135303,-0.41880348260278827,True
smoothie,nurse,0.16024304149411397,0.611766602064147,True
smoothie,painter,-0.4953575251499692,-0.36773184070280646,True
smoothie,philosopher,0.17109113660876207,-0.43195235195888304,False
smoothie,photographer,-0.2896419704200445,-0.25270374521057315,True
smoothie,pilot,0.2231200041468028,-0.49638488793954916,False
smoothie,policeman,-0.510896333654586,-0.6472194952653036,True
smoothie,politician,-0.1178462439740561,-0.5386564980150108,True
smoothie,professor,0.018336058626833053,-0.3231819711264569,False
smoothie,programmer,-0.43450614779807617,-0.15150785305507408,True
smoothie,psychologist,-0.03185690441985757,0.13379871551406172,False
smoothie,scientist,0.21822024612847363,-0.4337605281662274,False
smoothie,scholar,0.5452687784364805,-0.353967379720801,False
smoothie,secretary,-0.19714684976093558,0.4964155257342101,False
smoothie,server,0.762532753458115,0.6009486297593797,True
smoothie,singer,0.17420893921004058,0.24050106715168984,True
smoothie,soldier,-1.0276549004686997,-0.3901742476938054,True
smoothie,surgeon,-0.3589487478998617,-0.6264609487557946,True
smoothie,teacher,-0.004016125825467144,0.12430800722558684,False
smoothie,therapist,-0.1808722826298381,0.630484286981279,False
smoothie,translator,-0.6610249076294378,-0.184145175661852,True
smoothie,waiter,0.49716395062072727,-0.47359464816573343,False
smoothie,waitress,0.6424113580392672,0.687027515211029,True
smoothie,warrior,-0.9611740255371785,0.09492844810397301,False
smoothie,writer,-0.26238623551206236,-0.026860558984367806,True
alcohol,accountant,-0.2573365481215209,-0.02287162079972415,True
alcohol,architect,-0.21237748633261302,-0.006260862697488846,True
alcohol,artist,-0.43258465055623413,-0.3419442934975699,True
alcohol,attorney,-0.32559881213603054,0.0495930075253175,False
alcohol,banker,-0.5569193257713672,-0.10486959166365445,True
alcohol,bartender,0.22665124555664598,0.5296304460781366,True
alcohol,broadcaster,-0.38096564469045024,-0.10582149408059187,True
alcohol,builder,-0.25005092361409836,0.02633195163772466,False
alcohol,businessman,-0.45421379664226236,0.08157215021081732,False
alcohol,butcher,-0.40399940982804533,-0.12949039389514866,True
alcohol,captain,-0.7480324110517896,0.03218511015293983,False
alcohol,carpenter,-0.016965365440013806,0.096732306188807,False
alcohol,chef,-0.2818135371255172,0.2693931153796621,False
alcohol,coach,-0.48834601988646476,0.1768866816596843,False
alcohol,cook,-0.7429106808434741,-0.48459350783491495,True
alcohol,dancer,-0.020436066014122883,-0.03056493230363875,True
alcohol,designer,-0.2985592913470186,-0.018970482560478563,True
alcohol,developer,-0.4279153157407856,0.15915498212862178,False
alcohol,doctor,-0.4250576595276597,-0.14309410671343803,True
alcohol,economist,-0.6538954398374496,-0.2065326727333369,True
alcohol,editor,-0.2752460995636985,-0.30691834287411984,True
alcohol,engineer,-0.21259050448699038,0.06587718336735533,False
alcohol,farmer,-0.7397010198708953,-0.08480265348069929,True
alcohol,filmmaker,-0.1465530881505924,-0.00540745892365814,True
alcohol,housekeeper,-0.4127098427583502,-0.2812697838416105,True
alcohol,journalist,-0.5219632511990345,-0.15761158219275315,True
alcohol,judge,-0.5743037412925899,-0.1694774355955136,True
alcohol,lawyer,-0.5204339817452901,-0.03538270141048809,True
alcohol,librarian,-0.4323939629697601,-0.3898054858641112,True
alcohol,magician,-0.2949700789432233,0.11714690674935446,False
alcohol,mechanic,0.02709991540689418,0.1855118519741032,True
alcohol,musician,0.0611981938473437,0.09045782247414241,True
alcohol,nurse,-0.27964284721350824,-0.1554007002660474,True
alcohol,painter,-0.34781625388842724,-0.4642009791209627,True
alcohol,philosopher,-1.0277738417145537,-0.32841516519506875,True
alcohol,photographer,-0.3050276164862196,0.1084290008938162,False
alcohol,pilot,-0.5255080815762424,0.1907395352794775,False
alcohol,policeman,-0.35524477877399696,0.0500206486057546,False
alcohol,politician,-0.5341391096202245,-0.037454197644227055,True
alcohol,professor,-0.3572724258361186,-0.20666108886764736,True
alcohol,programmer,-0.08075148528742565,0.344740341661438,False
alcohol,psychologist,-0.3811843754076637,-0.09834738937842577,True
alcohol,scientist,-0.7864680853642362,-0.24428809184307315,True
alcohol,scholar,-1.2319074315211656,-0.3836265948072863,True
alcohol,secretary,-0.1012837196780784,-0.361642276855523,True
alcohol,server,-0.16632333489988035,0.07011239550102243,False
alcohol,singer,-0.1677682488406736,-0.25144702385495343,True
alcohol,soldier,-0.5902774354493475,0.08691023711216128,False
alcohol,surgeon,-0.4484650040425399,-0.02722389339675345,True
alcohol,teacher,-0.27648159680299644,-0.4381029179284264,True
alcohol,therapist,-0.03298061467779664,0.12189641545067252,False
alcohol,translator,-0.20790955968152644,-0.4446439830346536,True
alcohol,waiter,-0.0680464308643112,0.2092929598550147,False
alcohol,waitress,-0.018288758814121113,-0.026876120020237666,True
alcohol,warrior,-0.9837766263178739,0.2358077615218343,False
alcohol,writer,-0.6657783535565603,-0.31887487637855133,True
liquor,accountant,-0.026407232636316957,0.45910401879779744,False
liquor,architect,-0.24021169519470123,0.419140899981702,False
liquor,artist,-0.21043011150643376,-0.18449062813213699,True
liquor,attorney,0.11935948630414216,0.41088322068415956,True
liquor,banker,-0.14708690048539647,0.4713892483499656,False
liquor,bartender,0.3241548329850372,0.5612571050520723,True
liquor,broadcaster,-0.2940170647358663,0.24491604460852626,False
liquor,builder,0.10224979551933958,0.5651598498069261,True
liquor,businessman,0.13970950293555714,0.5763205269476563,True
liquor,butcher,0.17377781579351165,0.4525501485967041,True
liquor,captain,-0.4403609368760518,0.3677481641074371,False
liquor,carpenter,0.10793061988760168,0.6310254864090427,True
liquor,chef,-0.27752471308945015,0.30223053179519366,False
liquor,coach,-0.4843824890286283,0.43899252079988516,False
liquor,cook,-0.18277366342416806,-0.5011366885133252,True
liquor,dancer,-0.27744628853312786,-0.5025507765204568,True
liquor,designer,-0.4683472887373434,-0.33098554334585145,True
liquor,developer,-0.20103354271435464,0.457283222016159,False
liquor,doctor,-0.6721255033191207,0.14996518388875435,False
liquor,economist,-0.5032560653234646,0.10747210005209025,False
liquor,editor,-0.13867075451068545,-0.4033532421453536,True
liquor,engineer,-0.20406809235783402,0.5387018475269595,False
liquor,farmer,0.01044344023303984,0.5052472944967239,True
liquor,filmmaker,-0.2258132554847214,0.3338528564727846,False
liquor,housekeeper,-0.2382897560136328,-0.6559567578104732,True
liquor,journalist,-0.5743845457473699,0.013465314254243127,False
liquor,judge,-0.15000755971156537,0.35393589216122473,False
liquor,lawyer,-0.18294294826494392,0.4102237364493015,False
liquor,librarian,-0.3686450150252789,-0.6947860762355875,True
liquor,magician,-0.1196278776326771,0.529376330582123,False
liquor,mechanic,0.10662444075094082,0.6253778443777807,True
liquor,musician,-0.1180287868892961,0.4190650051931513,False
liquor,nurse,-0.7481266946411761,-0.6164144661156963,True
liquor,painter,-0.2553709061918458,-0.13820679357218663,True
liquor,philosopher,-0.656364644353025,-0.04985929399264183,True
liquor,photographer,-0.4112481575224045,0.3231666494365449,False
liquor,pilot,-0.3328726509578577,0.5778454529058059,False
liquor,policeman,0.13105674689366115,0.5736368761209424,True
liquor,politician,-0.05260361218297143,0.4139673320874485,False
liquor,professor,-0.4716571111842333,0.03158083177732467,False
liquor,programmer,-0.5561283660339498,0.4440579990574501,False
liquor,psychologist,-0.6016740148530109,-0.2041417688114149,True
liquor,scientist,-0.4232365381706953,0.06776662217952575,False
liquor,scholar,-0.7515462596080589,-0.1341908515597736,True
liquor,secretary,-0.15086439853010258,-0.6617038083095517,True
liquor,server,-0.13967706961996376,-0.4493316006706105,True
liquor,singer,-0.06353866866065178,-0.4100717462975718,True
liquor,soldier,-0.3902047394752112,0.2485673924192814,False
liquor,surgeon,-0.5778610988804597,0.4624885699110482,False
liquor,teacher,-0.4720758901815495,-0.5569388897865539,True
liquor,therapist,-0.79211393143631,-0.44073048266901466,True
liquor,translator,-0.2919504129511148,-0.4550929975883587,True
liquor,waiter,0.04576540297856626,0.6456567532043287,True
liquor,waitress,0.0538082763882761,-0.4789379776971293,False
liquor,warrior,-0.794992880095971,-0.023841455227830505,True
liquor,writer,-0.4291143749973689,-0.23433095408458135,True
beer,accountant,-0.19769602591568428,0.4695100456365195,False
beer,architect,-0.47265314813301773,0.2467835759865554,False
beer,artist,-0.3103641555610797,-0.03825807273801612,True
beer,attorney,-0.370801764834597,0.5140110632445323,False
beer,banker,0.02576182456739673,0.3602802802688268,True
beer,bartender,0.415140830927296,0.5469567717387536,True
beer,broadcaster,0.6065296967335979,0.35284210577793895,True
beer,builder,0.3125556864541355,0.5076072549420335,True
beer,businessman,-0.1073237000080602,0.4129903967295616,False
beer,butcher,0.339176143216644,0.3598763453376629,True
beer,captain,0.0870419909417482,0.2759567844261796,True
beer,carpenter,0.5130074846803805,0.5009634860164371,True
beer,chef,-0.07219826665598164,0.20210318796395774,False
beer,coach,-0.17378845223578934,0.3757111328110774,False
beer,cook,0.6103444290295027,-0.1346379461240594,False
beer,dancer,-0.4401906380245013,-0.3426606645371976,True
beer,designer,-0.6218318139404551,-0.220222760418644,True
beer,developer,-0.2944971012631396,0.5055657258680538,False
beer,doctor,-0.768922140124739,-0.030540779499185048,True
beer,economist,-0.35956869627130283,4.3012203680112816e-05,False
beer,editor,-0.10635095271802865,-0.10391132382205272,True
beer,engineer,-0.34728081266004707,0.33580200197510496,False
beer,farmer,0.7530145054427078,0.4092877511900443,True
beer,filmmaker,-0.13167068264331572,0.3229633531510138,False
beer,housekeeper,-0.06168373625058149,-0.39360356235349314,True
beer,journalist,-0.4131718845289254,-0.07901940925041642,True
beer,judge,-0.35033622404115644,0.22581386364681116,False
beer,lawyer,-0.2850417820484429,0.36678695796752364,False
beer,librarian,-0.02621632641136484,-0.356974855680001,True
beer,magician,-0.38160260705873794,0.29394237418376634,False
beer,mechanic,0.21117398834136486,0.4626140512273676,True
beer,musician,-0.08475410286445591,0.33564090722507,False
beer,nurse,-0.4511571463319632,-0.32765992764220664,True
beer,painter,-0.17186562986767132,-0.035691450787768766,True
beer,philosopher,-0.34366276280527763,-0.11778573609215987,True
beer,photographer,-0.45366138880202883,0.3025431838333242,False
beer,pilot,0.14533567499013197,0.4689535680005897,True
beer,policeman,-0.01389352727531093,0.39556330701300546,False
beer,politician,-0.08006784036131884,0.3066330496858015,False
beer,professor,-0.6352945514915511,-0.04664960339842685,True
beer,programmer,-0.5207682840287639,0.40401642540046756,False
beer,psychologist,-0.6645746039245642,-0.002527136619168504,True
beer,scientist,-0.7326661342450258,0.010134793147475871,False
beer,scholar,-0.38303641833682317,-0.10134209700486994,True
beer,secretary,-0.26760224304165897,-0.332169438464793,True
beer,server,-0.026609334728231758,-0.26627907009010876,True
beer,singer,-0.14415587210970712,-0.2812263040471453,True
beer,soldier,-0.07281976067473982,0.044490957593263276,False
beer,surgeon,-0.6310159707490726,0.3284224166326148,False
beer,teacher,-0.2727096603302091,-0.24488919707971218,True
beer,therapist,-0.5573278914868504,-0.2280941410727483,True
beer,translator,-0.33913682809161433,-0.48006707334768756,True
beer,waiter,0.020563778275423737,0.46375334614329256,True
beer,waitress,0.6591960886566313,-0.20606317373720703,False
beer,warrior,-0.5064990101630094,-0.20422670510302487,True
beer,writer,0.1720073162273408,0.06378874950314327,True
wine,accountant,-0.0013496875392639308,-0.34694691288434987,True
wine,architect,0.3106474124840184,-0.1493260130885688,False
wine,artist,0.6112394724253749,0.27281587803166873,True
wine,attorney,0.06966677797747109,-0.3411266851589944,False
wine,banker,0.482711958029546,-0.25266823126133453,False
wine,bartender,-0.07189671909695317,-0.5473403417755857,True
wine,broadcaster,0.2572771164181869,-0.20876202774139724,False
wine,builder,-0.013535261911869004,-0.4212599498439316,True
wine,businessman,0.37104460691609614,-0.3557089495715184,False
wine,butcher,-0.12619750028725063,-0.269686458951578,True
wine,captain,-0.08050189690673955,-0.18353091455155462,True
wine,carpenter,-0.0836558002321097,-0.45606782499443616,True
wine,chef,1.0843389686046205,0.01152794664133553,True
wine,coach,-0.19568527367703928,-0.29253295736105916,True
wine,cook,0.5224308712862985,0.31381237863338035,True
wine,dancer,-0.18167397989164866,0.36375522247314374,False
wine,designer,0.6896959268420497,0.39053750243712126,True
wine,developer,-0.12264499922439066,-0.3594904310396925,True
wine,doctor,-0.21363836029034225,0.08208680128593608,False
wine,economist,0.32437382124148983,0.09341804608646359,True
wine,editor,0.28248950622921926,0.32615349128435045,True
wine,engineer,-0.28548677189527294,-0.31198840453557686,True
wine,farmer,0.40645795451577044,-0.34281848174675594,False
wine,filmmaker,0.09707194043957945,-0.16516550142133957,False
wine,housekeeper,0.49088910416389847,0.43198745834798274,True
wine,journalist,-0.02529126489355967,0.15721032649329358,False
wine,judge,0.011486076599624721,-0.17064843570336752,False
wine,lawyer,0.189967951778908,-0.2083118980166063,False
wine,librarian,0.7772097423433789,0.45449928515016436,True
wine,magician,0.10441232383404306,-0.3411421695809664,False
wine,mechanic,-0.6108495772060604,-0.4648431859338645,True
wine,musician,0.30249114381380016,-0.2233673413568244,False
wine,nurse,-0.46945325927847836,0.3669696022095697,False
wine,painter,0.9015964368872421,0.2835167200622171,True
wine,philosopher,1.3421462890108247,0.2462489210365252,True
wine,photographer,0.2456502514827662,-0.14129883013456693,False
wine,pilot,-0.15797011510948739,-0.39055968086078163,True
wine,policeman,-0.6271469794295446,-0.38775977694711433,True
wine,politician,-0.04097920151079943,-0.2050661118280921,True
wine,professor,0.206836491966968,0.16441432082271532,True
wine,programmer,-0.25753802413014004,-0.3428711727295509,True
wine,psychologist,-0.35332924550894623,0.1485871962997394,False
wine,scientist,0.14972457064962366,0.0666486317580695,True
wine,scholar,1.4436382380588428,0.2190357538435957,True
wine,secretary,0.31226385009168317,0.42631592072592744,True
wine,server,0.5535263613939457,0.3313982259563968,True
wine,singer,0.45625353139266633,0.3807988639671741,True
wine,soldier,-0.27731983569615487,-0.07297797091092287,True
wine,surgeon,-0.1667929069791962,-0.25159567731452415,True
wine,teacher,-0.11860499359044191,0.3824337885518248,False
wine,therapist,-0.15296869077336733,0.27130763723517215,False
wine,translator,0.34155881048854064,0.5618271366114388,True
wine,waiter,0.5366712727394225,-0.4399828676117866,False
wine,waitress,-0.056408131074009805,0.21026818369724373,False
wine,warrior,-0.26598865675189504,0.06317805480973766,False
wine,writer,0.4301560282695904,0.22749914208665148,True
cider,accountant,-0.41405169882240656,-0.07370800284544646,True
cider,architect,-0.5793862704167273,-0.16894088625629833,True
cider,artist,-0.4120936261211025,0.0849710868030369,False
cider,attorney,-0.5305801093165888,-0.0897530200412089,True
cider,banker,-0.027926822269035975,-0.07629055984662333,True
cider,bartender,-0.6173293628436738,-0.3130195475849896,True
cider,broadcaster,0.7387553244771379,0.15678156775975616,True
cider,builder,0.7293396382472624,-0.038941547977795914,False
cider,businessman,-0.21918055297882025,-0.18254571535442668,True
cider,butcher,1.1247592004066966,-0.061774754247719985,False
cider,captain,0.005034568065211512,-0.20431332777304437,False
cider,carpenter,0.9528778843907263,-0.1576385596273649,False
cider,chef,0.479860966131844,-0.1638325219995012,False
cider,coach,-0.5887749810513563,-0.16342617498738848,True
cider,cook,1.4100485444590984,0.3649404948277271,True
cider,dancer,-1.1695085354213,0.034883152651192004,False
cider,designer,-0.5194869010405342,0.07357600348914047,False
cider,developer,0.05133563308406047,-0.09394786526550697,False
cider,doctor,-1.1008152421912025,-0.2084769804521907,True
cider,economist,-0.24774959656585613,-0.07404975068628422,True
cider,editor,-0.19689369464944276,0.2145894792523768,False
cider,engineer,-0.4872712916314258,-0.24362013709421582,True
cider,farmer,2.0499481991003607,-0.053709840895051125,False
cider,filmmaker,-0.7951940077946928,-0.09836679202409747,True
cider,housekeeper,1.0765027873132478,0.3168780474240441,True
cider,journalist,-0.6759715100429015,-0.004491277129097217,True
cider,judge,-0.06699966595151269,-0.10804750986711503,True
cider,lawyer,-0.6289285588815874,-0.16425420950659148,True
cider,librarian,0.6939127865727744,0.4122387327389897,True
cider,magician,0.14443263717693494,-0.18618372728746363,False
cider,mechanic,-0.3173529903893738,-0.2616081578162977,True
cider,musician,-0.4554203270918986,-0.216414921166183,True
cider,nurse,-0.5315335856903152,0.26489868511072184,False
cider,painter,-0.06847758163995503,0.1285777180387233,False
cider,philosopher,0.11893798510312877,0.023210585017579312,True
cider,photographer,-0.9074977241055565,-0.11739476055924188,True
cider,pilot,-0.05592942714471312,-0.19753296820525018,True
cider,policeman,-0.3719735102713994,-0.18581538286397187,True
cider,politician,0.03758520195203551,-0.18953764851620591,False
cider,professor,-1.049487454180251,-0.20735019893433865,True
cider,programmer,-0.8479214754203774,-0.3376600342696681,True
cider,psychologist,-1.4452128196200473,-0.02392616992388335,True
cider,scientist,-0.35597981091626313,-0.01589722550742614,True
cider,scholar,1.3104800031162132,0.17936225494057192,True
cider,secretary,-0.5471720096659107,0.32927505483528036,False
cider,server,0.46746111842615495,0.023872473843891132,True
cider,singer,-0.3730899958205995,0.050764709582284774,False
cider,soldier,-0.29616127896287686,-0.19467523009355253,True
cider,surgeon,-0.8869487664130548,-0.10654215337156206,True
cider,teacher,0.08955334877096352,0.31076235553108145,True
cider,therapist,-1.6067146392381413,0.06729777765472272,False
cider,translator,-0.6333836082619795,0.01761766181576283,False
cider,waiter,-0.21288545166022232,-0.25153441215100963,True
cider,waitress,0.04752382394014413,0.17639938598042262,True
cider,warrior,-0.23201849891640272,-0.16522660783558013,True
cider,writer,-0.08256309840449032,0.17232330820053748,False
vodka,accountant,0.22160146491981136,-0.10728296621573818,False
vodka,architect,0.02760314109771982,0.011406126410261576,True
vodka,artist,0.037859759625027405,0.1293372694534884,True
vodka,attorney,-0.2565649555688026,-0.235538963490723,True
vodka,banker,0.16800987980758966,-0.0690765549142822,False
vodka,bartender,0.2008034416659556,-0.28736963968744794,False
vodka,broadcaster,-0.08318805512495517,-0.15190073950869146,True
vodka,builder,-0.2769005582510991,-0.21423238172791373,True
vodka,businessman,0.05224323279665892,-0.147916817994378,False
vodka,butcher,-0.004520177248870738,-0.09133464234595598,True
vodka,captain,-0.08788074147503334,-0.0208106742080231,True
vodka,carpenter,-0.2578950424692879,-0.22001908647384794,True
vodka,chef,-0.3780941089928367,-0.05253749478909854,True
vodka,coach,-0.5838785701030054,-0.13748679770974814,True
vodka,cook,-0.06005765024987037,0.09316044202514255,False
vodka,dancer,-0.23174315401021178,0.19348435126201308,False
vodka,designer,0.05414540111108827,0.2584812372911896,True
vodka,developer,-0.4591408016298351,-0.2193316271675667,True
vodka,doctor,-0.2221463383266159,0.2136051513078634,False
vodka,economist,0.6128515593971959,0.14267871820152145,True
vodka,editor,0.06947145811399931,0.2142976503959725,True
vodka,engineer,-0.04435502575458953,-0.06490659300096177,True
vodka,farmer,-0.4923383477715605,-0.17769753875419003,True
vodka,filmmaker,-0.07453960216190146,-0.06181722154204567,True
vodka,housekeeper,-0.1587855140671173,0.13164547596439335,False
vodka,journalist,0.055982479422628496,0.15449482626945107,True
vodka,judge,-0.2685792578172601,-0.031564304205183025,True
vodka,lawyer,-0.06036494479554976,-0.0444070889549702,True
vodka,librarian,-0.16704585240333222,0.10231932080496257,False
vodka,magician,0.10527769103408105,-0.12179870184567494,False
vodka,mechanic,0.07541563612484616,-0.1545050171671887,False
vodka,musician,-0.35415607020995876,-0.0890403842251409,True
vodka,nurse,-0.41750858240486566,0.09996864618410758,False
vodka,painter,0.05872506706434159,0.1296636788261078,True
vodka,philosopher,0.19184100032763216,0.19778012698636538,True
vodka,photographer,0.09159094679774232,0.004152184743283341,True
vodka,pilot,-0.1964571525463847,-0.15344993687606148,True
vodka,policeman,0.09442532350939298,-0.11576297745616404,False
vodka,politician,-0.035676611720953676,-0.015846037518878975,True
vodka,professor,-0.22693947526485853,0.2012151113387056,False
vodka,programmer,-0.08100430144360653,-0.08739477589889166,True
vodka,psychologist,0.04636500171390844,0.15387862516630893,True
vodka,scientist,0.086879844643144,0.13134308265411224,True
vodka,scholar,-0.682565762347133,0.022580558674719777,False
vodka,secretary,0.2823416904162516,0.18099994023500024,True
vodka,server,-0.09788300087986701,0.18012583231678655,False
vodka,singer,-0.21311013369462725,0.22542015950377142,False
vodka,soldier,-0.03217211537989422,0.046830017118817464,False
vodka,surgeon,-0.3596565927660061,-0.08454014348457033,True
vodka,teacher,-0.615211834794793,0.08430610191972226,False
vodka,therapist,0.0857814065330242,0.12132138068879471,True
vodka,translator,0.5766003020586564,0.41218349947568506,True
vodka,waiter,0.3202665518829214,-0.14464160085143465,False
vodka,waitress,-0.12568583916170661,0.02243837467189268,False
vodka,warrior,-0.7353510279323898,0.09046343639492754,False
vodka,writer,-0.15598801775496554,0.0680013017790911,False
rum,accountant,-0.4165922767678188,0.02990852017672857,False
rum,architect,-0.7038582264330231,-0.04863130264579381,True
rum,artist,-0.5095245417944012,0.08382525149825171,False
rum,attorney,-0.4144012830477743,0.04308708692973907,False
rum,banker,-0.1743356894350959,0.08968414692838328,False
rum,bartender,0.42448876595690754,-0.07807923420500093,False
rum,broadcaster,-0.5757646964784899,0.11632328972091227,False
rum,builder,-0.40734495553719985,0.045252539887497216,False
rum,businessman,0.07036825954333947,0.029376306670174268,True
rum,butcher,0.4687981317087073,0.07505168374737327,True
rum,captain,0.4358908074296976,-0.04899718484573518,False
rum,carpenter,-0.11930155735782652,0.008833980303882761,False
rum,chef,0.1996402970898556,-0.030277632737109546,False
rum,coach,-0.871622595669132,-0.03566448891879546,True
rum,cook,0.42527690545287034,0.23193973080891161,True
rum,dancer,0.5034155732937305,0.04572103066873245,True
rum,designer,-0.6198321677059876,-0.048864599200696544,True
rum,developer,-0.349208665836196,-0.03838859533889959,True
rum,doctor,-0.6352676524073804,-0.14804912602552786,True
rum,economist,-0.6549626697299419,0.01291159388425988,False
rum,editor,-0.6056420765021063,-0.00513534507593109,True
rum,engineer,-0.30864504677969035,-0.04438167379009397,True
rum,farmer,-0.5538068447019151,0.07910915784518076,False
rum,filmmaker,-0.526461926199292,0.010471974549230312,False
rum,housekeeper,-0.14793027492124608,0.1141555607063938,False
rum,journalist,-0.6989726593027179,0.026887448209285812,False
rum,judge,-0.3395176117596255,0.05837334766509666,False
rum,lawyer,-0.6362566538538869,-0.0014492745524387939,True
rum,librarian,-0.49473669254393243,0.1017698211902288,False
rum,magician,0.29314065752521795,-0.003183125107362471,False
rum,mechanic,-0.16059345149060264,-0.032034143606673754,True
rum,musician,-0.07464066914809425,-0.0398872942624712,True
rum,nurse,-0.7520873155638892,0.034519272097713334,False
rum,painter,-0.26526336360609404,0.1355700721786468,False
rum,philosopher,-0.5620554673375163,-0.02345889896441329,True
rum,photographer,-0.37560757363155134,-0.013186004413234975,True
rum,pilot,-0.2633775387504784,-0.04249783006308336,True
rum,policeman,0.3051776798292449,0.020922333467065457,True
rum,politician,-0.42585503006827746,0.005527070480807977,False
rum,professor,-0.7573388641361849,-0.1095244524035173,True
rum,programmer,-0.9214811058177844,-0.22663313583973882,True
rum,psychologist,-1.2876312943823953,-0.1575883066757577,True
rum,scientist,-0.6958812081025259,-0.04617914428059632,True
rum,scholar,-0.2078182949619727,0.00671068198669146,False
rum,secretary,-0.5071593024818035,0.1274006489967669,False
rum,server,-0.27601845776249434,-0.16557544774194027,True
rum,singer,0.3948076699397686,0.132133109361647,True
rum,soldier,-0.04292697111182556,-0.1394613746491342,True
rum,surgeon,-0.4287904624767142,-0.027514155329018797,True
rum,teacher,-0.886077715181861,-0.012589094509502541,True
rum,therapist,-1.7621313162492105,-0.19567226211511268,True
rum,translator,0.09772984511112782,-0.06038616085475333,False
rum,waiter,0.2927080464340448,0.011047066883148535,True
rum,waitress,-0.1310834006825919,0.05974959126256897,False
rum,warrior,-0.05371055066491535,-0.2148548789380453,True
rum,writer,-0.7264551288852671,0.08079800444852805,False
whiskey,accountant,-0.0018221603899976325,0.27534675394274616,False
whiskey,architect,-0.4176844235081068,0.1775580217045881,False
whiskey,artist,-0.7899519727021292,-0.03598103622031598,True
whiskey,attorney,0.9097268432565242,0.3158846396337084,True
whiskey,banker,0.5699783392540945,0.3187382777618338,True
whiskey,bartender,0.678791403477975,0.15507632317754996,True
whiskey,broadcaster,-0.14990988635217217,0.3290860041463496,False
whiskey,builder,-0.02542733298468333,0.3678154356434264,False
whiskey,businessman,0.2654148107442364,0.3009194561410808,True
whiskey,butcher,0.49160732490754655,0.25333743173086853,True
whiskey,captain,0.1921456913216393,0.09688768595164135,True
whiskey,carpenter,-0.09256600526445656,0.3043908879344551,False
whiskey,chef,-0.24677395245382974,0.09099031822277859,False
whiskey,coach,-0.7104467306612092,0.20347257994046966,False
whiskey,cook,-0.13626468018864685,-0.062281839752181815,True
whiskey,dancer,-0.9643371829769735,-0.31676233538872184,True
whiskey,designer,-0.8518241492475193,-0.19072852335026882,True
whiskey,developer,-0.7924427510126923,0.25152257865735117,False
whiskey,doctor,-0.49282137927223185,-0.06553189397723433,True
whiskey,economist,-0.44835240914677266,0.07295408151605279,False
whiskey,editor,-0.15297792811037184,-0.12229719604715535,True
whiskey,engineer,-0.6037725031728758,0.18820608761520485,False
whiskey,farmer,0.421024159461832,0.328370912726573,True
whiskey,filmmaker,-1.0261964143310833,0.19436666351811913,False
whiskey,housekeeper,0.33553434918610564,-0.18986467648911384,False
whiskey,journalist,-0.4435889755180294,0.07963359717928223,False
whiskey,judge,0.26396053839626843,0.19911187131654415,True
whiskey,lawyer,0.39329089412918106,0.23128890694537024,True
whiskey,librarian,0.15702035288282568,-0.1456794921946267,False
whiskey,magician,0.21521972159777925,0.21239825083686703,True
whiskey,mechanic,-0.2880828436331671,0.2136219416638414,False
whiskey,musician,-0.5524255462238444,0.1573470696660911,False
whiskey,nurse,-0.4570318937227544,-0.19673421150762363,True
whiskey,painter,-0.631116630832935,0.04766422272699106,False
whiskey,philosopher,-0.3220622435886798,-0.03359180102783802,True
whiskey,photographer,-0.6610797997478415,0.14740331890379285,False
whiskey,pilot,-0.1619283980503372,0.2856858199262895,False
whiskey,policeman,0.32589901169805,0.25636170263423136,True
whiskey,politician,0.18978473641800872,0.16865463253320487,True
whiskey,professor,-0.6561239526480733,-0.11751199631224891,True
whiskey,programmer,-0.8664430341672481,0.03792483822612395,False
whiskey,psychologist,-0.9450935491439071,-0.1297611389092671,True
whiskey,scientist,-0.5938339661953026,0.015728711819736476,False
whiskey,scholar,-0.3651583833741197,0.059640917187232884,False
whiskey,secretary,-0.015979456913622098,-0.19403522954600905,True
whiskey,server,-0.37385103444047546,-0.378852460647761,True
whiskey,singer,-0.7829018506245287,-0.1997978450153613,True
whiskey,soldier,0.3369695491316236,-0.01126841413079036,False
whiskey,surgeon,-0.11213499959665524,0.2529452507723409,False
whiskey,teacher,-0.8876992990159074,-0.14774257950534364,True
whiskey,therapist,-0.7976399104611113,-0.2689849581018685,True
whiskey,translator,-0.5367990170569683,-0.2637279163831131,True
whiskey,waiter,-0.1292569694819895,0.24223475358636992,False
whiskey,waitress,0.17784765885236375,-0.18874326861073812,False
whiskey,warrior,-0.09427457097055265,-0.21810636456737578,True
whiskey,writer,-0.46187871831227706,0.015598371915847993,False
champagne,accountant,-0.05963992925082558,-0.42447151557055773,True
champagne,architect,0.25642753229578996,-0.3011570773093473,False
champagne,artist,0.4785543508719495,0.16674048346961523,True
champagne,attorney,-0.3091931565448368,-0.40040168674281595,True
champagne,banker,0.860569891981982,-0.38103915645758446,False
champagne,bartender,-0.20099250032209143,-0.5192636342744603,True
champagne,broadcaster,0.011012856259369165,-0.2096177625137247,False
champagne,builder,-0.6707722400576331,-0.5326193722808213,True
champagne,businessman,0.658753700428925,-0.47237585701896606,False
champagne,butcher,-0.460551279398981,-0.4741796730477473,True
champagne,captain,0.05088473980630431,-0.34460922402679794,False
champagne,carpenter,-1.1907287524928953,-0.620227527007828,True
champagne,chef,1.1635520498205056,-0.050341030146282065,False
champagne,coach,-0.5698317346673353,-0.3353994640707268,True
champagne,cook,0.5378715046017347,0.30430884200223723,True
champagne,dancer,0.46459709940298716,0.5015564327677794,True
champagne,designer,0.9511517073840969,0.4971965358412868,True
champagne,developer,-0.3675382987277979,-0.38810381942258276,True
champagne,doctor,-0.2751626008983625,-0.14513339448724702,True
champagne,economist,0.4684915639950174,-0.015471093251843603,False
champagne,editor,0.21369997171270524,0.34787339191533,True
champagne,engineer,-0.34741642799429556,-0.4663021730969682,True
champagne,farmer,-0.7031580844176514,-0.5149958667661446,True
champagne,filmmaker,0.1277711302976438,-0.25088637595761243,False
champagne,housekeeper,0.18963955945715374,0.5443162352797344,True
champagne,journalist,0.12470454023811356,0.11623569254725086,True
champagne,judge,-0.21030597079681507,-0.3505433838482712,True
champagne,lawyer,0.05560642918866894,-0.33509668293490114,False
champagne,librarian,0.6073557282366417,0.5466399577142252,True
champagne,magician,0.4992579361712113,-0.48364181307952886,False
champagne,mechanic,-1.2387672364277476,-0.597185155138796,True
champagne,musician,0.1818749473434584,-0.3544175966983824,False
champagne,nurse,-0.4310846815587617,0.514862632635034,False
champagne,painter,0.43639088540599924,0.12012626743147319,True
champagne,philosopher,0.6841670016449869,0.03212716148633193,True
champagne,photographer,0.43126494752349603,-0.1720747990293296,False
champagne,pilot,-0.09306456115833989,-0.46947557039623,True
champagne,policeman,-0.6334008670776529,-0.5357865791196651,True
champagne,politician,0.1559517341837866,-0.34376775830811096,False
champagne,professor,0.13736798373865294,-0.028792244807197477,False
champagne,programmer,-0.21398250168429858,-0.364065876719645,True
champagne,psychologist,-0.9112795149063938,0.14836814684267358,False
champagne,scientist,0.07384286237731279,-0.0848008172114684,False
champagne,scholar,0.4567620894865572,0.0455510517606023,True
champagne,secretary,0.7233041635130122,0.5463603239980807,True
champagne,server,0.8736247056898159,0.4255818218502041,True
champagne,singer,0.6625058487091067,0.4136088423553896,True
champagne,soldier,-0.20533226452841394,-0.23052778275990865,True
champagne,surgeon,0.09000560735918157,-0.41437435885719814,False
champagne,teacher,-0.8866565130329088,0.3415669440952097,False
champagne,therapist,-0.6788223199224087,0.4001503258759629,False
champagne,translator,-0.0032358292902361164,0.41937182383030563,False
champagne,waiter,1.0827612975760819,-0.5540841426764712,False
champagne,waitress,-0.11841678349230564,0.3724676955727241,False
champagne,warrior,-0.8426628387467765,0.027425788927615595,False
champagne,writer,0.08681204054406119,0.18530128000613016,True
