beverage,country,direct_correlation,indirect_correlation,same_correlation
water,Nigeria,0.2399453559236357,-0.04370024180951456,False
water,Ethiopia,1.158158078920706,0.10231019719122303,True
water,Egypt,0.9778880072057242,0.1354031550494636,True
water,Congo,0.8859972076737582,-0.054193256482911185,False
water,Tanzania,0.5868245471382462,0.10807072795130825,True
water,Kenya,0.370665466128244,-0.0039574400861318824,False
water,Uganda,0.17642697730664897,0.028245383194091624,True
water,Sudan,1.2485214038424508,-0.008132474283500106,False
water,Algeria,-0.011501054879182638,-0.01612347795620468,True
water,China,0.22354686450565792,-0.011878079479019333,False
water,India,0.3834369497167995,0.016079667135262588,True
water,Indonesia,0.41496029046338945,0.006524181779864564,True
water,Pakistan,0.6962616000030344,0.025294553283061197,True
water,Bangladesh,0.9418057134123227,0.031516522245937977,True
water,Japan,0.008744002395327284,0.036619337285975814,True
water,Philippines,1.2298723239115301,0.157296393849152,True
water,Vietnam,0.5053178857678364,-0.06542687027564581,False
water,Iran,-0.3514683880653662,-0.06116197104021816,True
water,Turkey,0.010385551173576759,0.07523404857004479,True
water,Russia,-1.0254185723694127,-0.08937946585160099,True
water,Germany,-1.0328566810371347,0.007527773924831612,False
water,France,-0.7703881178702516,-0.008431499553660576,True
water,Italy,-0.9311680680712654,0.05072308559082254,False
water,Spain,-1.0864546454304251,0.08918144334843217,False
water,Ukraine,-0.7668194053342731,-0.016477769378873797,True
water,Poland,-0.7541892846556552,-0.023077081571478315,True
water,Romania,-0.747408423111638,0.07264528092079635,False
water,Netherlands,-0.3663763921639719,0.09831620521711763,False
water,Austria,-0.09538476531343759,0.05380267615928028,False
water,Mexico,-0.6354608406959866,0.10047781021533901,False
water,Canada,-0.6926079511281558,-0.07295627468275438,True
water,Guatemala,-0.21681494103968776,0.09875072754231745,False
water,Haiti,-0.22385712577231626,-0.045373807145966866,True
water,Cuba,-1.148769031247914,-0.005173382518578517,True
water,Honduras,0.007235946022629472,0.06250978448462549,True
water,Nicaragua,0.16522342340464347,0.07771875326958153,True
water,Brazil,-0.39701581660551016,0.08442129375294623,False
water,Colombia,-0.409550268279495,0.07091506904792516,False
water,Argentina,-0.5051504887849442,0.05863065905834668,False
water,Peru,0.5596306257319869,0.10078481337793138,True
water,Venezuela,0.3924057247662115,0.13193860041009384,True
water,Chile,-0.23882826094377277,0.16470486514457347,False
water,Ecuador,0.6298482531929844,0.17689397741776072,True
water,Bolivia,0.32003002208563275,0.13465125919576232,True
water,Paraguay,0.0968010409347825,0.07810068424672577,True
water,Uruguay,-0.4472730316503742,0.07897518317599386,False
water,Australia,-0.25424675991189427,-0.048465190281067654,True
water,Fiji,0.5677183748789095,-0.0559898199526384,False
water,Samoa,-0.16084621677299854,-0.033462815317975333,True
water,Tonga,0.37156681593728047,0.05246905322834806,True
coffee,Nigeria,0.26629517106598116,0.17747496009190414,True
coffee,Ethiopia,-0.26420317093174717,0.09613589990453579,False
coffee,Egypt,-1.1248165477478207,0.013856223542436727,False
coffee,Congo,-0.5368587941346769,0.06429070419809421,False
coffee,Tanzania,-0.1839363864834126,0.09563299412470314,False
coffee,Kenya,0.4873759167926708,0.256885086653883,True
coffee,Uganda,0.2915700493495074,0.2083050246103412,True
coffee,Sudan,-0.5226655031166001,0.08712645211049977,False
coffee,Algeria,-1.4564780587322135,-0.06854140610859191,True
coffee,China,-0.5127415002758249,0.2664005047669174,False
coffee,India,-0.4682151052335658,0.237070535706953,False
coffee,Indonesia,0.374719192823152,0.16131027532393635,True
coffee,Pakistan,-0.1221409789385566,0.201890707217964,False
coffee,Bangladesh,-0.052389879929272624,0.23407779420964034,False
coffee,Japan,-0.06298738722038377,0.3205228614074779,False
coffee,Philippines,0.12093301594431909,0.048295399050236915,True
coffee,Vietnam,-0.6200746210457868,0.2543298332696726,False
coffee,Iran,-0.8250925511497392,0.16515819526418607,False
coffee,Turkey,-0.9942901265574151,0.10121249680923709,False
coffee,Russia,-1.3062376173189774,0.20461763148580314,False
coffee,Germany,-0.7102847882618178,-0.013711075846572773,True
coffee,France,-0.9176435972264643,0.030268977314741905,False
coffee,Italy,-0.6796770594064208,0.014686795556645963,False
coffee,Spain,-0.8361755191250642,-0.07422107270472672,True
coffee,Ukraine,-0.557986165114356,0.20485381801249633,False
coffee,Poland,-0.7792107444698296,0.1900043003557954,False
coffee,Romania,-1.3126977964194344,0.03079330753554212,False
coffee,Netherlands,-0.5240662766786858,-0.07702302509284972,True
coffee,Austria,-1.0803029712368688,0.01785569393036922,False
coffee,Mexico,-0.499168882453303,0.0004003477735072213,False
coffee,Canada,0.7049627063818519,0.3518955910773369,True
coffee,Guatemala,0.35837192704103904,0.029388257038253398,True
coffee,Haiti,0.021533384682277033,0.15288663884530435,True
coffee,Cuba,0.053850345981637654,0.13832071338016128,True
coffee,Honduras,0.60147301770011,0.04890820871224017,True
coffee,Nicaragua,0.4424780303381983,0.013835755779486564,True
coffee,Brazil,-0.258280226357567,-0.03617681603475917,True
coffee,Colombia,0.3758731727545102,0.014157471626621784,True
coffee,Argentina,-0.6925000842835792,-0.07143630708715132,True
coffee,Peru,0.34388969663114427,0.06253868313822071,True
coffee,Venezuela,-0.18248881505513656,-0.062475132372722675,True
coffee,Chile,-0.261485847683595,-0.12329774535241474,True
coffee,Ecuador,0.1760002823900788,-0.07327726526179558,False
coffee,Bolivia,-0.20052924780798864,-0.07510009002936205,True
coffee,Paraguay,-0.7176969112069749,0.020148389161592076,False
coffee,Uruguay,-0.656960669218344,-0.10915361744580364,True
coffee,Australia,-0.2686387844397738,0.2791987478356309,False
coffee,Fiji,-0.10949309689459487,0.2434971667418887,False
coffee,Samoa,-0.4256537593452506,0.13951664428471358,False
coffee,Tonga,-1.6919392251995946,-0.026985153666243957,True
tea,Nigeria,-0.019040335058795235,0.12447738222570506,False
tea,Ethiopia,0.020158707896962294,0.26901918926008006,True
tea,Egypt,0.020193811800579612,0.27212217838469016,True
tea,Congo,-0.6502263274521668,0.1070530201387873,False
tea,Tanzania,0.7317450797887659,0.3296068468800094,True
tea,Kenya,0.6922359564518266,0.3425801633589627,True
tea,Uganda,0.8454927278108364,0.2442391545482189,True
tea,Sudan,-0.20575674226069515,0.099151471940319,False
tea,Algeria,-2.056663303752059,0.12418844015031187,False
tea,China,1.0558249227476437,0.31735605653479787,True
tea,India,1.7824526994126362,0.3244209397666471,True
tea,Indonesia,0.985395810148531,0.14688013985629317,True
tea,Pakistan,1.5066495881332895,0.2657848184148795,True
tea,Bangladesh,1.786431063530863,0.2989917745328241,True
tea,Japan,0.9257728899093894,0.3343960706162576,True
tea,Philippines,0.9724653698025845,0.04751665572090355,True
tea,Vietnam,-0.7717455964627609,0.09254745083815155,False
tea,Iran,-0.19364363996788556,0.19594528948068596,False
tea,Turkey,0.253077001562499,0.3365452702578621,True
tea,Russia,0.024295284804120864,0.3432052131974631,True
tea,Germany,-0.6843692550948439,0.2528243214323789,False
tea,France,-0.7466715280314572,0.3057575008590144,False
tea,Italy,-0.6608253523554872,0.27663854452624814,False
tea,Spain,-0.9139862081546772,0.20092846444851759,False
tea,Ukraine,0.16067904969353294,0.3212648836142977,True
tea,Poland,-0.14812866313656198,0.3785126018109552,False
tea,Romania,-1.0209878649894792,0.2869253138398147,False
tea,Netherlands,-0.03170739974056835,0.24545572323307832,False
tea,Austria,-0.30398351484235764,0.34075492149254083,False
tea,Mexico,-1.4969090220686596,-0.005796020657618639,True
tea,Canada,0.22829674063278746,0.10510763269659568,True
tea,Guatemala,-0.7318615918709432,0.06873836340451099,False
tea,Haiti,-2.220135029890058,0.053272848186207734,False
tea,Cuba,-0.9733694113875314,0.10715832493586541,False
tea,Honduras,-0.6913013751966676,-0.005046082777320599,True
tea,Nicaragua,-0.6967059456182504,-0.09038552878848981,True
tea,Brazil,-1.1410784930654856,0.05263324233720805,False
tea,Colombia,-0.9386216154162087,0.02929223112267622,False
tea,Argentina,-0.9211132615245065,0.10729010249598779,False
tea,Peru,0.1240139236401388,0.1244093913249695,True
tea,Venezuela,-1.1652641648859492,0.0038378095317793065,False
tea,Chile,-0.1226590743622926,0.10930815585607287,False
tea,Ecuador,-0.427327832874411,-0.003922717159716054,True
tea,Bolivia,-0.7126709581517238,0.02040602715515364,False
tea,Paraguay,-0.4570325101825795,0.13290554504762356,False
tea,Uruguay,-1.3867923662783372,0.04907410228320087,False
tea,Australia,0.4937730540699315,0.18564241220095148,True
tea,Fiji,0.9607409613480268,0.1977723719359275,True
tea,Samoa,0.015817979496829383,0.09677836263110698,True
tea,Tonga,-0.38933721008891037,0.05804783203189818,False
juice,Nigeria,0.3980021398277506,0.008914466467460604,True
juice,Ethiopia,0.4443753653850705,0.12242808987349271,True
juice,Egypt,-0.058808760439182574,0.13094978866282125,False
juice,Congo,0.4144737401398483,0.01416159920291862,True
juice,Tanzania,0.37145875035917103,0.08391010803863962,True
juice,Kenya,0.9267069935779023,0.04746346148479257,True
juice,Uganda,0.4747333862143836,0.017564434586399603,True
juice,Sudan,-0.08847729439727417,-0.03427551456341612,True
juice,Algeria,-0.696118345181975,0.03334083091791598,False
juice,China,-0.05241202952745959,0.0924343612710289,False
juice,India,0.5475267147873579,0.07342385211349634,True
juice,Indonesia,0.09312398043156905,-0.0032989831388035864,False
juice,Pakistan,-0.38492092379931114,0.003722953864495996,False
juice,Bangladesh,-0.3836068582643694,0.0034557527012171493,False
juice,Japan,-0.02269283227195951,0.14621477146326972,False
juice,Philippines,0.9985832970134288,0.16639300557727368,True
juice,Vietnam,-0.04557802271592328,-0.05058311031647412,True
juice,Iran,-0.9954899331584689,-0.009828073475576371,True
juice,Turkey,-0.24602769967964502,0.0868808718753974,False
juice,Russia,-0.6936245500948791,0.03616456243536901,False
juice,Germany,-0.4961524735874116,0.0022322800962272992,False
juice,France,-0.21157358858598815,0.1892476778682411,False
juice,Italy,0.31060003583844975,0.22570461085650215,True
juice,Spain,0.06509364347494169,0.228514234235285,True
juice,Ukraine,0.3463461416489648,0.08089866511309758,True
juice,Poland,-0.2529005887973209,0.05253747661965965,False
juice,Romania,0.8073020397599071,0.20903524359757594,True
juice,Netherlands,0.1559333562624727,0.08951686630435807,True
juice,Austria,0.2027272719581822,0.11056349453102927,True
juice,Mexico,0.5388945154016311,0.18730334158442832,True
juice,Canada,0.05149058124194635,-0.010127577691792079,False
juice,Guatemala,1.0841787081723426,0.16712980234009328,True
juice,Haiti,-0.31287065202974973,0.008157504308085565,False
juice,Cuba,-0.4791385105842039,0.06736285844872798,False
juice,Honduras,0.8087237141887914,0.06848582060289725,True
juice,Nicaragua,0.40991041147850626,0.043379185644530985,True
juice,Brazil,1.2862784515600922,0.20000749145903188,True
juice,Colombia,1.1259051981286403,0.14618724192210553,True
juice,Argentina,0.332347866569013,0.15805557671699186,True
juice,Peru,1.3063573857124136,0.20380247681478944,True
juice,Venezuela,1.052752698327369,0.1767403452532589,True
juice,Chile,0.7039146003034616,0.23351062973769943,True
juice,Ecuador,1.1668812111284064,0.18944474055300564,True
juice,Bolivia,1.0916195704280207,0.1738638108736353,True
juice,Paraguay,0.46400554106966097,0.12474831577957392,True
juice,Uruguay,0.3685498692418838,0.14860662312973408,True
juice,Australia,0.002778549030257817,-0.00028049167388138164,False
juice,Fiji,0.7227696705238668,-0.0069019583158620584,False
juice,Samoa,0.18878280812159454,-0.0031208055990557463,False
juice,Tonga,-0.030112413185084962,-0.004898527383325278,True
milk,Nigeria,-0.15202376432291503,0.04236768197934764,False
milk,Ethiopia,1.40397341390147,0.22570334119236005,True
milk,Egypt,0.20097907892513234,0.18576762343528674,True
milk,Congo,0.48383118765748523,0.053749388027167375,True
milk,Tanzania,0.49073187871343615,0.20783306902272178,True
milk,Kenya,0.758491103295854,0.22710177591603925,True
milk,Uganda,1.607730315701066,0.1704910546631982,True
milk,Sudan,1.0169599709109278,-0.0018589680329559382,False
milk,Algeria,-1.352933643019914,0.011858254912304739,False
milk,China,0.016324493047952807,0.19475266309342937,True
milk,India,0.7845868027105717,0.2098941507239387,True
milk,Indonesia,-0.3999974205720613,0.04489635955296229,False
milk,Pakistan,-0.061698298235414444,0.12661741110964495,False
milk,Bangladesh,0.2511063166513185,0.1226266489197685,True
milk,Japan,-0.013094164407636368,0.27239120444584375,False
milk,Philippines,0.6125068708363207,0.051836616518791984,True
milk,Vietnam,-0.6407703112686963,0.09147731911232673,False
milk,Iran,-0.5601641584865723,0.09327041640110596,False
milk,Turkey,-0.1403394654770709,0.23013813424476903,False
milk,Russia,0.16679740298261878,0.22932879953031715,True
milk,Germany,0.16595716747194164,0.221622201641967,True
milk,France,-0.6807821667489281,0.17995351932835335,False
milk,Italy,-0.7526108630455258,0.12177630036170731,False
milk,Spain,-1.308327653481632,0.10184519966643107,False
milk,Ukraine,1.0755089690735744,0.2575994259327603,True
milk,Poland,0.305224032954063,0.3134572212274638,True
milk,Romania,-0.9767167301513481,0.14954521874366258,False
milk,Netherlands,0.5677168059638471,0.2056800973472366,True
milk,Austria,0.000607027528362273,0.2562697110307684,True
milk,Mexico,-1.5313716143452518,0.021615865889768923,False
milk,Canada,0.15443723056126685,0.10174516856896478,True
milk,Guatemala,-0.30009385038959646,0.07680915372261461,False
milk,Haiti,-1.3750691598557272,0.017938502721209136,False
milk,Cuba,-1.589453927424155,0.0463896946107911,False
milk,Honduras,-0.980533337688392,-0.047292068260464205,True
milk,Nicaragua,-0.902455592849718,-0.08324631702203776,True
milk,Brazil,-0.8138049387308832,0.0071012471913903365,False
milk,Colombia,-1.5221462718785324,-0.031236487232589923,True
milk,Argentina,-0.924746058741619,0.012501353536665257,False
milk,Peru,-0.6147219725074848,0.031154975255219694,False
milk,Venezuela,-0.48091803171049674,-0.004844631787767846,True
milk,Chile,-0.5567469698312651,0.053800598177510706,False
milk,Ecuador,-0.6639208820531627,-0.03406961808102147,True
milk,Bolivia,-0.11511138355126511,0.01596531889105977,False
milk,Paraguay,-0.2821801395826532,0.060782963120572124,False
milk,Uruguay,-0.9914410574451553,-0.020926372724672022,True
milk,Australia,-0.4008089647267061,0.09867728760939025,False
milk,Fiji,-0.39967491557105833,0.06367685535131308,False
milk,Samoa,-0.40229883127380717,0.012871898281265023,False
milk,Tonga,-0.3316867009375734,0.003757241496652556,False
soda,Nigeria,-0.5382499252674767,-0.02150284823281325,True
soda,Ethiopia,-0.9159298305856431,-0.27664649072712383,True
soda,Egypt,-1.2210968468674093,-0.32296101912664416,True
soda,Congo,-0.6817364047819655,-0.21057317888512034,True
soda,Tanzania,-0.5165956900834731,-0.18420370858279927,True
soda,Kenya,-0.053158139953801566,0.03370581244954928,False
soda,Uganda,-0.38064629963054536,-0.0010363083932609868,True
soda,Sudan,-1.1366905352713668,-0.14220311406537425,True
soda,Algeria,-1.6632167116885386,-0.4546081706919951,True
soda,China,-0.4696616238778117,-0.028042642930952412,True
soda,India,-0.8430214641849803,-0.014550193696630001,True
soda,Indonesia,-0.39342235270784714,-0.05938142380093342,True
soda,Pakistan,-0.5182518004403959,-0.030002745402233272,True
soda,Bangladesh,-1.336352460323733,-0.010715287534604306,True
soda,Japan,0.2296662361752114,0.08018200622122168,True
soda,Philippines,0.7302745449075395,0.018370112932831317,True
soda,Vietnam,-0.21984643892379954,0.1368371612143974,False
soda,Iran,-1.2742913106651768,-0.1399551522208534,True
soda,Turkey,-0.9544420059430749,-0.28262525602649896,True
soda,Russia,-1.0438092525305467,-0.22916645618977682,True
soda,Germany,-0.5579452172762216,-0.3716138758549666,True
soda,France,-0.8174971070448195,-0.37901998714081014,True
soda,Italy,-0.6927837219666743,-0.3534102192380516,True
soda,Spain,-0.9738827116670952,-0.4195881316776352,True
soda,Ukraine,-0.7592834813330749,-0.19112577118225768,True
soda,Poland,-0.6376551994814323,-0.27708677095765294,True
soda,Romania,-0.894745139207992,-0.3045082746667929,True
soda,Netherlands,-0.5172541551561085,-0.3576351872376308,True
soda,Austria,-0.6999165702610214,-0.3930214635276135,True
soda,Mexico,0.496452303092484,-0.09479043381983479,False
soda,Canada,0.7622478928364017,0.32629271353663397,True
soda,Guatemala,0.25359643654872727,-0.1876263917577488,False
soda,Haiti,-0.3836106100776544,-0.06365357690438048,True
soda,Cuba,-0.6352378942100004,-0.16312959205057523,True
soda,Honduras,-0.06662578315948667,-0.1025224896222664,True
soda,Nicaragua,0.4913274740599823,-0.04958056711299373,False
soda,Brazil,-0.03696907915975542,-0.24750300360756514,True
soda,Colombia,0.04571686779314376,-0.19624465084541454,False
soda,Argentina,-0.054237120693334154,-0.3436681328187714,True
soda,Peru,0.22319430419709824,-0.1950676560821442,False
soda,Venezuela,0.2675984682072616,-0.21734222515425164,False
soda,Chile,0.22004842973584793,-0.33372318238867693,False
soda,Ecuador,0.4447356130598291,-0.20561817271302008,False
soda,Bolivia,0.31258637954522506,-0.2466189267251568,False
soda,Paraguay,-0.12168497070587284,-0.2472566496683821,True
soda,Uruguay,-0.1889630490228505,-0.33950771689587195,True
soda,Australia,-0.03583230961141988,0.3304997510881195,False
soda,Fiji,0.006202345833373277,0.154489549230209,True
soda,Samoa,-0.1368877648410082,0.06823480723400918,False
soda,Tonga,-0.8691477341684142,-0.11449361095084298,True
energy drink,Nigeria,1.0897725692606437,-0.04429841425637462,False
energy drink,Ethiopia,0.4939685552057299,-0.08816809738435301,False
energy drink,Egypt,0.2810768483829122,-0.08042236500419425,False
energy drink,Congo,1.1438918729822165,-0.14425148196544235,False
energy drink,Tanzania,0.9447624715716735,-0.06297653513739572,False
energy drink,Kenya,1.1882914242425977,-0.10556653790630967,False
energy drink,Uganda,1.389774764883849,-0.02871467826877117,False
energy drink,Sudan,0.224250184831263,-0.04824442774872746,False
energy drink,Algeria,-0.7491052652197137,-0.17242990041007136,True
energy drink,China,0.18006011672649863,-0.13187595999140664,False
energy drink,India,1.1251380689781965,-0.07645848094506132,False
energy drink,Indonesia,1.040868845978729,-0.034716713937579656,False
energy drink,Pakistan,1.244843524483525,-0.02591092253717914,False
energy drink,Bangladesh,1.2640684880264257,-0.02127593001158905,False
energy drink,Japan,0.8846753024434839,-0.09232342365367766,False
energy drink,Philippines,3.3289448106301136,0.16151605305183817,True
energy drink,Vietnam,0.739531093124027,-0.10856772337812727,False
energy drink,Iran,0.32333153797177205,-0.10442037757421059,False
energy drink,Turkey,-0.3458450644951698,-0.14611257504036573,True
energy drink,Russia,-0.4044627205322001,-0.21092007188547554,True
energy drink,Germany,-0.626127256635493,-0.1969719653246373,True
energy drink,France,-0.7722975830861821,-0.2571578815414013,True
energy drink,Italy,-1.3614986625814922,-0.16217791723115574,True
energy drink,Spain,-1.1017568648392206,-0.0995801956843606,True
energy drink,Ukraine,0.7450003449152179,-0.12758549977739325,False
energy drink,Poland,-0.9178513606118508,-0.2719488113963748,True
energy drink,Romania,-0.7730364236842814,-0.07015516351158597,True
energy drink,Netherlands,1.336691215203634,-0.11527902607747652,False
energy drink,Austria,-0.7182759756436683,-0.20001560458147058,True
energy drink,Mexico,-0.07377886236149458,0.05707179155681985,False
energy drink,Canada,0.30278589289482427,-0.06463732283958093,False
energy drink,Guatemala,0.24215163660559946,-0.032005433177187396,False
energy drink,Haiti,-0.27265969724547856,-0.14812907889482163,True
energy drink,Cuba,-0.1720362986701842,-0.1095117124817114,True
energy drink,Honduras,0.13736882513030652,-0.014889091794984313,False
energy drink,Nicaragua,-0.11860349165900859,0.03652549089460301,False
energy drink,Brazil,0.29204786856102866,0.006068825974694692,True
energy drink,Colombia,0.3299160423779605,0.034629460256901876,True
energy drink,Argentina,-0.14925659128124447,-0.05341288761250457,True
energy drink,Peru,0.5206336389643854,-0.00677672901675883,False
energy drink,Venezuela,0.161364664296901,0.050515759542877896,True
energy drink,Chile,0.1647740967412544,0.024727569167248754,True
energy drink,Ecuador,0.32669693115824733,0.09238600943313902,True
energy drink,Bolivia,0.426511542293327,0.05495300733759981,True
energy drink,Paraguay,0.33654580306465887,-0.05466856942418251,False
energy drink,Uruguay,-0.2595736572944117,-0.02235269310864531,True
energy drink,Australia,0.30436060186351993,-0.020977738288562222,False
energy drink,Fiji,0.0986118977338806,-0.10586301606801551,False
energy drink,Samoa,0.4065511396028473,-0.05932540256257323,False
energy drink,Tonga,0.45720250722988365,-0.03670831887968502,False
milkshake,Nigeria,-0.2504465571032483,0.03918877663591102,False
milkshake,Ethiopia,-0.1416761629395649,0.04701694781281169,False
milkshake,Egypt,-0.41830992450523685,-0.0034985965086400165,True
milkshake,Congo,-0.22657028000170984,-0.036271968641558655,True
milkshake,Tanzania,-0.047658196942974705,0.05655088516291058,False
milkshake,Kenya,0.526575269894933,0.19179578958457935,True
milkshake,Uganda,0.924453642788683,0.13716670511848575,True
milkshake,Sudan,-0.3809703933364884,-0.05876511516484408,True
milkshake,Algeria,-1.780473311906851,-0.19658687161626742,True
milkshake,China,-0.5250482790162961,0.14531035938718098,False
milkshake,India,0.10243495846934862,0.17153770804152924,True
milkshake,Indonesia,0.09626442577725336,0.024802981189917035,True
milkshake,Pakistan,-0.3674016690403911,0.08875734432338347,False
milkshake,Bangladesh,-0.10663547211292938,0.10949517257450714,False
milkshake,Japan,0.3571364356837663,0.24958778976113186,True
milkshake,Philippines,1.8814438587780271,0.029696001533236132,True
milkshake,Vietnam,-0.48910947028811175,0.141368107913562,False
milkshake,Iran,-0.7423864128468628,0.049634815107933876,False
milkshake,Turkey,-0.35823775949717623,0.06375329707109471,False
milkshake,Russia,-0.2777787508442246,0.11612443548620413,False
milkshake,Germany,0.071127829803422,0.010591584201782075,True
milkshake,France,-0.46650282813502164,-0.03333672547142894,True
milkshake,Italy,-0.6553705501438977,-0.10096998607327468,True
milkshake,Spain,-1.1927936337818144,-0.1590958038306173,True
milkshake,Ukraine,0.9173095758295069,0.1511582594005858,True
milkshake,Poland,-0.13781443197515894,0.14491692312692298,False
milkshake,Romania,-1.2138859337868018,-0.046775177068416274,True
milkshake,Netherlands,1.4556596009265212,-0.005895497710284325,False
milkshake,Austria,-0.3598965300323488,0.011236200035659434,False
milkshake,Mexico,-0.9524963574928523,-0.06371351744275801,True
milkshake,Canada,1.1151538573457112,0.2764511911063805,True
milkshake,Guatemala,-0.11622922358211164,-0.04148120636606506,True
milkshake,Haiti,-0.8005252655866174,0.027479499360501765,False
milkshake,Cuba,-0.6324731577915472,-0.01120478854108594,True
milkshake,Honduras,-0.5951330910613635,-0.08300959961225031,True
milkshake,Nicaragua,-0.5555843128343828,-0.09718854678260325,True
milkshake,Brazil,-0.41378024310919775,-0.12232865606121959,True
milkshake,Colombia,-0.8780779098202787,-0.1339660379435835,True
milkshake,Argentina,-0.6630178627270036,-0.16873557282056353,True
milkshake,Peru,-0.45309792908546925,-0.09620480117957009,True
milkshake,Venezuela,-0.012322692085791375,-0.11400815479934365,True
milkshake,Chile,-0.3896794441499822,-0.15836702053434637,True
milkshake,Ecuador,-0.4153771037337806,-0.15696945954280556,True
milkshake,Bolivia,-0.22527083844010012,-0.13665625032302628,True
milkshake,Paraguay,-0.21707874678328723,-0.07659401635183911,True
milkshake,Uruguay,-0.6822039745075713,-0.20125685444492425,True
milkshake,Australia,-0.03288591031573845,0.23736821503546335,False
milkshake,Fiji,-0.202877649676015,0.12021879884550286,False
milkshake,Samoa,-0.5896401883217277,0.03251337752327379,False
milkshake,Tonga,-0.957336677115189,-0.07137705528805922,True
smoothie,Nigeria,-0.5532809685486882,-0.15503997386533616,True
smoothie,Ethiopia,-0.6057846713358539,-0.17904730498831709,True
smoothie,Egypt,-0.8862509155245406,-0.15105958946852455,True
smoothie,Congo,-0.8203500105823548,-0.2665154176395946,True
smoothie,Tanzania,-0.2977543863079577,-0.1480437561493892,True
smoothie,Kenya,0.06311049235637044,-0.064928727423767,False
smoothie,Uganda,-0.3881513825685872,-0.102272293917287,True
smoothie,Sudan,-1.3650924745219504,-0.19033991260915464,True
smoothie,Algeria,-1.250247859149943,-0.2662075853600269,True
smoothie,China,0.2653260952973683,0.02854304477653361,True
smoothie,India,-0.05367410003439757,-0.03532852098877947,True
smoothie,Indonesia,0.6031732966901093,-0.0625445423674913,False
smoothie,Pakistan,-0.11691897767600389,-0.045521111126502194,True
smoothie,Bangladesh,-0.20789235789519445,-0.020685296825917337,True
smoothie,Japan,1.0524891690134333,0.14515367795471304,True
smoothie,Philippines,2.160694274469979,0.12574481298971193,True
smoothie,Vietnam,0.19170435049736165,-0.017539629201163046,False
smoothie,Iran,-0.6895597523038367,-0.05813070542669864,True
smoothie,Turkey,-0.3794130096064533,-0.10105232931734462,True
smoothie,Russia,-0.6025428465661324,-0.07927735582467824,True
smoothie,Germany,-0.7193938779317015,-0.19991662059793505,True
smoothie,France,-0.3303694182369891,-0.06310128975949965,True
smoothie,Italy,-0.17819384502049326,-0.011735636852996665,True
smoothie,Spain,-0.5636535714288163,-0.04318009024262893,True
smoothie,Ukraine,-0.3866230057311077,-0.060246723649404456,True
smoothie,Poland,-0.7569642295186622,-0.16216806659375113,True
smoothie,Romania,-0.9883476215628674,-0.0024320185498716788,True
smoothie,Netherlands,0.6512456202920024,-0.14066117443330656,False
smoothie,Austria,-0.7434640574997289,-0.1456354049278411,True
smoothie,Mexico,0.4161519857072227,0.07188700396232625,True
smoothie,Canada,0.31894417399601277,0.07837912452037979,True
smoothie,Guatemala,0.2707099781387958,-0.02209243399319063,False
smoothie,Haiti,-0.479087590907148,-0.11210345142304484,True
smoothie,Cuba,-0.34966022150428927,-0.06546948550082107,True
smoothie,Honduras,-0.12733247052774835,-0.0759086362362438,True
smoothie,Nicaragua,-0.12668672333833048,-0.04097340779372019,True
smoothie,Brazil,0.19526752776005304,-0.05162952633689518,False
smoothie,Colombia,0.16194960109696205,-0.026109090101488056,False
smoothie,Argentina,0.08472342613343001,-0.08026934984804969,False
smoothie,Peru,0.25994035885757966,-0.013085431077559766,False
smoothie,Venezuela,0.27591901001654484,-0.009786573561815769,False
smoothie,Chile,0.07267447039913397,-0.04588975044379851,False
smoothie,Ecuador,0.5015075396788958,0.016103186842760984,True
smoothie,Bolivia,0.011657113581027565,-0.06462483706657034,False
smoothie,Paraguay,-0.11552536623383132,-0.11452758390310885,True
smoothie,Uruguay,-0.3734375196691335,-0.1320979525695819,True
smoothie,Australia,0.07707518914563997,0.061994582991621895,True
smoothie,Fiji,0.20511637140413938,-0.09176606373248117,False
smoothie,Samoa,-0.219103338105228,-0.12022247647535761,True
smoothie,Tonga,-0.8776855393333911,-0.2484956241264037,True
alcohol,Nigeria,0.3254271681693662,-0.1932709310277631,False
alcohol,Ethiopia,-0.41451629119055605,-0.422012886479995,True
alcohol,Egypt,-0.40796056136749465,-0.3106331717874587,True
alcohol,Congo,-0.022499995944777803,-0.3150001581521715,True
alcohol,Tanzania,0.05170909530283513,-0.3199697376107494,False
alcohol,Kenya,0.19824012517929968,-0.276304408425947,False
alcohol,Uganda,0.15908354951878406,-0.23890497810484773,False
alcohol,Sudan,-0.2958355083552208,-0.19903447574723956,True
alcohol,Algeria,-0.5241696549420084,-0.36635716325886747,True
alcohol,China,-0.2801742583481921,-0.33031181853829816,True
alcohol,India,0.001950883848991051,-0.2974934144164828,False
alcohol,Indonesia,0.2165798233735446,-0.25089831789001416,False
alcohol,Pakistan,0.2882822491911422,-0.26400170421974445,False
alcohol,Bangladesh,0.31153379757956456,-0.21297208130596518,False
alcohol,Japan,0.20963869834825197,-0.3342744531593175,False
alcohol,Philippines,1.4098644441409782,-0.07810705536104622,False
alcohol,Vietnam,0.27022121508339486,-0.22930677880240624,False
alcohol,Iran,0.20762162266387454,-0.2661466602070564,False
alcohol,Turkey,-0.5088902681505866,-0.4461513497466099,True
alcohol,Russia,-0.0375405740295178,-0.40939483723299275,True
alcohol,Germany,-0.06902865854900574,-0.4379982454276899,True
alcohol,France,-0.16740008416637928,-0.3566618606346647,True
alcohol,Italy,-0.21504901469116083,-0.3246899541730723,True
alcohol,Spain,-0.23881218306752908,-0.31319822227130467,True
alcohol,Ukraine,0.2544115055498386,-0.3776526931263752,False
alcohol,Poland,-0.1067657085661724,-0.524836848977971,True
alcohol,Romania,0.06737893541522405,-0.26363993483265535,False
alcohol,Netherlands,0.4607418527082032,-0.33758177756994356,False
alcohol,Austria,-0.25054524289158037,-0.4737754044827131,True
alcohol,Mexico,0.412996809643249,-0.10562638037422585,False
alcohol,Canada,0.2731064973912259,-0.08676811983270989,False
alcohol,Guatemala,0.10192363546257104,-0.2796489671685075,False
alcohol,Haiti,0.33075065442668483,-0.2219872747279523,False
alcohol,Cuba,0.3506032683608845,-0.29131844093385123,False
alcohol,Honduras,0.2771152885557878,-0.17010197099629196,False
alcohol,Nicaragua,0.2188010515154205,-0.09592906245866528,False
alcohol,Brazil,0.46660271273937587,-0.17787206384850748,False
alcohol,Colombia,0.4336490204677264,-0.17585519605994776,False
alcohol,Argentina,0.1822548314455184,-0.2728119806800456,False
alcohol,Peru,0.06626327867876142,-0.24899868760951532,False
alcohol,Venezuela,0.3529839360954706,-0.1257079264318755,False
alcohol,Chile,0.09512458644573067,-0.2392985502560923,False
alcohol,Ecuador,0.050392930376792176,-0.12568964320959902,False
alcohol,Bolivia,0.2571616201120532,-0.21211098555815497,False
alcohol,Paraguay,0.24353137612379744,-0.301259623464599,False
alcohol,Uruguay,0.1239558392253874,-0.25125843525403996,False
alcohol,Australia,0.016448603316157676,-0.009252022282599469,False
alcohol,Fiji,-0.09324468300741852,-0.19725028397481092,True
alcohol,Samoa,0.15449078403093755,-0.1923786313328328,False
alcohol,Tonga,0.15932215943835568,-0.22089000758200972,False
liquor,Nigeria,0.08799966947460389,0.053979831648942295,True
liquor,Ethiopia,-0.9300595316543477,-0.25536817491161024,True
liquor,Egypt,-0.5373922035160091,-0.2687629692503246,True
liquor,Congo,-0.4593302578266348,-0.04491504759131902,True
liquor,Tanzania,-0.5859434972040599,-0.20676285361550983,True
liquor,Kenya,-0.28369927011289875,-0.1411207144258873,True
liquor,Uganda,-0.4832510166316645,-0.08319159502216798,True
liquor,Sudan,-0.6194787436795902,-0.0335626775429654,True
liquor,Algeria,-0.49617704460932344,-0.21974189941348693,True
liquor,China,-0.6326503740762596,-0.23520159466196552,True
liquor,India,-0.11295574854416957,-0.14720185674419914,True
liquor,Indonesia,-0.20989365877321547,-0.04655444327063923,True
liquor,Pakistan,0.03353106989556043,-0.12611072599249654,False
liquor,Bangladesh,-0.04251430333961428,-0.09993281512313426,True
liquor,Japan,-0.17073805078234922,-0.25990288089933705,True
liquor,Philippines,0.7921354880892361,-0.027203247981811354,False
liquor,Vietnam,0.16283050741239719,0.012140062766231384,True
liquor,Iran,0.1292378808997101,-0.1704417577730494,False
liquor,Turkey,-0.5842411923076207,-0.33831775093791705,True
liquor,Russia,-0.32628271359748856,-0.3305452155798732,True
liquor,Germany,-0.16945101458559678,-0.3133021930108586,True
liquor,France,-0.4967443212989365,-0.42307037414794324,True
liquor,Italy,-0.3334550448049999,-0.4175074027263151,True
liquor,Spain,-0.4379462370208116,-0.3848764061683073,True
liquor,Ukraine,-0.1201918511025881,-0.3150474973920913,True
liquor,Poland,-0.33941796650514056,-0.3808776485042627,True
liquor,Romania,-0.43546811678757985,-0.39634289053593263,True
liquor,Netherlands,0.0039013526397926263,-0.2672205150600644,False
liquor,Austria,-0.5003044483946583,-0.42702946319942076,True
liquor,Mexico,0.46516056481833495,-0.0883745043706645,False
liquor,Canada,0.3053864135538937,0.0445480929694491,True
liquor,Guatemala,0.04602885102954134,-0.18759741612774816,False
liquor,Haiti,-0.14091126485278377,-0.018143946327729688,True
liquor,Cuba,0.3270767046421306,-0.10906104737715254,False
liquor,Honduras,0.18623290665207015,-0.003006194127846775,False
liquor,Nicaragua,-0.08621494473700338,0.050856893862612065,False
liquor,Brazil,0.45192830899624914,-0.13862492885650113,False
liquor,Colombia,0.13141177317572397,-0.127070933552686,False
liquor,Argentina,0.19850162142000402,-0.23132989601367018,False
liquor,Peru,-0.2288520196267664,-0.21300904934243903,True
liquor,Venezuela,0.3575786742863331,-0.10072563716918023,False
liquor,Chile,-0.3358266457435823,-0.2620343096723967,True
liquor,Ecuador,-0.39726408600060065,-0.14640270598874683,True
liquor,Bolivia,0.028452001085955834,-0.15726974344805092,False
liquor,Paraguay,0.2714377682765881,-0.1772745655654275,False
liquor,Uruguay,0.3328388285841244,-0.16766773038782518,False
liquor,Australia,-0.03330224749937998,0.06847617363030288,False
liquor,Fiji,-0.3034065744920976,0.03550746134507343,False
liquor,Samoa,-0.1535778506870573,0.05328359710562836,False
liquor,Tonga,-0.11809745605577072,0.051316116052192384,False
beer,Nigeria,-1.0737022249994568,0.008036900645539117,False
beer,Ethiopia,-1.6109932661665851,-0.3346282793648459,True
beer,Egypt,-1.3243038147487431,-0.40966821079282884,True
beer,Congo,-1.0863941163285131,-0.1118985484890892,True
beer,Tanzania,-1.0116588492674141,-0.23978445776344265,True
beer,Kenya,-0.7140117594391701,-0.021328347758539336,True
beer,Uganda,-0.823142060306346,-0.039226355919224874,True
beer,Sudan,-1.4185258538873753,-0.09618787936591455,True
beer,Algeria,-0.9416521126645749,-0.365378372011187,True
beer,China,-1.1500198833679465,-0.16266967435773608,True
beer,India,-1.2233374828001762,-0.09880665494541506,True
beer,Indonesia,-0.9395088214185605,-0.04329940494647096,True
beer,Pakistan,-0.8077299478049355,-0.07811843710116803,True
beer,Bangladesh,-0.9461300269929235,-0.0421395276276179,True
beer,Japan,-0.7405996400256653,-0.1144321541559207,True
beer,Philippines,-1.2695722851611968,-0.1363353575217116,True
beer,Vietnam,-0.37149332125989887,0.17601164509496134,False
beer,Iran,-0.6654456685914891,-0.15155165172333576,True
beer,Turkey,-0.5855140619408394,-0.32856090545173416,True
beer,Russia,-0.8568200823536485,-0.24830336775380174,True
beer,Germany,0.19678530691271134,-0.29557537329398054,False
beer,France,-0.7405670184777036,-0.49018111370453554,True
beer,Italy,-0.8142802161781547,-0.5220074735566108,True
beer,Spain,-0.8036046954603168,-0.5437693052538827,True
beer,Ukraine,-0.6401941532923071,-0.24912163897307144,True
beer,Poland,-0.494500673318751,-0.29185343929433943,True
beer,Romania,-0.7445273790594076,-0.48082088862882993,True
beer,Netherlands,-0.6206671373715257,-0.33956791572151407,True
beer,Austria,-0.2949147176918202,-0.39226827952134674,True
beer,Mexico,-0.37299206904756044,-0.2509018660410314,True
beer,Canada,0.5960346355778767,0.25287319742884196,True
beer,Guatemala,-0.44231538565053957,-0.30737264634289085,True
beer,Haiti,-0.47156212706984824,-0.06448158305938395,True
beer,Cuba,-0.3657312438644534,-0.17583602965874995,True
beer,Honduras,-0.5249701056874193,-0.14841649648018207,True
beer,Nicaragua,-0.09288835455309334,-0.08516394405741019,True
beer,Brazil,-0.6508815445146413,-0.36374472745288844,True
beer,Colombia,-0.9140029422343965,-0.30133832864972804,True
beer,Argentina,-0.20602212775497064,-0.38840336661192015,True
beer,Peru,-0.9837042661744199,-0.3292031195181364,True
beer,Venezuela,-0.5217559426961091,-0.327590485061766,True
beer,Chile,-0.43181033201142605,-0.4446393166738951,True
beer,Ecuador,-0.9998995629236556,-0.3647345043995126,True
beer,Bolivia,-0.6650099327574786,-0.34038781999308954,True
beer,Paraguay,-0.8521347119346557,-0.2961352889306943,True
beer,Uruguay,-0.5725179598612419,-0.3582953383244755,True
beer,Australia,-0.16377601225542143,0.27502145026310615,False
beer,Fiji,-0.7446352706113653,0.1491089411762162,False
beer,Samoa,-0.800734153801899,0.09071927220778442,False
beer,Tonga,-1.022225488255043,-0.020251824515330516,True
wine,Nigeria,-1.8484992322129188,-0.0664630272712032,True
wine,Ethiopia,-0.6905708033495477,0.21720038642349998,False
wine,Egypt,-0.4070043620631418,0.3286956442607029,False
wine,Congo,-1.411442031635593,0.13310115186288798,False
wine,Tanzania,-1.4367562643688407,0.15797022314725165,False
wine,Kenya,-1.303530498807697,-0.0260024009450356,True
wine,Uganda,-2.1640130699552182,-0.035099417965491285,True
wine,Sudan,-1.6351341701557018,0.026527982767081806,False
wine,Algeria,0.12890695175907724,0.38641162154496594,True
wine,China,-0.9157977962287445,0.14717807683720255,False
wine,India,-0.9374499890080771,0.039912560833309865,False
wine,Indonesia,-1.4044054458038868,-0.01618781550537437,True
wine,Pakistan,-1.8357127105883924,-0.013853331673981565,True
wine,Bangladesh,-1.9786468492288036,-0.011973530062717366,True
wine,Japan,-1.0663973304185443,0.11062381922695776,False
wine,Philippines,-1.7062941544716244,0.01029949453405293,False
wine,Vietnam,-0.9529416173239921,-0.13707390418110335,True
wine,Iran,-0.9203324768390467,0.15794797383438608,False
wine,Turkey,-0.6042330930118677,0.2967282376956118,False
wine,Russia,0.03813250222646029,0.3200072474842383,True
wine,Germany,0.5508653489879358,0.37650968968288345,True
wine,France,2.0346505271025954,0.6623989276076057,True
wine,Italy,1.9750799326574544,0.5851433906772295,True
wine,Spain,0.9839570899501879,0.5295988529082345,True
wine,Ukraine,-0.4617744981060514,0.26218575807875305,False
wine,Poland,0.2656590283809982,0.3773132442143736,True
wine,Romania,0.7581234911208112,0.4940275924312731,True
wine,Netherlands,0.213415856315697,0.4190358417588174,True
wine,Austria,1.0006662438284093,0.49281146652944335,True
wine,Mexico,-0.4424492521896649,0.1738655532283541,False
wine,Canada,-0.6880502244460909,-0.18027205748816305,True
wine,Guatemala,-0.6464477464383299,0.20981052612465406,False
wine,Haiti,-0.4508640356002994,0.11998753932678903,False
wine,Cuba,-0.6529730487675216,0.18422659276729836,False
wine,Honduras,-0.996130011814555,0.041941164744632206,False
wine,Nicaragua,-1.2448080205061416,-0.003091269259775511,True
wine,Brazil,0.603452352376484,0.31430321699077274,True
wine,Colombia,-0.6434737669115079,0.19178017771194192,False
wine,Argentina,0.5555129988947549,0.36560329979696504,True
wine,Peru,-0.2899606426714918,0.26506740091071695,False
wine,Venezuela,-0.14610495942094365,0.22480925988214254,False
wine,Chile,0.20701423004441297,0.35536975950402483,True
wine,Ecuador,-0.41151608912210064,0.2159842901742745,False
wine,Bolivia,-0.3973582665235476,0.216019988302714,False
wine,Paraguay,-0.6226791101138042,0.24204050552019446,False
wine,Uruguay,-0.4092141860843608,0.2778043461485101,False
wine,Australia,-0.8724779997990814,-0.25425032433852984,True
wine,Fiji,-1.1439620893083595,-0.20547068484825048,True
wine,Samoa,-1.9367378169780052,-0.1550915981244049,True
wine,Tonga,-1.880106600785128,-0.0729921383760127,True
cider,Nigeria,-3.1182105988616082,0.024553366547612823,False
cider,Ethiopia,-2.415433359773189,0.05039960890541907,False
cider,Egypt,-2.3552124651952053,0.05185482368999236,False
cider,Congo,-3.004796666649965,0.008236043193203181,False
cider,Tanzania,-2.3899782454419576,0.1459598140554414,False
cider,Kenya,-1.8559721306995054,0.27194620213660003,False
cider,Uganda,-2.182543306662832,0.1313348322071867,False
cider,Sudan,-2.919783246635106,-0.028868189828781497,True
cider,Algeria,-3.6700177249838832,-0.10739265905405845,True
cider,China,-1.940496542494261,0.16511098453663348,False
cider,India,-1.499356391740232,0.19132715145507853,False
cider,Indonesia,-2.733945270334656,-0.05498785992628519,True
cider,Pakistan,-2.792714613738716,0.06609920031534504,False
cider,Bangladesh,-2.0881074083055986,0.14540724277194123,False
cider,Japan,-2.055233035736339,0.13144184528458094,False
cider,Philippines,-3.743387079755561,-0.2112997732970139,True
cider,Vietnam,-2.9887975848284563,0.07325514523298855,False
cider,Iran,-3.1150711005409444,-0.042413570909919776,True
cider,Turkey,-1.5954045989004637,0.04485660329903322,False
cider,Russia,-2.4342225026426703,0.08939724546101253,False
cider,Germany,-0.8898795987195046,0.034200587098178525,False
cider,France,-1.005153407309246,0.06197226511603985,False
cider,Italy,-1.4491010775830937,-0.058379040288782484,True
cider,Spain,-1.1605261549892463,-0.14595152715199305,True
cider,Ukraine,-1.9787053703246307,0.05887636884513479,False
cider,Poland,-1.1244964637971002,0.17000354063343917,False
cider,Romania,-2.544449811725786,-0.04369230381879311,True
cider,Netherlands,-1.1272627704546663,0.013300087557957425,False
cider,Austria,-1.2296245098328524,0.05719696082859433,False
cider,Mexico,-3.2089093385388128,-0.29198515350761284,True
cider,Canada,0.28400910745399877,0.17015116960680252,True
cider,Guatemala,-2.0354008247054995,-0.20235113894356668,True
cider,Haiti,-2.6830003687161956,-0.01831131958974187,True
cider,Cuba,-3.774688256846275,-0.13728273123464083,True
cider,Honduras,-2.203856361189937,-0.17010055544388597,True
cider,Nicaragua,-2.5305096253809443,-0.261702876089795,True
cider,Brazil,-2.661314005327045,-0.21230035717281986,True
cider,Colombia,-3.31081520669395,-0.2599070047248934,True
cider,Argentina,-2.2370294117677574,-0.21988114789402083,True
cider,Peru,-2.779652650954615,-0.18846505649344503,True
cider,Venezuela,-3.035929877880398,-0.29461757017960494,True
cider,Chile,-1.4898121020306723,-0.21456326878027232,True
cider,Ecuador,-2.340503641951211,-0.2908647044761277,True
cider,Bolivia,-2.8809343520686856,-0.2872229613161249,True
cider,Paraguay,-2.98899349816294,-0.13084262970648636,True
cider,Uruguay,-2.843187842732187,-0.23570260794342274,True
cider,Australia,-0.6622619775261728,0.30799635682674265,False
cider,Fiji,-1.6632897833316231,0.23304826498408784,False
cider,Samoa,-1.9716786876224508,0.09180770680840279,False
cider,Tonga,-1.786187095162989,0.04742347212602495,False
vodka,Nigeria,-1.6584849708136766,-0.016615007766905932,True
vodka,Ethiopia,-1.098727360097734,0.17019155517598814,False
vodka,Egypt,-0.4456006558599747,0.24827142977685887,False
vodka,Congo,-1.379282264801916,0.07648185400932121,False
vodka,Tanzania,-1.3604453500820932,0.13114612459760797,False
vodka,Kenya,-1.081166658665515,-0.012202802917848084,True
vodka,Uganda,-1.3723438764479567,0.008869646452846384,False
vodka,Sudan,-1.334131174393416,0.08307042156452982,False
vodka,Algeria,-0.2504611532111276,0.291055499609422,False
vodka,China,-1.2577781182307832,0.07277045561103329,False
vodka,India,-0.7628729333421903,0.03531055539951362,False
vodka,Indonesia,-1.1094065003285722,0.12324350257578526,False
vodka,Pakistan,-0.5268028363357896,0.08773092085584834,False
vodka,Bangladesh,-1.3453091150279766,0.038200112063413935,False
vodka,Japan,-0.9475557738861887,0.09265887125519955,False
vodka,Philippines,-1.0054821261722007,0.09003637982899501,False
vodka,Vietnam,-0.5983199407047635,-0.052336345200115125,True
vodka,Iran,1.3101411738735207,0.26110141355056854,True
vodka,Turkey,0.39511791112526157,0.36585985781504354,True
vodka,Russia,2.8390134076285527,0.36107472741266816,True
vodka,Germany,0.5768975346248763,0.41578991822994743,True
vodka,France,-0.029919043725788536,0.3518833880904511,False
vodka,Italy,-0.01403623084370907,0.3859089457020826,False
vodka,Spain,-0.19047364417222867,0.367454658760318,False
vodka,Ukraine,2.7436459643038646,0.3373418085912628,True
vodka,Poland,1.4334612961082216,0.3216998082654115,True
vodka,Romania,1.2720917344764766,0.41380393403216376,True
vodka,Netherlands,0.09774657540818676,0.43346694390759877,True
vodka,Austria,1.1428321889980155,0.4630197597707478,True
vodka,Mexico,-0.10686483073665877,0.16325797583344293,False
vodka,Canada,-0.06589164925091301,-0.2048000053685732,True
vodka,Guatemala,-0.0005814508156847534,0.14980445619666746,False
vodka,Haiti,-1.410092888762027,-0.008921660910610725,True
vodka,Cuba,0.1593656158454879,0.12741525946028728,True
vodka,Honduras,-0.22918615504035902,0.02677132494590929,False
vodka,Nicaragua,-0.38545886369412174,0.008745356775342402,False
vodka,Brazil,0.3794848281672798,0.28723038192560074,True
vodka,Colombia,-0.6989563945712939,0.16822322385491248,False
vodka,Argentina,1.489429681998745,0.3517190557920754,True
vodka,Peru,-0.4381776064845554,0.2064090184634204,False
vodka,Venezuela,0.8857672310965893,0.24307806150104044,True
vodka,Chile,0.052260421140082086,0.3064176739034498,True
vodka,Ecuador,-0.7047784676581197,0.1798754498663409,False
vodka,Bolivia,0.5311592121310676,0.21643097870823294,True
vodka,Paraguay,0.12736764351682664,0.20172284525522485,True
vodka,Uruguay,0.8063633373214937,0.27039534549314376,True
vodka,Australia,-0.5218160862975805,-0.17344101959990874,True
vodka,Fiji,-1.6463064985536011,-0.1569610010174713,True
vodka,Samoa,-1.2467794825919611,-0.07003859243306425,True
vodka,Tonga,-1.8884682559202903,-0.018596751185870068,True
rum,Nigeria,0.08789264123319009,0.18998811680565242,True
rum,Ethiopia,-0.5893833322433122,0.07748722364248538,False
rum,Egypt,-0.24184466164396262,0.024982511179474535,False
rum,Congo,0.596906006985597,0.19886472180988335,True
rum,Tanzania,-0.06526869772996774,0.1189660417899343,False
rum,Kenya,-0.46943271051820257,0.1401404537240507,False
rum,Uganda,-1.069962312943751,0.07303786497645726,False
rum,Sudan,-0.28842459010314253,0.043690106040073985,False
rum,Algeria,0.32525302002789375,0.07850331513319463,True
rum,China,0.7758384700451332,0.18162108771612534,True
rum,India,0.763301422469523,0.19668557922763305,True
rum,Indonesia,1.1830255295114975,0.17799700343071562,True
rum,Pakistan,0.29437511481511835,0.14531202829794135,True
rum,Bangladesh,0.9313991069679114,0.18826568230735047,True
rum,Japan,0.7610685491406456,0.19066405897382746,True
rum,Philippines,0.6603824044300954,0.11348401348319788,True
rum,Vietnam,0.7092833790043334,0.22342952135787691,True
rum,Iran,0.44758955656978605,0.07091280201815198,True
rum,Turkey,0.14458544554612535,0.12654146175442613,True
rum,Russia,0.17553973360110417,0.07673794046914248,True
rum,Germany,-0.48351298801857817,0.020592953557597334,False
rum,France,-0.2010322586942751,0.04833008262148149,False
rum,Italy,-0.5675396713169676,-0.031008692882457098,True
rum,Spain,0.5536707720099855,0.025909522558945387,True
rum,Ukraine,-0.9930103442180468,0.02405068945805282,False
rum,Poland,-0.38705661549529446,0.11131237895427674,False
rum,Romania,-0.8404125098949609,-0.025982533015207043,True
rum,Netherlands,0.5052888848838535,0.06256559675700449,True
rum,Austria,-1.2381422300063512,0.014069321529066417,False
rum,Mexico,0.4243804014497733,0.12488870293671267,True
rum,Canada,0.5034914833518142,0.1677499297532047,True
rum,Guatemala,0.5687490386059006,0.09322099655869757,True
rum,Haiti,1.543546361579232,0.20683995013968148,True
rum,Cuba,1.7689207387122259,0.23233562926108361,True
rum,Honduras,1.131983900488566,0.17033018644787454,True
rum,Nicaragua,0.7741661330800143,0.12459355849415174,True
rum,Brazil,1.169013349213813,0.0819948259731219,True
rum,Colombia,0.8626245525574824,0.06368552829702395,True
rum,Argentina,0.4283145533610394,0.06121325401597533,True
rum,Peru,0.5584436249210424,0.0730098325310651,True
rum,Venezuela,1.0529469824974844,0.06162261335154711,True
rum,Chile,0.1129520880949463,0.044094354689786674,True
rum,Ecuador,0.161385088941693,0.010722431814614842,True
rum,Bolivia,-0.18229589242933222,0.025998475295798792,False
rum,Paraguay,0.13966880629746872,0.10079115898024978,True
rum,Uruguay,0.43050165293346815,0.07511907303832971,True
rum,Australia,0.10435958406947625,0.13786110086791778,True
rum,Fiji,0.507217848904506,0.23482835795977552,True
rum,Samoa,-0.09318422519907589,0.21103900263087882,False
rum,Tonga,0.30466282684583323,0.2040414651910544,True
whiskey,Nigeria,-1.187357159420324,0.08089058989765627,False
whiskey,Ethiopia,-2.706856377935722,-0.13930139891223936,True
whiskey,Egypt,-1.5945184112818749,-0.11982930604247745,True
whiskey,Congo,-1.967102081372827,0.0017770564929863646,False
whiskey,Tanzania,-2.276774177006854,-0.0591696489527015,True
whiskey,Kenya,-1.8874569905761294,0.050556999509347104,False
whiskey,Uganda,-2.183147380314204,-0.00847908177612857,True
whiskey,Sudan,-2.16688596336514,-0.03528596987823836,True
whiskey,Algeria,-1.6148083022783266,-0.1642845614769027,True
whiskey,China,-1.6262359967280289,-0.04043833437147155,True
whiskey,India,-1.3639326972791939,-0.00630096932865179,True
whiskey,Indonesia,-2.866606807327434,-0.11334758893325937,True
whiskey,Pakistan,-1.5840626720764452,-0.04475482565957541,True
whiskey,Bangladesh,-1.6264956429261899,0.02173998728933976,False
whiskey,Japan,-2.208978771837704,-0.1257017639872633,True
whiskey,Philippines,-2.6727708725913697,-0.18443590836063073,True
whiskey,Vietnam,-1.7132286856065648,0.019943472771063227,False
whiskey,Iran,-1.434413700385317,-0.11556915703342799,True
whiskey,Turkey,-1.5410972870657094,-0.18716461225551784,True
whiskey,Russia,-1.0502144773048958,-0.1345042898740659,True
whiskey,Germany,-1.051127863444751,-0.21378168970224362,True
whiskey,France,-0.784624674021958,-0.18484481721729262,True
whiskey,Italy,-1.0366632331042707,-0.2658791775780626,True
whiskey,Spain,-1.1071028375099266,-0.33823863298602347,True
whiskey,Ukraine,-1.0154968377567206,-0.1676308541234072,True
whiskey,Poland,-1.1069826326765018,-0.12043420857821632,True
whiskey,Romania,-0.9326878254419697,-0.25903260383368576,True
whiskey,Netherlands,-2.3313719938344124,-0.2119648626578085,True
whiskey,Austria,-0.7991122331444868,-0.24028264033814614,True
whiskey,Mexico,-0.22000859007998264,-0.20141949692312341,True
whiskey,Canada,0.8325070995933944,0.17734675163862443,True
whiskey,Guatemala,-0.6468029256440576,-0.2420086565985415,True
whiskey,Haiti,-0.8569329093055085,0.040105000653454834,False
whiskey,Cuba,0.12080043251573135,-0.062515770467877,False
whiskey,Honduras,-0.3273172972037317,-0.07916875853448124,True
whiskey,Nicaragua,-0.38223092798533326,-0.09355510525185427,True
whiskey,Brazil,-0.3920724433484079,-0.1993264284374096,True
whiskey,Colombia,-1.2020875741752044,-0.23408076377016185,True
whiskey,Argentina,0.06689396170069274,-0.2519020651747577,False
whiskey,Peru,-0.7036888638955711,-0.2205553971152152,True
whiskey,Venezuela,-0.4319043672691095,-0.21565105362394865,True
whiskey,Chile,-0.5578116051008144,-0.29133915969681484,True
whiskey,Ecuador,-1.6296474319912884,-0.2749699108062759,True
whiskey,Bolivia,-0.5863953113995886,-0.2694041044274315,True
whiskey,Paraguay,-0.7352405546399675,-0.1690127661054861,True
whiskey,Uruguay,-0.09357354478673154,-0.22134525039283745,True
whiskey,Australia,-0.10644290981538262,0.23596269404629602,False
whiskey,Fiji,-0.9626879133776518,0.19342774954155637,False
whiskey,Samoa,-1.3579357496073325,0.09607091121310272,False
whiskey,Tonga,-1.792693238194066,0.06289742233649087,False
champagne,Nigeria,-2.0345273043179266,-0.09802384605616295,True
champagne,Ethiopia,-1.7599965693275135,0.1103124577581535,False
champagne,Egypt,-0.9793025903601259,0.2354600738379963,False
champagne,Congo,-1.1977366405912653,0.040459587062353336,False
champagne,Tanzania,-1.1022988681776458,0.14012773840440934,False
champagne,Kenya,-1.265187130092261,0.005831160228662545,False
champagne,Uganda,-1.731007661035972,-0.052928314475027834,True
champagne,Sudan,-2.34031185763096,-0.06024304691948142,True
champagne,Algeria,-1.3127013506632175,0.2348930737784194,False
champagne,China,-0.8935228638349231,0.13767919267890483,False
champagne,India,-1.0421546896418639,0.04500065579059508,False
champagne,Indonesia,-1.8240861971398556,-0.048072895307785954,True
champagne,Pakistan,-1.8456367727348488,-0.008977929679986105,True
champagne,Bangladesh,-1.341927948143299,0.028672574606207757,False
champagne,Japan,-0.9045649952295247,0.11969560524377373,False
champagne,Philippines,-2.066717260844578,0.013255074739934411,False
champagne,Vietnam,-1.9565472991470192,-0.1839292098506185,True
champagne,Iran,-1.5619710000893567,0.08615992494013647,False
champagne,Turkey,-1.27913936686109,0.25169806943070777,False
champagne,Russia,0.9474534926317028,0.27867922305421383,True
champagne,Germany,0.49246058461747866,0.285887783643756,True
champagne,France,1.2711127645033635,0.5595966880158996,True
champagne,Italy,1.1945804235431445,0.5120968091325733,True
champagne,Spain,0.40560805932804544,0.4400811926818886,True
champagne,Ukraine,-0.6625603958700742,0.22346540365229506,False
champagne,Poland,-0.19448489655859091,0.2902445705449825,False
champagne,Romania,1.1329102835884364,0.4575991936847721,True
champagne,Netherlands,-0.45115961584804876,0.33623769459483577,False
champagne,Austria,1.8016119739794625,0.41857040039980564,True
champagne,Mexico,-0.8953242225915212,0.11857648933743471,False
champagne,Canada,-0.35880275052064925,-0.14030024620394455,True
champagne,Guatemala,-0.8406809445568769,0.10606170210685097,False
champagne,Haiti,-0.33070931889083915,0.03532024345062995,False
champagne,Cuba,-0.473172072253505,0.11096127005126527,False
champagne,Honduras,-0.8682362414240492,-0.031579507062580024,True
champagne,Nicaragua,-1.3464887455298602,-0.08145952833397921,True
champagne,Brazil,0.030592089439381506,0.23899095681345678,True
champagne,Colombia,-0.6971712586070071,0.11960372630984974,False
champagne,Argentina,1.1417252979580566,0.29629506039210757,True
champagne,Peru,-0.743532001858181,0.1808671223186846,False
champagne,Venezuela,0.20965579228021408,0.16190650780414412,True
champagne,Chile,0.41561893788236054,0.2973094879957121,True
champagne,Ecuador,-0.7745975464398779,0.15139147386596835,False
champagne,Bolivia,-0.4245329990648097,0.12311165374920365,False
champagne,Paraguay,-0.983158770857928,0.16735422974419706,False
champagne,Uruguay,-0.5452994511507848,0.20231667878726292,False
champagne,Australia,-0.16626570550205194,-0.11360248538720599,True
champagne,Fiji,-0.699468020801505,-0.14489975438117111,True
champagne,Samoa,-1.658164033045082,-0.1182677571658253,True
champagne,Tonga,-1.5804004062508301,-0.09581840424397411,True
