country,beverage,direct_correlation,indirect_correlation,same_correlation
Nigeria,water,-0.1784815808712817,-0.03891754598658691,True
Nigeria,coffee,0.9756752215564862,0.05622774000471741,True
Nigeria,tea,0.6898558325650749,0.1729999897916103,True
Nigeria,juice,0.4470463205100492,-0.013498330239795648,False
Nigeria,milk,0.270067300287355,0.12363289284346367,True
Nigeria,soda,0.06335758131364426,-0.18475768179202187,False
Nigeria,alcohol,0.4544227044999749,0.01062555307432019,True
Nigeria,liquor,-0.5545925796489405,0.09962280895941333,False
Nigeria,beer,0.018772233634276728,-0.028863252303735796,False
Nigeria,wine,-0.6772374947176768,0.07545571396968209,False
Nigeria,vodka,-0.637943560891137,0.039533696647588754,False
Nigeria,whiskey,-0.1934212191261642,0.022623050888776492,False
Nigeria,champagne,-0.16549361462162385,0.14471216536674497,False
Ethiopia,water,0.8760294569630719,0.18784598994002064,True
Ethiopia,coffee,1.5584207549009832,0.12369473770534023,True
Ethiopia,tea,1.1444798742526368,0.25356565071739695,True
Ethiopia,juice,0.11497719324631206,0.08908746293644378,True
Ethiopia,milk,1.425730390836372,0.2265651972821434,True
Ethiopia,soda,0.15298512129299363,-0.21317203497513362,False
Ethiopia,alcohol,-0.10755578308092545,-0.04178469668929726,True
Ethiopia,liquor,-1.054292693671981,-0.14235253652114543,True
Ethiopia,beer,-0.727612105652432,-0.27174861996231536,True
Ethiopia,wine,0.14098660078544994,0.316109872391775,True
Ethiopia,vodka,-0.73211800143686,-0.062116829998481324,True
Ethiopia,whiskey,-0.8598425416372383,-0.2137924575778331,True
Ethiopia,champagne,0.25414851817630785,0.2674111251480632,True
Egypt,water,1.708818799748856,0.23660142311554425,True
Egypt,coffee,-0.05102557752740127,0.06330615620300009,False
Egypt,tea,0.9396582420023151,0.14987480417270857,True
Egypt,juice,-0.2849653898258888,0.1471006084349508,False
Egypt,milk,1.0275889683818924,0.13373093835158278,True
Egypt,soda,0.3450173142360969,-0.05451779229846331,False
Egypt,alcohol,-0.19656765007930285,0.009797264087847543,False
Egypt,liquor,-0.687202917158392,-0.1305160007352853,True
Egypt,beer,-0.7019566977847395,-0.2760458048218756,True
Egypt,wine,0.8572639247499713,0.2985898160903395,True
Egypt,vodka,-0.7947276619676632,-0.002870921707592974,True
Egypt,whiskey,-1.0943464694303444,-0.21360581031270737,True
Egypt,champagne,0.598363459519308,0.24538249369885728,True
Congo,water,0.6107897083662126,0.015591407021165479,True
Congo,coffee,1.5496250142532424,0.0747605903800109,True
Congo,tea,0.4998984349230638,0.19391872620216538,True
Congo,juice,0.6275238267806247,0.02000004709711118,True
Congo,milk,0.28594007172744607,0.1510093271112322,True
Congo,soda,0.04025979353760834,-0.3111252033038925,False
Congo,alcohol,-0.13777520593764864,-0.0682671399243146,True
Congo,liquor,-0.7514785922313613,-0.06899853514035727,True
Congo,beer,-0.4138600711303636,-0.19513458456641739,True
Congo,wine,-0.029161291860245478,0.26337891742718067,False
Congo,vodka,-0.6311721544060497,-0.03692571305507126,True
Congo,whiskey,-0.09515663243535182,-0.10181498644711907,True
Congo,champagne,1.0663348408384636,0.3243747600260813,True
Tanzania,water,0.43876974450868644,0.03129170537407291,True
Tanzania,coffee,1.0262228551047559,0.11674181375537628,True
Tanzania,tea,1.260699575891114,0.25554324593710503,True
Tanzania,juice,0.26052351067717894,0.02863867354935263,True
Tanzania,milk,0.9720741244307656,0.19035315613627535,True
Tanzania,soda,0.3329291650394313,-0.19729942526647418,False
Tanzania,alcohol,0.03797940712410611,-0.06227900322274633,False
Tanzania,liquor,-0.9714387288589822,-0.06982233206612097,True
Tanzania,beer,-0.043644003184408704,-0.10801847626607367,True
Tanzania,wine,-0.23419436478013275,0.1508435159527722,False
Tanzania,vodka,-0.6691089390553092,0.01547588682910595,False
Tanzania,whiskey,-0.4161438212126665,-0.1053566294438338,True
Tanzania,champagne,0.44054470279565877,0.20600295910119615,True
South Africa,water,-0.33074933983445287,-0.20284616326527874,True
South Africa,coffee,0.626524917793093,0.17160432456295582,True
South Africa,tea,0.6861455139115,0.20029500127164046,True
South Africa,juice,0.18707015995272708,0.016772283340062345,True
South Africa,milk,0.032931662841436164,0.13609711941013913,True
South Africa,soda,0.4113080971926154,-0.014945785479580441,False
South Africa,alcohol,-0.13466717259606598,-0.03244005753392964,True
South Africa,liquor,-0.8202148860192499,0.042607254810077634,False
South Africa,beer,0.3207885552288725,0.07918025744623994,True
South Africa,wine,-0.06448910465358361,0.022671950209668282,False
South Africa,vodka,-0.19612697617161318,0.2248887049638245,False
South Africa,whiskey,-0.39504231091052266,-0.020358303512635408,True
South Africa,champagne,0.3984347711803654,0.1445342599344054,True
Kenya,water,0.19734636825703758,-0.024211914570704842,False
Kenya,coffee,1.0176304965601555,0.2078714523555787,True
Kenya,tea,1.2973257463237668,0.32344533734660835,True
Kenya,juice,0.28911997812872153,0.06593186048260082,True
Kenya,milk,0.9144885029489777,0.27762663030200063,True
Kenya,soda,0.4084262724711001,-0.1103005978674749,False
Kenya,alcohol,-0.09323643270650356,-0.07205719775210474,True
Kenya,liquor,-1.027769114657843,-0.0523639027652241,True
Kenya,beer,0.10060302086203755,-0.03138353159515113,False
Kenya,wine,-0.27573629773661995,0.12717752087083745,False
Kenya,vodka,-0.6957213906127668,0.0689115221326848,False
Kenya,whiskey,-0.6704492251184674,-0.11733363372751203,True
Kenya,champagne,0.3427247492289283,0.16865468896570418,True
Uganda,water,0.20997220828111282,0.03296181829238859,True
Uganda,coffee,1.2107758551106336,0.1353917200677987,True
Uganda,tea,1.2982740972653835,0.2547209662141288,True
Uganda,juice,0.43127898248842633,0.05176681759786905,True
Uganda,milk,1.0736191724472688,0.20159099603199487,True
Uganda,soda,0.5275507925362694,-0.11203869623036208,False
Uganda,alcohol,0.11702800903929385,-0.03279731865833487,False
Uganda,liquor,-0.9341732099641697,-0.013477353685221008,True
Uganda,beer,-0.03554792069284618,-0.06977254444942392,True
Uganda,wine,-0.7997842217263569,0.09552581350974276,False
Uganda,vodka,-0.6376866121775615,0.03208002946733739,False
Uganda,whiskey,-0.6168697175620129,-0.0973884951395184,True
Uganda,champagne,-0.005519536227463074,0.15313867619008883,False
Sudan,water,0.9240330454595269,0.14411785824657602,True
Sudan,coffee,1.0823566632417638,0.07872619309640902,True
Sudan,tea,0.7597559527361535,0.135805762678841,True
Sudan,juice,-0.27678827685440244,0.0754273136622775,False
Sudan,milk,0.6542571824584609,0.0926826901227835,True
Sudan,soda,0.30477741661223046,-0.13663902352609583,False
Sudan,alcohol,0.18363101628391862,-0.03262590705190945,False
Sudan,liquor,-0.8998237600286899,-0.12311799301334479,True
Sudan,beer,-0.211519429733938,-0.18917281036496233,True
Sudan,wine,-0.2996031346288869,0.220570138571356,False
Sudan,vodka,-0.5677222878810522,0.015670809902685254,False
Sudan,whiskey,-0.640431415572746,-0.16478845639558337,True
Sudan,champagne,-0.014038920920677328,0.17888321557421732,False
Algeria,water,0.49122335235513104,0.14943897526566882,True
Algeria,coffee,0.5866325153359028,0.24947597564199128,True
Algeria,tea,-0.8928726940286835,0.31419457192065275,False
Algeria,juice,-0.5743683208859538,0.1931898514990318,False
Algeria,milk,-0.5579901893239665,0.27049446871959876,False
Algeria,soda,-0.6956134968903894,-0.2683440646649803,True
Algeria,alcohol,0.29694069298516595,-0.11123850175358582,False
Algeria,liquor,-1.3505223680770513,-0.26940192901632226,True
Algeria,beer,-0.30957015495900686,-0.382005588893798,True
Algeria,wine,1.107984937976594,0.4815196281947289,True
Algeria,vodka,-0.6333598615728663,0.06884959529945751,False
Algeria,whiskey,-1.1537698919999615,-0.33866448097981766,True
Algeria,champagne,1.2750580676561052,0.484500967828555,True
China,water,-0.08321554023549832,0.014987799489135473,False
China,coffee,0.35748083537424136,0.11636644372890931,True
China,tea,2.142403586021335,0.16887297889663003,True
China,juice,-0.26929507583779017,0.0525303978408131,False
China,milk,0.16722319147087586,0.10868876857708419,True
China,soda,0.16100933665026218,-0.063192679842424,False
China,alcohol,0.23393997168068553,0.017669851544297396,True
China,liquor,0.057153500583596285,-0.03232440755647071,False
China,beer,-0.38393598416019625,-0.1093002652725543,True
China,wine,0.44662044209080154,0.16187031774834498,True
China,vodka,-0.2473014034947846,0.05080589990115687,False
China,whiskey,-0.29508710587507864,-0.11149759684119186,True
China,champagne,0.20529244068956906,0.18366582128629444,True
India,water,0.5539435065283888,0.2181953803793071,True
India,coffee,0.463904794744075,0.23922789262666772,True
India,tea,1.7699639871128419,0.36903637638445563,True
India,juice,0.30333097148657234,0.32168930567144,True
India,milk,1.0977956496876093,0.3380352719191315,True
India,soda,0.13620608454811226,0.0020116345891692854,True
India,alcohol,0.5499526071512668,-0.08359707008039198,False
India,liquor,0.3043877922869725,-0.22211668768499804,False
India,beer,-0.4263195439666744,-0.2911720545286671,True
India,wine,-0.39556668867078804,0.33126414166745416,False
India,vodka,-0.3462344943421261,0.1787115797870558,False
India,whiskey,-0.7041084838096257,-0.3657562008335126,True
India,champagne,-0.2416141320603181,0.3384560517907642,False
Indonesia,water,0.25912549186622313,0.10821100111773602,True
Indonesia,coffee,1.2294984743828248,0.2815662137495703,True
Indonesia,tea,1.2727633750306926,0.34464785046900115,True
Indonesia,juice,-0.44906593170149983,0.14682571012050671,False
Indonesia,milk,-0.32912127784014805,0.3074916788413655,False
Indonesia,soda,0.05926979961103265,-0.10481458697840068,False
Indonesia,alcohol,0.3469800594852807,-0.006374158084052672,False
Indonesia,liquor,-0.35260777236941815,-0.12043068291943917,True
Indonesia,beer,-0.08107983500543409,-0.1693054292386129,True
Indonesia,wine,-0.39251963188544037,0.3084575063757069,False
Indonesia,vodka,-0.3095080622461622,0.17429627193171318,False
Indonesia,whiskey,-1.2946739600249677,-0.2737807762567972,True
Indonesia,champagne,-0.4395845185605918,0.30702300559772344,False
Pakistan,water,0.4511325954549657,0.17869047893206588,True
Pakistan,coffee,0.02784974931603376,0.25704276051253516,True
Pakistan,tea,1.2648828459625856,0.3513002044365856,True
Pakistan,juice,-0.8064639963526133,0.2932457737467523,False
Pakistan,milk,0.5596439772487046,0.31664233718727136,True
Pakistan,soda,0.13238438495683696,0.044979069569613984,True
Pakistan,alcohol,0.6058509686303443,-0.11672145314857267,False
Pakistan,liquor,-0.029372291520863396,-0.26219920968789856,True
Pakistan,beer,0.02384074907698004,-0.2773987290841667,False
Pakistan,wine,-0.6342694733791499,0.30030196811778437,False
Pakistan,vodka,-0.4292507665567106,0.18948682241729278,False
Pakistan,whiskey,-0.493958623011536,-0.3632442956793336,True
Pakistan,champagne,-0.19869432026195052,0.305793082956642,False
Bangladesh,water,0.5877132337323505,0.19103859892152644,True
Bangladesh,coffee,0.2986170762110342,0.23077619582321854,True
Bangladesh,tea,1.875547498898672,0.3420255336128816,True
Bangladesh,juice,-0.49372709990982505,0.25888528437641706,False
Bangladesh,milk,0.854219621713393,0.30453467953148816,True
Bangladesh,soda,-0.5306591300236271,-0.016233978808310654,True
Bangladesh,alcohol,0.47151547506642905,-0.0820126454118184,False
Bangladesh,liquor,0.22267861616041557,-0.2161985418526754,False
Bangladesh,beer,-0.05652311375449673,-0.2651639454208312,True
Bangladesh,wine,-1.3700390921372911,0.2827268921343027,False
Bangladesh,vodka,-0.8668013205308363,0.15255128420196232,False
Bangladesh,whiskey,-0.6267315483326527,-0.32446541415636626,True
Bangladesh,champagne,-0.8931339203174902,0.29399120288475467,False
Japan,water,-0.21102876003357293,0.1422722307636257,False
Japan,coffee,0.6644886661210242,0.10705616623781164,True
Japan,tea,1.9063766254520496,0.06089615869940479,True
Japan,juice,0.0048760391198448385,0.18130279735526952,True
Japan,milk,0.2577898243610864,0.08369105671900333,True
Japan,soda,0.6749085850135682,0.20639081979456014,True
Japan,alcohol,-0.007308448591407957,0.014921032506995042,False
Japan,liquor,-0.5905811561666138,-0.10850347521714485,True
Japan,beer,0.09163610962506127,-0.06748268794898672,False
Japan,wine,-0.48149904988300474,0.025481274690215727,False
Japan,vodka,-0.3389705063051524,0.04832764881065645,False
Japan,whiskey,-1.32485270218709,-0.15075848015112617,True
Japan,champagne,-0.6713996369226156,0.009530900210854154,False
Philippines,water,0.09140762818843148,0.1027133460222702,True
Philippines,coffee,0.9533547201802064,0.2209233892534598,True
Philippines,tea,1.1964698546427917,0.18498027403781045,True
Philippines,juice,0.10512887203928103,0.21196944313489566,True
Philippines,milk,0.027543722995304134,0.1873525975433972,True
Philippines,soda,0.37142201218887866,-0.003279558740568407,False
Philippines,alcohol,0.36547654972518034,0.047905903389244456,True
Philippines,liquor,0.2598155017747318,-0.04235002371642245,False
Philippines,beer,-0.04997220549151617,-0.13024285044282544,True
Philippines,wine,-0.6005771753562025,0.21427309584193796,False
Philippines,vodka,0.11320845048429456,0.13565301916423483,True
Philippines,whiskey,-0.466085359829311,-0.1800681559534512,True
Philippines,champagne,-0.6107930363042025,0.19574370925464024,False
Vietnam,water,-0.0336177481563573,-0.11627629893260158,True
Vietnam,coffee,0.3965136964446446,0.14339590288557008,True
Vietnam,tea,1.2978429356476375,0.16443706296536878,True
Vietnam,juice,-0.12884284911815957,0.011046438209127384,False
Vietnam,milk,-0.7162661043357613,0.14777431388471482,False
Vietnam,soda,-0.45426153937485053,-0.10704325373879937,True
Vietnam,alcohol,0.15138059373881704,-0.045779107567003874,False
Vietnam,liquor,0.051615520317315575,0.053569696881400425,True
Vietnam,beer,0.20141248757618718,0.07512961808931273,True
Vietnam,wine,-0.29489086088383887,0.05314271418178249,False
Vietnam,vodka,-0.3119253196377002,0.038136527390964334,False
Vietnam,whiskey,-0.4673826252566336,-0.004791216871762676,True
Vietnam,champagne,-0.28056227225948305,0.06911820068281456,False
Iran,water,0.40186001976908403,0.22240949774747085,True
Iran,coffee,-0.12295356841147209,0.22554660459338097,False
Iran,tea,0.09369572901606393,0.2544859169372948,True
Iran,juice,-0.8581509060651203,0.28217563669712564,False
Iran,milk,0.3136933102373222,0.24584879718039995,True
Iran,soda,-0.11028699158649687,0.06028839931489213,False
Iran,alcohol,0.5974499114631573,-0.05467537264582459,False
Iran,liquor,-0.5875702193298475,-0.3330121584494777,True
Iran,beer,-0.03222798336686385,-0.3435208654285925,True
Iran,wine,0.1375704439721079,0.37221230350198936,True
Iran,vodka,0.627025521884212,0.19521700986578763,True
Iran,whiskey,-0.9316719315136219,-0.3945081612413733,True
Iran,champagne,-0.24148178599353484,0.2941891173817643,False
Turkey,water,0.7409063813582587,0.24987352717189643,True
Turkey,coffee,0.09540336345604492,0.1959070631307532,True
Turkey,tea,0.42427402594288915,0.2768378577505148,True
Turkey,juice,-0.3909368750469331,0.23829102891886889,False
Turkey,milk,0.08377454497525698,0.25575811354428774,True
Turkey,soda,0.38315955044883615,-0.06173740826812431,False
Turkey,alcohol,0.2161661771363781,-0.03093977938701721,False
Turkey,liquor,-0.6641100644827153,-0.2518478571847893,True
Turkey,beer,-0.12347321537680367,-0.3609588936687672,True
Turkey,wine,0.5586968803466451,0.4051305592023009,True
Turkey,vodka,0.7328348411561142,0.16923741202757953,True
Turkey,whiskey,-1.0563470702835187,-0.3683533773214359,True
Turkey,champagne,0.5901648266084016,0.35722078705920307,True
Russia,water,-0.3116700046072615,0.26104987841660776,False
Russia,coffee,-0.5762982695075008,0.11762158355225583,False
Russia,tea,0.10296331177124417,0.21793621266988517,True
Russia,juice,-0.38027271624180015,0.23710386948429144,False
Russia,milk,-0.2513524322627174,0.16088165104551042,False
Russia,soda,-0.4174530582621083,-0.07480968850605076,True
Russia,alcohol,-0.03851239809918627,-0.05100804345202827,True
Russia,liquor,-1.0029000629834863,-0.2733512790226221,True
Russia,beer,-0.46888383575625414,-0.3809953282079768,True
Russia,wine,0.2998727657271035,0.3784326993317835,True
Russia,vodka,2.210228675475186,0.18266751474653817,True
Russia,whiskey,-0.8265009740263033,-0.340125202146341,True
Russia,champagne,0.8819280657643959,0.37175297816824104,True
Germany,water,-0.8848028569903775,0.089509234841163,False
Germany,coffee,-0.13545239308050638,0.22821884383840196,False
Germany,tea,-0.7739462512876605,0.331934880223149,False
Germany,juice,-1.0602707788226935,0.14712138960857193,False
Germany,milk,-0.8304843573851928,0.2710645991686438,False
Germany,soda,0.19350761389799312,-0.1922136779865435,False
Germany,alcohol,-0.3939121530759597,-0.07682006554704854,True
Germany,liquor,-1.2998020108023414,-0.2130046055722063,True
Germany,beer,0.6665037598154526,-0.3172789423118142,False
Germany,wine,0.1857356026049408,0.40730485926731114,True
Germany,vodka,0.0012064562913587428,0.13822156340731673,True
Germany,whiskey,-1.4697814695972198,-0.31254659799648826,True
Germany,champagne,0.17884465466589183,0.4005324285762475,True
United Kingdom,water,-0.5818436372877964,-0.14028684046312545,True
United Kingdom,coffee,0.019691602005867337,0.17269374257405973,True
United Kingdom,tea,1.0962968152165542,0.20825247709942676,True
United Kingdom,juice,-0.5579301930695341,0.03505785774773582,False
United Kingdom,milk,-0.15004535827538587,0.10770322939998177,False
United Kingdom,soda,-0.12437477946953744,-0.027213551252921124,True
United Kingdom,alcohol,0.14573402584559617,-0.07901821506481244,False
United Kingdom,liquor,-0.9833767438977906,-0.110567727031704,True
United Kingdom,beer,0.215754555717138,-0.03249595040076613,False
United Kingdom,wine,0.041745123160000536,0.111591145440146,True
United Kingdom,vodka,0.12352448224172723,0.179927041848532,True
United Kingdom,whiskey,-0.31688257176152973,-0.09578570685659944,True
United Kingdom,champagne,0.7203417048736868,0.228179001079204,True
France,water,-0.5521019793380347,0.09156053971694834,False
France,coffee,-0.07715694470576137,0.260173277995724,False
France,tea,-0.6755256815414103,0.34744453011414383,False
France,juice,-0.44845967513013474,0.23605493214156084,False
France,milk,-0.6808392917835283,0.28061575164717095,False
France,soda,-0.5243098994099233,-0.24044378008681058,True
France,alcohol,0.010448948841473913,-0.1177039568633526,False
France,liquor,-1.1150857798579163,-0.2891673852371017,True
France,beer,-0.32808720823983495,-0.4199676282430004,True
France,wine,1.4757225084757937,0.5156648823428335,True
France,vodka,-0.08203184758080644,0.07276814674537577,False
France,whiskey,-0.803719742152698,-0.3506571466192558,True
France,champagne,1.91042309598809,0.5465155966889541,True
Italy,water,-0.2635378470514082,0.25787732382860495,False
Italy,coffee,0.35004503188636565,0.31584270165010375,True
Italy,tea,-0.6869781396638198,0.3521968469718471,False
Italy,juice,-0.18681291152676757,0.3633586558190279,False
Italy,milk,-0.4528078704884173,0.31790883651992197,False
Italy,soda,0.2446058607336028,-0.13963977864514304,False
Italy,alcohol,-0.23021351191980402,-0.15974590658065504,True
Italy,liquor,-1.1730156364325917,-0.40028570477442177,True
Italy,beer,-0.08713055620418339,-0.48925496905920957,True
Italy,wine,1.2890760729003428,0.512381090923745,True
Italy,vodka,0.2524755743056601,0.13381576620004018,True
Italy,whiskey,-1.2922235338460866,-0.4815582858457971,True
Italy,champagne,1.1302834804798765,0.49568293174031713,True
Spain,water,-0.3716261915887702,0.18983062843536416,False
Spain,coffee,0.6479327952245211,0.26597366848878135,True
Spain,tea,-0.8796178514986712,0.2589431006095151,False
Spain,juice,-0.5950232324758737,0.26116512049300905,False
Spain,milk,-0.5987584927195391,0.2350852803971278,False
Spain,soda,-0.38896511011267937,-0.20613768961224674,True
Spain,alcohol,-0.1305310752118102,-0.10682160006717167,True
Spain,liquor,-1.3129326626331987,-0.30113270287519406,True
Spain,beer,0.13141934979524958,-0.4012087950729488,False
Spain,wine,0.9470962909279821,0.44635271654797526,True
Spain,vodka,-0.3422512225796916,0.09276702270841249,False
Spain,whiskey,-1.1156486099803562,-0.3663549076653735,True
Spain,champagne,0.8281555762364557,0.43439099030530015,True
Ukraine,water,-0.32512424148684266,0.2639312486162965,False
Ukraine,coffee,-0.3911948818337393,0.09046635435611043,False
Ukraine,tea,-0.19273393366239455,0.16339605783476754,False
Ukraine,juice,0.40636747232879505,0.22751385680271619,True
Ukraine,milk,0.4993900916725856,0.13622559391585537,True
Ukraine,soda,-0.5929979803040224,-0.05157862197562821,True
Ukraine,alcohol,0.2010884336576725,-0.018336882326403906,False
Ukraine,liquor,-1.2421537748508913,-0.22996280110011186,True
Ukraine,beer,-0.6278960293402561,-0.3153430920121089,True
Ukraine,wine,0.22308742344208543,0.32233338190499594,True
Ukraine,vodka,2.341513189751334,0.16888476230978497,True
Ukraine,whiskey,-1.1085877616895223,-0.31039091604075025,True
Ukraine,champagne,0.020450122743681437,0.2872334287311256,True
Poland,water,-0.3887147630702407,0.1970487351637657,False
Poland,coffee,0.12492456948993946,0.2636515548212985,True
Poland,tea,-0.14947524632459777,0.3729102503609019,False
Poland,juice,-0.475527231423829,0.18924654602270968,False
Poland,milk,0.21946311964428092,0.3437661072782476,True
Poland,soda,-0.17814972786844158,-0.17772178316146195,True
Poland,alcohol,0.030794729106277483,-0.124419765509047,False
Poland,liquor,-1.5089699275991801,-0.27179738632729294,True
Poland,beer,0.13378402864205255,-0.31540966310015534,False
Poland,wine,0.2325516341988472,0.43166276568027634,True
Poland,vodka,1.4018338176965521,0.10648254253698929,True
Poland,whiskey,-0.9745678801864307,-0.34524741914945634,True
Poland,champagne,0.11286184732544394,0.38357555797784515,True
Romania,water,-0.07934795429837353,0.2544438618074358,False
Romania,coffee,-0.16682695354637148,0.18103059524591505,False
Romania,tea,-0.4356303635382122,0.28479470988460787,False
Romania,juice,-0.09132215071531356,0.2632599979566628,False
Romania,milk,-0.05060108728094884,0.24068014552519043,False
Romania,soda,0.2649777887220243,-0.16285520146868532,False
Romania,alcohol,0.16704987868721438,-0.08687963132072259,False
Romania,liquor,-1.0995635819443228,-0.312013385328821,True
Romania,beer,-0.09352305036214496,-0.4447017057328382,True
Romania,wine,0.7215920317127382,0.48097392889684826,True
Romania,vodka,1.0854814418019794,0.13329260154889072,True
Romania,whiskey,-0.9963263662141153,-0.39864421320490856,True
Romania,champagne,0.7708856313803653,0.4505447436765283,True
Netherlands,water,-0.8079464338064107,0.010979481266643143,False
Netherlands,coffee,0.05136031833604567,0.3130773518292521,True
Netherlands,tea,-0.13949492513671574,0.43644197344664015,False
Netherlands,juice,-1.0225887091601489,0.12628788516945566,False
Netherlands,milk,-0.7320011169439488,0.3880742286001683,False
Netherlands,soda,-0.3284632495882741,-0.23312975629366098,True
Netherlands,alcohol,-0.5094749390609842,-0.10691058494183879,True
Netherlands,liquor,-1.426832463826554,-0.1654667581179953,True
Netherlands,beer,0.5910284245804505,-0.24386502993736867,False
Netherlands,wine,0.6408650177011347,0.4101269462365467,True
Netherlands,vodka,0.3067647241496512,0.15508266260559073,True
Netherlands,whiskey,-1.1618115931142592,-0.2927876435655137,True
Netherlands,champagne,0.8516266253961212,0.4365719108208074,True
Austria,water,-0.31530018027299733,0.14369837617062436,False
Austria,coffee,-0.18974557092935457,0.27000665628033277,False
Austria,tea,-0.6365282505789204,0.3928572324600794,False
Austria,juice,-0.8812068261375053,0.20589956412381163,False
Austria,milk,-0.8593062509222876,0.329509052818925,False
Austria,soda,0.1831912043974757,-0.19561224127678623,False
Austria,alcohol,-0.43396853254746465,-0.08014575821700709,True
Austria,liquor,-1.2812544027129353,-0.25823303965163497,True
Austria,beer,0.3188414090199615,-0.39647050215966884,False
Austria,wine,1.0677948827870662,0.4980429997576106,True
Austria,vodka,0.9122338408227585,0.17394719677282297,True
Austria,whiskey,-1.1121493272766627,-0.381223648659772,True
Austria,champagne,1.2877159436020553,0.497924962230716,True
United States,water,-0.4850525225453747,-0.16794828031558495,True
United States,coffee,0.4914422656242957,0.09838446869115579,True
United States,tea,0.29319876343406037,-0.09376332266072265,False
United States,juice,0.1575597797062127,0.024670249368208805,True
United States,milk,-0.23466954147727492,-0.11087418701878343,True
United States,soda,0.7411882276175213,0.3513042596516656,True
United States,alcohol,0.18493039737148254,0.07016355320635057,True
United States,liquor,-0.2918170942219212,0.15251482334363742,False
United States,beer,0.14440197928447032,0.19845391122081027,True
United States,wine,-0.45882904699435184,-0.15756590511461524,True
United States,vodka,0.3556980550031639,0.15422782690258915,True
United States,whiskey,0.5420646134477991,0.1910431206339978,True
United States,champagne,-0.047790331346251165,-0.11680895045614709,True
Mexico,water,-0.3253180697910055,0.1444081509873425,False
Mexico,coffee,0.6122948397190958,0.15089680907300773,True
Mexico,tea,-0.9746237027796982,0.036282445452842926,False
Mexico,juice,-0.1965061605295988,0.23726990844277393,False
Mexico,milk,-0.4565139597591968,0.06020091414393758,False
Mexico,soda,0.21116998879357118,0.0077586682070524314,True
Mexico,alcohol,0.14573394037974377,-0.001837500437158363,False
Mexico,liquor,-0.5197264971248955,-0.10564106720060418,True
Mexico,beer,0.1366672792806491,-0.20159200310888212,False
Mexico,wine,-0.051469418784536466,0.1655956960992427,False
Mexico,vodka,-0.0028506885977971535,0.060039166681637966,False
Mexico,whiskey,0.2185227708680996,-0.1516664488236288,False
Mexico,champagne,-0.11567031324340538,0.14531141244374488,False
Canada,water,-0.1426075667464917,-0.27437471151089354,True
Canada,coffee,0.5022637962670792,0.19497766766013272,True
Canada,tea,0.49030725886310417,0.12186825024696891,True
Canada,juice,0.1579988075939604,-0.00039056902926913514,False
Canada,milk,-0.3600156019526281,0.06890645246797676,False
Canada,soda,0.7292014607249522,0.10427996696814322,True
Canada,alcohol,-0.2799732223815202,-0.01503170312079037,True
Canada,liquor,-0.5898768142123892,0.07957700910844706,False
Canada,beer,0.29776231922726726,0.14822256340466158,True
Canada,wine,0.062109002935967286,-0.031018556623716956,False
Canada,vodka,0.41924390547275486,0.19793755140731878,True
Canada,whiskey,0.2968640792790984,0.07180727271070891,True
Canada,champagne,0.6987953196557117,0.06457506325571633,True
Guatemala,water,-0.3632449122534633,0.11446137866144349,False
Guatemala,coffee,1.4127502185290488,0.23514690806826488,True
Guatemala,tea,-0.3601133842645081,0.15924956906920076,False
Guatemala,juice,0.34144602512548594,0.21055716379121156,True
Guatemala,milk,-0.1165203096968265,0.17177964601402138,False
Guatemala,soda,0.031054390426701772,-0.1055313260289537,False
Guatemala,alcohol,0.07250333728926829,-0.04747225316805251,False
Guatemala,liquor,-0.5671735074590669,-0.11186635109120396,True
Guatemala,beer,-0.03494872641999311,-0.20761753549636647,True
Guatemala,wine,-0.023369661549407793,0.2400419090821973,False
Guatemala,vodka,0.19597817374728468,0.06616602766764418,True
Guatemala,whiskey,-0.03860320521773739,-0.1756544978689933,True
Guatemala,champagne,0.04667203178947575,0.23169331895431391,True
Haiti,water,0.353221861574041,-0.010657864617184308,False
Haiti,coffee,1.983441063751057,0.1820665962169696,True
Haiti,tea,-0.5331952910430284,0.14470509021552264,False
Haiti,juice,0.8965004991919945,0.12513487712394167,True
Haiti,milk,-0.57057996363172,0.1478696689613215,False
Haiti,soda,0.14711932162413918,-0.11954880590366093,False
Haiti,alcohol,-0.205932545485524,-0.030558212521139095,True
Haiti,liquor,-0.8236416956487763,0.009671196531097334,False
Haiti,beer,-0.4084159978225708,-0.14589630449533825,True
Haiti,wine,-0.1419216901477283,0.22949143552761095,False
Haiti,vodka,-0.4294997714646525,0.06528980841180071,False
Haiti,whiskey,-0.26317016533600146,-0.04309246078332604,True
Haiti,champagne,0.7918282815276617,0.24637193985069783,True
Cuba,water,-0.4838826911742927,0.10990696271391308,False
Cuba,coffee,1.428618319055712,0.2621154780940061,True
Cuba,tea,-0.54082435872278,0.2419641637424968,False
Cuba,juice,-0.3548084760214427,0.1710440147845815,False
Cuba,milk,-0.9111164927815567,0.22573146426931656,False
Cuba,soda,-0.6503596140105945,-0.21903083491070022,True
Cuba,alcohol,0.12892696547216137,-0.1250496378757302,False
Cuba,liquor,-0.14395680946442466,-0.12202101271568484,True
Cuba,beer,-0.18549369499913707,-0.24988842437622866,True
Cuba,wine,-0.04029166045200034,0.27599980743357094,False
Cuba,vodka,0.1548102934001818,0.03410093159521571,True
Cuba,whiskey,0.4229400306392439,-0.18264424473590501,False
Cuba,champagne,0.26044025700292117,0.30416544083165364,True
Dominican Republic,water,-0.662297477456423,0.13430723753364973,False
Dominican Republic,coffee,1.1401664238470866,0.2499759803782777,True
Dominican Republic,tea,-0.9159290921669778,0.17184826578420231,False
Dominican Republic,juice,0.2942102113220288,0.27150141945100653,True
Dominican Republic,milk,-0.8696901594761777,0.17357499417205444,False
Dominican Republic,soda,-0.03899832186812473,-0.11025287330995846,True
Dominican Republic,alcohol,0.2270420369163151,-0.02969966815792592,False
Dominican Republic,liquor,-0.5065623594351006,-0.13471527037516406,True
Dominican Republic,beer,-0.00852871845621312,-0.30470858605094603,True
Dominican Republic,wine,0.14384311954473225,0.3266839303791361,True
Dominican Republic,vodka,0.08743994460976577,0.08257146341893318,True
Dominican Republic,whiskey,0.15356147627356867,-0.19975894838160935,False
Dominican Republic,champagne,-0.05569706047824243,0.30051726605684814,False
Honduras,water,0.27454266176259423,0.03508188507506121,True
Honduras,coffee,1.5904065470211222,0.19087726112577483,True
Honduras,tea,-0.018395992965912617,0.09470387372927855,False
Honduras,juice,0.37117268649877116,0.12435735845852598,True
Honduras,milk,-0.08257021401434429,0.10094674742828713,False
Honduras,soda,-0.07798069264403112,-0.1099768834986417,True
Honduras,alcohol,-0.05410811767879706,-0.02170468569489901,True
Honduras,liquor,-0.7037850890399817,-0.00013655037143706433,True
Honduras,beer,-0.16345347021650874,-0.09491197799075185,True
Honduras,wine,-0.11305506041346526,0.15418162759245493,False
Honduras,vodka,-0.04263920884425816,0.07065407428643883,False
Honduras,whiskey,-0.19048816026073204,-0.05285028884725695,True
Honduras,champagne,-0.09930728865806049,0.1692066689074474,False
Nicaragua,water,-0.02456692915926988,0.05722945575200808,False
Nicaragua,coffee,1.4245489368688231,0.16400862827729895,True
Nicaragua,tea,-0.2675188080123082,0.050549795092575095,False
Nicaragua,juice,-0.19434011679330787,0.1292016491456684,False
Nicaragua,milk,-0.2163858916076573,0.06576649649938829,False
Nicaragua,soda,0.09487894032901893,-0.08679670337284474,False
Nicaragua,alcohol,0.13364976305705653,-0.02304617850710353,False
Nicaragua,liquor,-0.8134560687207797,-0.03374477041908182,True
Nicaragua,beer,0.040585297134970666,-0.121413838686074,False
Nicaragua,wine,-0.25849492141349084,0.13814028999636377,False
Nicaragua,vodka,0.05693789833036196,0.046419900316415824,True
Nicaragua,whiskey,-0.008076931967820394,-0.05912023602879595,True
Nicaragua,champagne,-0.2586872426813322,0.13119071532641263,False
El Salvador,water,-0.44657587210254174,0.12364842106676946,False
El Salvador,coffee,0.958804934249825,0.23218289976019058,True
El Salvador,tea,-0.8931409743864379,0.16192483423660237,False
El Salvador,juice,0.10510387290809425,0.21215494647480138,True
El Salvador,milk,-0.6321474627786396,0.17807978837370103,False
El Salvador,soda,0.18090560917186538,-0.10579161381533163,False
El Salvador,alcohol,0.23719184167465795,-0.03014872657621071,False
El Salvador,liquor,-0.5305983747108504,-0.081123057973197,True
El Salvador,beer,0.22361121525731917,-0.20516509292795385,False
El Salvador,wine,0.10233813972594706,0.2456293350376812,True
El Salvador,vodka,0.1371786135143703,0.06212197241626539,True
El Salvador,whiskey,0.015874549499791408,-0.15112976151433974,False
El Salvador,champagne,-0.24744762460373082,0.21757937353587584,False
Brazil,water,-0.2818702925092135,0.14192395611853306,False
Brazil,coffee,1.4815180416736664,0.2347198004889056,True
Brazil,tea,-0.39241052027691037,0.177502355202673,False
Brazil,juice,0.8162141947632511,0.2351181213486509,True
Brazil,milk,-0.28371111926157055,0.17027845151753732,False
Brazil,soda,0.303921503391772,-0.07190572198836595,False
Brazil,alcohol,0.011916061800930836,-0.03904686167551346,False
Brazil,liquor,-0.8943383524985503,-0.18009282928744125,True
Brazil,beer,-0.06833632713940702,-0.3051892235471127,True
Brazil,wine,0.5236784815425697,0.33236909994001074,True
Brazil,vodka,-0.17182446748676358,0.1325725946533348,False
Brazil,whiskey,-0.8645219815671227,-0.2687777904001509,True
Brazil,champagne,0.027654138693436598,0.3257333968968518,True
Colombia,water,-0.18414650173210254,0.15027859210089503,False
Colombia,coffee,1.7156072946090237,0.20443740459117138,True
Colombia,tea,-0.6717443875869178,0.09464346119367507,False
Colombia,juice,0.35029750189036357,0.2422668311046789,True
Colombia,milk,-0.39922233956014475,0.09307863263168098,False
Colombia,soda,0.23872122325784237,-0.04958322071987129,False
Colombia,alcohol,-0.09586788833404213,-0.04562681622531799,True
Colombia,liquor,-1.0107995596051809,-0.1778822884673201,True
Colombia,beer,-0.0897471913079525,-0.27815687591452426,True
Colombia,wine,-0.0032654222240888495,0.2749424175335457,False
Colombia,vodka,-0.40040005217081553,0.0869003320683427,False
Colombia,whiskey,-0.31231106786420365,-0.2223236418358116,True
Colombia,champagne,-0.0345251099770724,0.25960179812610956,False
Argentina,water,-0.5236763046935339,0.18812522099846316,False
Argentina,coffee,0.6579471006410388,0.25822206103609074,True
Argentina,tea,-0.9211492683022439,0.23261271867649064,False
Argentina,juice,-0.30477044110989626,0.2541264814950736,False
Argentina,milk,-0.6753200478774595,0.22067267641393584,False
Argentina,soda,0.02653908068714377,-0.15431364305285636,False
Argentina,alcohol,0.2421143645173786,-0.10165071023756488,False
Argentina,liquor,-0.8849887893016234,-0.2507576572769541,True
Argentina,beer,0.1259862934431478,-0.35097176022126025,False
Argentina,wine,0.6753638199729601,0.37412705094348747,True
Argentina,vodka,0.19974522787503893,0.0874543952281561,True
Argentina,whiskey,-0.44249349110107383,-0.31488294138172573,True
Argentina,champagne,0.6683176492069299,0.37397656756308834,True
Peru,water,0.5207606981103022,0.18475216043143325,True
Peru,coffee,1.43016879497978,0.15143782452480226,True
Peru,tea,0.4995268778669058,0.0833205656206185,True
Peru,juice,0.33998080169289036,0.2053343464127832,True
Peru,milk,0.04314940494252526,0.0835451492711121,True
Peru,soda,0.7036393657321298,-0.055361406340058206,False
Peru,alcohol,0.15326912224636224,-0.02171329434212304,False
Peru,liquor,-0.7060876975857804,-0.16338633533172559,True
Peru,beer,-0.5588765985238302,-0.2729587538669322,True
Peru,wine,0.5963149510805125,0.24530713031181378,True
Peru,vodka,-0.12958619209485386,0.02658138078145423,False
Peru,whiskey,-0.26368289028043274,-0.20907054022706115,True
Peru,champagne,0.2635431157048351,0.231172089926595,True
Venezuela,water,0.020974242368828798,0.16792197043495652,True
Venezuela,coffee,1.264382250992268,0.1846613848509096,True
Venezuela,tea,-0.7130955594561206,0.11021053298377362,False
Venezuela,juice,0.5689209283221698,0.23048333623046668,True
Venezuela,milk,-0.16191738372335504,0.1167430230830019,False
Venezuela,soda,0.10715250714244698,-0.06500724071557827,False
Venezuela,alcohol,0.21134982440393696,-0.056386140042287376,False
Venezuela,liquor,-0.6258335612437274,-0.15577357223019894,True
Venezuela,beer,-0.19717057109701164,-0.26634400630648397,True
Venezuela,wine,0.36015327352572746,0.2552801667800349,True
Venezuela,vodka,0.2541496414838883,0.08652563264746499,True
Venezuela,whiskey,-0.15624592186510478,-0.19940136198772793,True
Venezuela,champagne,0.3600775896539762,0.24481861943555314,True
Chile,water,0.09367595685630938,0.14177476401835423,True
Chile,coffee,1.5092775112797265,0.2171262987745795,True
Chile,tea,-0.1280880076336365,0.16090848521300596,False
Chile,juice,0.1973144968163749,0.22641400094085906,True
Chile,milk,0.11288880436031966,0.15168353535915102,True
Chile,soda,0.3764071295953013,-0.13027295602282882,False
Chile,alcohol,-0.11979889154624168,-0.06944090513201823,True
Chile,liquor,-0.9183636190286113,-0.19473124744033105,True
Chile,beer,-0.21122459737232702,-0.2918722624291988,True
Chile,wine,0.6208764102449245,0.3030758823027033,True
Chile,vodka,0.16528374517180067,0.06488696286973858,True
Chile,whiskey,-0.5351788645429697,-0.2437467021909062,True
Chile,champagne,0.6007005258432145,0.3012184317874927,True
Ecuador,water,0.18654364572238327,0.15855070440246524,True
Ecuador,coffee,1.7945857215434058,0.18612272085353906,True
Ecuador,tea,-0.16819971973208458,0.13059051338412422,False
Ecuador,juice,0.3146482687318576,0.19449309722061808,True
Ecuador,milk,0.002733058922447131,0.12663326742270894,True
Ecuador,soda,0.14265731109918325,-0.1339653012353723,False
Ecuador,alcohol,0.08766811611169233,-0.035342527007797934,False
Ecuador,liquor,-0.9284241585840373,-0.16949150217352316,True
Ecuador,beer,-0.36862813074766765,-0.2803267445165635,True
Ecuador,wine,0.3036890456260791,0.2953639352616183,True
Ecuador,vodka,-0.4913136044604598,0.05498728259207297,False
Ecuador,whiskey,-0.5983387812516464,-0.2180420757404795,True
Ecuador,champagne,0.14356557653235325,0.2879116481256996,True
Bolivia,water,0.17456938286074758,0.14658596274416244,True
Bolivia,coffee,1.4150897109104439,0.12949619197406467,True
Bolivia,tea,-0.18275942465829986,0.08301406466144222,False
Bolivia,juice,0.29964548289085424,0.15530298305190401,True
Bolivia,milk,0.30238850944744694,0.09190088442372864,True
Bolivia,soda,0.18480334701002438,-0.13884223378289928,False
Bolivia,alcohol,0.06926591226324207,-0.054330780987238696,False
Bolivia,liquor,-0.8530211111158756,-0.14531974064996311,True
Bolivia,beer,-0.1621892053223471,-0.2252685568291725,True
Bolivia,wine,0.500577427170473,0.22691434148910464,True
Bolivia,vodka,-0.1395323394102508,0.0010633592821852637,False
Bolivia,whiskey,-0.2599735859384156,-0.17971671988946933,True
Bolivia,champagne,0.41026821233196437,0.21620429965780755,True
Paraguay,water,-0.14120507115722086,0.18391702453366535,False
Paraguay,coffee,1.315026915609132,0.24531407701857574,True
Paraguay,tea,-0.3250476042947324,0.21215872393228666,False
Paraguay,juice,0.1241261979797814,0.21826668153766376,True
Paraguay,milk,0.15748794692218032,0.20281001948146427,True
Paraguay,soda,0.4398034074632289,-0.1667381896047047,False
Paraguay,alcohol,0.171381607115361,-0.07698432115505814,False
Paraguay,liquor,-0.6963903688057743,-0.19134766090231484,True
Paraguay,beer,-0.05893312382814393,-0.3214304031775221,True
Paraguay,wine,0.2979257090567001,0.3456008481276436,True
Paraguay,vodka,0.12192804162084812,0.04995298770267913,True
Paraguay,whiskey,-0.08414802488850077,-0.2572586899116613,True
Paraguay,champagne,0.045089403120796706,0.3338360571084361,True
Uruguay,water,-0.3261585490409579,0.17727675763015754,False
Uruguay,coffee,0.9642034117927389,0.26656388485120946,True
Uruguay,tea,-1.083442317168614,0.25868583069667633,False
Uruguay,juice,-0.07627290515259315,0.22670878778018025,False
Uruguay,milk,-0.46485127685216665,0.2504931441640752,False
Uruguay,soda,-0.004573109656521846,-0.18330800160947797,True
Uruguay,alcohol,-0.024612154269418554,-0.11466605988153035,True
Uruguay,liquor,-0.7915465442530241,-0.22973103151788396,True
Uruguay,beer,0.09555866283501756,-0.33976392820402374,False
Uruguay,wine,0.6731066842399801,0.38132960194197185,True
Uruguay,vodka,0.5363074704859931,0.09120895239491955,True
Uruguay,whiskey,-0.2604028395706637,-0.30451140745172084,True
Uruguay,champagne,0.5903589297674219,0.37575918018293,True
Australia,water,-0.31931487005221526,-0.14346435569275517,True
Australia,coffee,0.08903082748299485,0.19536332378531107,True
Australia,tea,0.4051726813414806,0.13549632469286182,True
Australia,juice,-0.5753525858115344,0.07962767921615352,False
Australia,milk,-0.9095114970036495,0.0609558251610985,False
Australia,soda,0.18482927194735543,0.1447632359634607,True
Australia,alcohol,-0.05632335489877205,-0.030582315991385618,True
Australia,liquor,-0.7764616019795936,-0.07263000606015971,True
Australia,beer,0.4314602844620811,0.05117125697922249,True
Australia,wine,-0.2204720191097172,-0.008264940670963663,True
Australia,vodka,0.09942350091302225,0.2369547804545526,True
Australia,whiskey,-0.11900617335898821,-0.07281391187127798,True
Australia,champagne,0.32352542811334145,0.06741026354499627,True
Papua New Guinea,water,0.5236136173174365,-0.14276115418001428,False
Papua New Guinea,coffee,0.8002905554431038,0.18650138366465743,True
Papua New Guinea,tea,1.3509768362268797,0.23155009562169748,True
Papua New Guinea,juice,0.2648073142943803,-0.021801002147003472,False
Papua New Guinea,milk,0.31539948837153914,0.17623542839676154,True
Papua New Guinea,soda,0.3512844754237988,-0.07185804631673003,False
Papua New Guinea,alcohol,0.0175355708306562,-0.04367713736545615,False
Papua New Guinea,liquor,-0.4566681737671085,0.029182869184180015,False
Papua New Guinea,beer,0.13414350115998563,0.11633801221385617,True
Papua New Guinea,wine,-0.3715926732453473,-0.012913133695322423,True
Papua New Guinea,vodka,-0.26914102448379956,0.10670100481447312,False
Papua New Guinea,whiskey,-0.43355655578749736,-0.025904911983612083,True
Papua New Guinea,champagne,-0.07633278795105486,0.07503861733065936,False
New Zealand,water,-0.37697182192692,-0.15864369145775317,True
New Zealand,coffee,0.3792321393508051,0.20919245277971996,True
New Zealand,tea,0.6433927825757136,0.16161466214958534,True
New Zealand,juice,-0.11957515014739739,0.05850462981060858,False
New Zealand,milk,-0.4827308491456788,0.09299950997040153,False
New Zealand,soda,0.3381903920680055,0.10063607719945124,True
New Zealand,alcohol,-0.26849007337519526,-0.07040799117029535,True
New Zealand,liquor,-1.001924002492405,-0.069098859679164,True
New Zealand,beer,0.39727095298430615,0.058829063463382236,True
New Zealand,wine,0.05890259215062197,-0.009211623719731804,False
New Zealand,vodka,-0.20855642898462282,0.1811332406817636,False
New Zealand,whiskey,-0.11516940043632927,-0.048194695461600975,True
New Zealand,champagne,0.3106315398023732,0.06296731287668811,True
Fiji,water,0.2508723193722006,-0.12019763453845655,False
Fiji,coffee,0.9015737481113456,0.110670918336131,True
Fiji,tea,0.8034745563589225,0.04194194982581462,True
Fiji,juice,0.21304122605131826,-0.02565313556888251,False
Fiji,milk,-0.7997114928634013,-0.0031279570615935664,True
Fiji,soda,0.30895897846262993,0.005838789802376051,True
Fiji,alcohol,-0.9214779285596902,-0.02532810483943351,True
Fiji,liquor,-0.5474955944601338,0.037690335935373395,False
Fiji,beer,0.12488314896893307,0.11413279289927032,True
Fiji,wine,0.18817453950495447,-0.05750347629562341,False
Fiji,vodka,-0.12986776741546036,0.05891532842893766,False
Fiji,whiskey,0.5610907125211148,0.07230712517770481,True
Fiji,champagne,0.7736635852143031,0.004659841301132913,True
Solomon Islands,water,0.14841826726968177,-0.19917435576169226,False
Solomon Islands,coffee,0.8425370690677719,0.12601351491595256,True
Solomon Islands,tea,1.1343544957767306,0.1622882643362943,True
Solomon Islands,juice,0.08450130907278003,-0.10588182575155332,False
Solomon Islands,milk,-0.5036712858097127,0.10112631629491502,False
Solomon Islands,soda,0.058142723978306075,-0.11870349475516834,False
Solomon Islands,alcohol,0.013371659667452573,0.012227353093688822,True
Solomon Islands,liquor,-0.507299353902593,0.13702939609398535,False
Solomon Islands,beer,0.2614813938810028,0.17059340446048146,True
Solomon Islands,wine,-0.3111654651987629,-0.03849337330128198,True
Solomon Islands,vodka,-0.5032546230842834,0.07863642255400582,False
Solomon Islands,whiskey,-0.3965383639771253,0.08046019915296057,False
Solomon Islands,champagne,0.36361411156576456,0.05182550495201164,True
Vanuatu,water,0.3684390348649783,-0.08542222616010063,False
Vanuatu,coffee,0.9177553812799676,0.1362302867224124,True
Vanuatu,tea,1.0406183275221774,0.15787165040149256,True
Vanuatu,juice,0.4355224459731648,0.004237667684903638,True
Vanuatu,milk,0.14159186293862697,0.11021856432193158,True
Vanuatu,soda,0.35495651178160764,-0.14774344812778628,False
Vanuatu,alcohol,0.36710262068191757,-0.0024297601952004374,False
Vanuatu,liquor,-0.3858770743864105,-0.01142216990470393,True
Vanuatu,beer,-0.020115259795791814,0.02394878856619928,False
Vanuatu,wine,-0.01227588049635082,0.08845269738321103,False
Vanuatu,vodka,-0.5396738350460555,0.09082348384611859,False
Vanuatu,whiskey,-0.6453342200704282,-0.041832609599069766,True
Vanuatu,champagne,0.2669428387690455,0.13307049553411385,True
Samoa,water,0.35641190283934937,-0.1718315034399418,False
Samoa,coffee,1.0233852757103328,0.09257608117056344,True
Samoa,tea,0.8904493828253581,0.07868820310363618,True
Samoa,juice,0.4055666108377545,-0.06076694158448757,False
Samoa,milk,0.1874865104741638,0.05930478651972155,True
Samoa,soda,0.42967677113517483,-0.06307179067703644,False
Samoa,alcohol,0.17553854125399782,0.020891380092783695,True
Samoa,liquor,-0.5827713602796836,0.1651652266528293,False
Samoa,beer,0.025389459868624356,0.15731929665836325,True
Samoa,wine,-0.11185970248526544,-0.06927418418512035,True
Samoa,vodka,0.03975255925490421,0.0509776782508851,True
Samoa,whiskey,-0.5867592099909121,0.12172566351551252,False
Samoa,champagne,0.2620520611112406,-0.007355325850881128,False
Kiribati,water,0.46736582228320983,0.0017201532140475693,True
Kiribati,coffee,0.8878974351240198,0.10207204148118378,True
Kiribati,tea,1.2869457467423933,0.09910048030032864,True
Kiribati,juice,0.17553611156056553,0.008733082142013519,True
Kiribati,milk,0.2716545819092961,0.04721534113698692,True
Kiribati,soda,0.6344068953037078,-0.060245590113688706,False
Kiribati,alcohol,0.21167928642153525,0.03285542566282224,True
Kiribati,liquor,-0.5246991370579152,-0.07567539814743171,True
Kiribati,beer,0.09378295194096327,-0.01513121213908773,False
Kiribati,wine,-0.21931065504574287,0.09587699827870076,False
Kiribati,vodka,-0.18765828530383413,0.07145723086074005,False
Kiribati,whiskey,-0.7641185827669436,-0.07961571952155332,True
Kiribati,champagne,0.17776321139033308,0.09224063217574743,True
Micronesia,water,0.6316374898443975,0.10458853566485134,True
Micronesia,coffee,0.7705667992710993,0.03640882824180597,True
Micronesia,tea,0.6929564558313865,-0.018521461258953,False
Micronesia,juice,0.7704576158005227,0.14985368040632938,True
Micronesia,milk,0.3316349174318561,-0.008054665028069544,False
Micronesia,soda,0.7195916910464428,0.27637378332933776,True
Micronesia,alcohol,0.33129745456794324,0.07585804369531228,True
Micronesia,liquor,-0.2696605823865328,0.006924615573701887,False
Micronesia,beer,-0.06541372116303001,-0.01682370335529732,True
Micronesia,wine,-0.30795220160461784,-0.028116097917955874,True
Micronesia,vodka,0.21807900869582247,0.06124103493622873,True
Micronesia,whiskey,-0.0898398259684367,-0.031894511131150195,True
Micronesia,champagne,0.26776043062411437,-0.022215237938679227,False
Tonga,water,0.38660300457753893,-0.13477707675810757,False
Tonga,coffee,0.6394901628275623,-0.024834387589857166,False
Tonga,tea,0.8695706712392101,0.06026967776758349,True
Tonga,juice,0.05878023062598425,-0.14020268151300655,False
Tonga,milk,-0.028165696745024362,0.023565495461830174,False
Tonga,soda,0.2236435013777968,-0.14117280180790004,False
Tonga,alcohol,0.20972517539828192,0.038700830930685264,True
Tonga,liquor,-0.4529285178316714,0.13193887372215632,False
Tonga,beer,0.05311093838596107,0.13886031077985603,True
Tonga,wine,0.087084625278951,-0.061757761669011424,False
Tonga,vodka,-0.3712474423751109,0.00507893937951821,False
Tonga,whiskey,-0.39133943558485934,0.12068755789404985,False
Tonga,champagne,0.5634490880172707,-0.008785590701654755,False
