country,sport,direct_correlation,indirect_correlation,same_correlation
Nigeria,football,1.030265937031482,-0.17806027423220486,False
Nigeria,basketball,0.3833720623267252,-0.24944298151062214,False
Nigeria,cricket,0.933514621277063,-0.07750726571806658,False
Nigeria,hockey,-0.45050099828778367,-0.2188183852963019,True
Nigeria,tennis,-0.040372461450209327,-0.24200684518446966,True
Nigeria,volleyball,0.5397898579576111,-0.27408387911641996,False
Nigeria,baseball,0.040954994727280813,-0.20117677231713565,False
Nigeria,rugby,0.6868050369880528,-0.17589877412204158,False
Nigeria,golf,-0.3399866351936556,-0.22075573166389667,True
Nigeria,athletics,0.2681066976765496,-0.28102710282347165,False
Nigeria,badminton,0.8764383507096802,-0.18193408194964072,False
Nigeria,boxing,0.3344063745905751,-0.21013505154661677,False
Nigeria,cycling,0.1310413745639153,-0.23972235001226894,False
Nigeria,swimming,-0.31113371245205346,-0.2299069236843844,True
Nigeria,shooting,-0.11078097756546113,-0.20937691917963697,True
Nigeria,gymnastics,-0.9433243134402994,-0.2028157905835949,True
Nigeria,handball,0.13675281567273026,-0.2327271400393085,False
Nigeria,wrestling,0.12138937983594615,-0.24050068916904074,False
Nigeria,skiing,-1.3536803175569603,-0.3306658738928104,True
Nigeria,bowling,-0.033162084798191334,-0.20097764065901366,True
Ethiopia,football,1.0490961416219666,-0.35984389220732405,False
Ethiopia,basketball,0.5229288822998716,-0.40963913609471225,False
Ethiopia,cricket,0.44090254175605353,-0.3403726927709234,False
Ethiopia,hockey,-0.3962046996627157,-0.4063209489762118,True
Ethiopia,tennis,0.060542807010964865,-0.3539578633633865,False
Ethiopia,volleyball,0.6394509521707017,-0.2786814217346957,False
Ethiopia,baseball,-0.0428409699921281,-0.41529901518513823,True
Ethiopia,rugby,0.3265850958925931,-0.3531984808295556,False
Ethiopia,golf,-0.4530661525300885,-0.5254117579183751,True
Ethiopia,athletics,-0.2511926927850493,-0.43479899081112733,True
Ethiopia,badminton,-0.002349197210359525,-0.4295686199740795,True
Ethiopia,boxing,-0.6457951579310947,-0.40304256266210453,True
Ethiopia,cycling,0.36817953760596234,-0.28911905890409134,False
Ethiopia,swimming,-0.4622837894494175,-0.33016300228485745,True
Ethiopia,shooting,-0.7771216792140886,-0.36326997249139936,True
Ethiopia,gymnastics,-0.9359956842122842,-0.15255654582750233,True
Ethiopia,handball,0.4244174229869933,-0.21860846632627035,False
Ethiopia,wrestling,-0.5039208068223988,-0.38361943027134904,True
Ethiopia,skiing,-0.06699512304243914,-0.3774138663569969,True
Ethiopia,bowling,-0.6879631771588318,-0.49023157697745684,True
Egypt,football,0.4800198487204704,-0.3283018879343958,False
Egypt,basketball,0.5133748738887509,-0.34586976216238025,False
Egypt,cricket,0.46223977971744645,-0.2750976995380859,False
Egypt,hockey,-0.2878677941752292,-0.35341786993511365,True
Egypt,tennis,0.2148416869122126,-0.3120825680237426,False
Egypt,volleyball,0.5575630333576678,-0.20176359540473043,False
Egypt,baseball,0.1618170652453938,-0.3604261062860476,False
Egypt,rugby,-0.25909702222860265,-0.30564329231402626,True
Egypt,golf,-0.24076712665971167,-0.4825507613782875,True
Egypt,athletics,-0.5389921632900698,-0.409929759758779,True
Egypt,badminton,-0.5745971960147368,-0.36638025387507084,True
Egypt,boxing,0.04711463894524395,-0.34423508470304953,False
Egypt,cycling,-0.3368759561613573,-0.30876681711416654,True
Egypt,swimming,0.39328819313857283,-0.3083701865994716,False
Egypt,shooting,-0.8525653282291039,-0.3568674322750888,True
Egypt,gymnastics,-0.5896939569850392,-0.13630839098116077,True
Egypt,handball,0.6301245603650172,-0.2151585051735355,False
Egypt,wrestling,-0.06174100994834448,-0.2970672185695029,True
Egypt,skiing,-1.0355321427861228,-0.38409106791064695,True
Egypt,bowling,-0.5825324129900546,-0.4350799672761173,True
Congo,football,1.0089412700280083,-0.17560418105338463,False
Congo,basketball,0.17562831490493622,-0.27421828490560335,False
Congo,cricket,0.6105725606367531,-0.2371089494768022,False
Congo,hockey,-0.18692146544352936,-0.22895687377160406,True
Congo,tennis,0.34809845882028584,-0.1518999948716297,False
Congo,volleyball,0.1277749137787623,-0.18568104203284957,False
Congo,baseball,0.22658965115393848,-0.2462301649487231,False
Congo,rugby,1.0447614043699405,-0.17820587936577523,False
Congo,golf,-0.5198015256312003,-0.28206713198986155,True
Congo,athletics,0.48338377799511095,-0.192147552459158,False
Congo,badminton,0.14638018658854016,-0.20519066656581292,False
Congo,boxing,0.35907528778593195,-0.2110271705752376,False
Congo,cycling,1.0815901431182822,0.006829436891713455,True
Congo,swimming,-0.2819679286904057,-0.1483798379387333,True
Congo,shooting,-0.1196964880776041,-0.17741097073378276,True
Congo,gymnastics,-0.20706365652126188,-0.060128492605736474,True
Congo,handball,0.1232824132150185,-0.04135247965443051,False
Congo,wrestling,-0.14857162552542671,-0.24337586193627686,True
Congo,skiing,-0.2971081118239842,-0.1408905905232139,True
Congo,bowling,-0.757849102667258,-0.2963943956978764,True
Tanzania,football,1.0633095669805823,-0.22420282330340907,False
Tanzania,basketball,0.28730884261778455,-0.28691269853311424,False
Tanzania,cricket,1.7999412578594736,-0.08769462976251406,False
Tanzania,hockey,0.18872072035672627,-0.23796343252695262,False
Tanzania,tennis,0.3203069586505583,-0.20059620365467037,False
Tanzania,volleyball,0.7535682911659858,-0.2395134080473288,False
Tanzania,baseball,0.13876936592595865,-0.28082979134897773,False
Tanzania,rugby,1.0674695455147747,-0.200393243411767,False
Tanzania,golf,-0.09698163962496915,-0.2621677669514699,True
Tanzania,athletics,0.40098099863525133,-0.2455241333570858,False
Tanzania,badminton,1.047851861745212,-0.1454464998974748,False
Tanzania,boxing,0.1687864972010522,-0.17510721207490174,False
Tanzania,cycling,0.5594618219951679,-0.13497890000650895,False
Tanzania,swimming,0.7192928067757424,-0.1291191224858871,False
Tanzania,shooting,-0.0396073761245612,-0.13022359569944392,True
Tanzania,gymnastics,-0.664886953162521,-0.08018388801688507,True
Tanzania,handball,0.21867729326692104,-0.16448223496288175,False
Tanzania,wrestling,-0.006033905188038675,-0.21069970199086901,True
Tanzania,skiing,0.24892701575513185,-0.2103895633782362,False
Tanzania,bowling,0.5414028901801327,-0.2132374380619727,False
South Africa,football,0.45368429462476634,-0.05852775676350179,False
South Africa,basketball,0.32910619374796674,-0.03713674506616533,False
South Africa,cricket,1.6671160178233733,0.08746656558581953,True
South Africa,hockey,0.5632727834402129,0.011215595418510358,True
South Africa,tennis,0.6529671155141668,0.05497282264524986,True
South Africa,volleyball,0.6391671221626481,-0.06801508460555585,False
South Africa,baseball,0.16863920886063125,-0.04723444999265463,False
South Africa,rugby,1.6171303881118038,-0.03429763719520602,False
South Africa,golf,0.2771739333443121,0.12985916450059995,True
South Africa,athletics,0.4564771085974814,0.09626699489169926,True
South Africa,badminton,1.068092283319431,0.1982685151406361,True
South Africa,boxing,0.5011343337803325,0.0961850580108508,True
South Africa,cycling,1.1220147738164423,0.08855458839924454,True
South Africa,swimming,0.42261576202292317,0.14346529049566967,True
South Africa,shooting,0.11235545272421858,0.14915951640946265,True
South Africa,gymnastics,-0.10440382440496125,0.07326275445785158,False
South Africa,handball,-0.2358225243152079,-0.05396643741750045,True
South Africa,wrestling,-0.25275310549799473,0.0013646063337761428,False
South Africa,skiing,0.6704307557979323,0.1275202065452261,True
South Africa,bowling,1.1540476078107351,0.1762013464268437,True
Kenya,football,0.9120535552661402,-0.24757782861913183,False
Kenya,basketball,0.3284737428322755,-0.26387521799656505,False
Kenya,cricket,1.7416744138941171,-0.0666958100909726,False
Kenya,hockey,0.14557842935449264,-0.21294249690944703,False
Kenya,tennis,0.29079835149869593,-0.1947630380261186,False
Kenya,volleyball,0.731966791444268,-0.25112398198225855,False
Kenya,baseball,-0.21070779589878855,-0.26462333853342423,True
Kenya,rugby,1.15279930843086,-0.22450533831746805,False
Kenya,golf,0.2636706288602111,-0.16807972302124774,False
Kenya,athletics,0.3996755008059217,-0.17829135858195636,False
Kenya,badminton,0.9816649415221179,-0.06784922206901459,False
Kenya,boxing,-0.14958052013588302,-0.15142373979066423,True
Kenya,cycling,0.989787805144817,-0.14805864325525764,False
Kenya,swimming,0.2352459582357058,-0.09160699448004164,False
Kenya,shooting,0.17616350280916482,-0.08606400621007664,False
Kenya,gymnastics,-0.9690783965316122,-0.06908065443665265,True
Kenya,handball,0.13613760950031925,-0.22327587433086926,False
Kenya,wrestling,-0.33819523404110036,-0.20547536556231694,True
Kenya,skiing,0.5204178142064425,-0.1478144805241443,False
Kenya,bowling,0.5187565088068169,-0.09503355233447772,False
Uganda,football,1.050061039387617,-0.23633531559012083,False
Uganda,basketball,0.4198060477506277,-0.26716662515148404,False
Uganda,cricket,1.3889863341392124,-0.07686228850961839,False
Uganda,hockey,0.2415073415261547,-0.20533813762739517,False
Uganda,tennis,0.18168218539342865,-0.21602866665932216,False
Uganda,volleyball,0.6132471301948794,-0.25263210631322874,False
Uganda,baseball,0.1178443540593882,-0.25567964979065844,False
Uganda,rugby,0.9637608102298632,-0.2110820743402152,False
Uganda,golf,-0.24233539766105247,-0.21731312270089606,True
Uganda,athletics,0.6055755070091651,-0.2386172369493388,False
Uganda,badminton,0.8434626990063078,-0.12038334474719287,False
Uganda,boxing,-0.1895788993988331,-0.20861146496153915,True
Uganda,cycling,0.44996238534123006,-0.17148970225768254,False
Uganda,swimming,-0.01280586906928032,-0.1557757555854663,True
Uganda,shooting,-0.29226781168668986,-0.13754319537412704,True
Uganda,gymnastics,-0.666614952889107,-0.11846240459057716,True
Uganda,handball,0.17734553300256997,-0.2183386804598853,False
Uganda,wrestling,-0.09994488435085212,-0.22643594013364546,True
Uganda,skiing,0.01262517896008715,-0.20381074996260448,False
Uganda,bowling,0.31229713634457373,-0.14875823190181964,False
Sudan,football,1.1182467553357909,-0.2474407283483825,False
Sudan,basketball,0.40612049012096624,-0.2635956887855159,False
Sudan,cricket,1.3915600038849876,-0.2174490020513043,False
Sudan,hockey,-0.24079516001237408,-0.2686148141146145,True
Sudan,tennis,0.11755052836863181,-0.2234772209425192,False
Sudan,volleyball,0.4149157477114689,-0.15457416227459592,False
Sudan,baseball,-0.21722560399142865,-0.3130639452854676,True
Sudan,rugby,0.21936067544789337,-0.24560853785172168,False
Sudan,golf,-0.14155314570850425,-0.3765234418019292,True
Sudan,athletics,-0.44767992563664116,-0.3245936762958861,True
Sudan,badminton,-0.17537107779306707,-0.24851090256435834,True
Sudan,boxing,-0.11821060388288979,-0.27481746963119674,True
Sudan,cycling,-0.12591341794959005,-0.2280720803369909,True
Sudan,swimming,-0.7023377551117795,-0.24722067347021576,True
Sudan,shooting,0.16870505793169044,-0.2509713881179245,False
Sudan,gymnastics,-1.6519626260585591,-0.13673608806946547,True
Sudan,handball,0.5153476253445708,-0.14678215047597584,False
Sudan,wrestling,-0.3326190088204453,-0.2524436167283283,True
Sudan,skiing,-0.8824001679011351,-0.2983362387167427,True
Sudan,bowling,-0.6374868628253008,-0.3452259238159238,True
Algeria,football,0.9896389083118075,-0.2834968811803006,False
Algeria,basketball,0.35258469794343483,-0.313969494315199,False
Algeria,cricket,-0.1896185843955426,-0.402478271723442,True
Algeria,hockey,-0.4881440424478435,-0.3343625090659501,True
Algeria,tennis,0.48698791417055104,-0.10536522213550245,False
Algeria,volleyball,1.0636751073507082,-0.08176271758915181,False
Algeria,baseball,-0.48064879331212323,-0.4064192733146659,True
Algeria,rugby,0.25706623781869137,-0.31173842273881586,False
Algeria,golf,-0.8696268939834199,-0.4455316411538084,True
Algeria,athletics,0.454695290004047,-0.14934074441395945,False
Algeria,badminton,-0.25845794678641604,-0.19782824360371098,True
Algeria,boxing,0.424096017130667,-0.20317216667431473,False
Algeria,cycling,1.3289347954451536,0.02912401895672499,True
Algeria,swimming,0.05491525118481193,-0.043396822532728065,False
Algeria,shooting,0.37565299314387646,-0.16434254793298195,False
Algeria,gymnastics,-0.8694249987383005,0.12799975471664887,False
Algeria,handball,1.200127800866986,0.05878858035506324,True
Algeria,wrestling,0.17191301733886505,-0.23848651896974857,False
Algeria,skiing,0.4185163457395232,-0.03956572719692305,False
Algeria,bowling,-1.393950612452291,-0.41677251232763524,True
China,football,0.22895087980249837,-0.1329344039912613,False
China,basketball,0.02734021649191918,-0.14535045219730172,False
China,cricket,0.2060012533695375,-0.05273663003509026,False
China,hockey,0.21146628077293592,-0.12934600983234804,False
China,tennis,0.15219100267993232,-0.027753761030674434,False
China,volleyball,0.7366508187949545,-0.015470181673475093,False
China,baseball,0.872309128658305,-0.13566093884393504,False
China,rugby,-0.20429001738468994,-0.1317238803118677,True
China,golf,0.4983503694157844,-0.10004706966922254,False
China,athletics,-0.8658508458005902,-0.07127072780053913,True
China,badminton,1.6937147570182043,0.0513414041033399,True
China,boxing,0.19811010188915612,-0.00613775382078533,False
China,cycling,-0.08857260649945048,-0.023422867581814544,True
China,swimming,-0.008122469121822368,-0.016953266894898792,True
China,shooting,-0.1137799266446227,-0.049725852831896566,True
China,gymnastics,-0.17297631460393736,0.06700214334348145,False
China,handball,-0.3912261544946943,-0.06643898635899632,True
China,wrestling,-0.33559014519187264,-0.06613689442701837,True
China,skiing,0.39397009755738605,-0.06727101547243086,False
China,bowling,0.49951940078157536,-0.09430121152142053,False
India,football,0.31915386185387895,-0.2700810040655707,False
India,basketball,0.14129851740698843,-0.2611445797321665,False
India,cricket,2.401612987226843,-0.09477166708607225,False
India,hockey,0.8293779723933355,-0.23841419841742165,False
India,tennis,0.16594570325701327,-0.1165372014812741,False
India,volleyball,0.5406460332736992,-0.0185450180822836,False
India,baseball,-0.1659221798548716,-0.3636396891779872,True
India,rugby,-0.24686450378473287,-0.3046849596356822,True
India,golf,0.2789470637573728,-0.34841651451361233,False
India,athletics,-1.0611102244072999,-0.28416845685819586,True
India,badminton,1.4045829136895556,0.020040468007902292,True
India,boxing,-0.07556966327762779,-0.15429762318914536,True
India,cycling,-0.4418263319742674,-0.20515428120034776,True
India,swimming,-0.5035066026004283,-0.1181476357935951,True
India,shooting,-0.16695898942692908,-0.16182439540923993,True
India,gymnastics,-1.222721445555895,0.04110603300703333,False
India,handball,-0.8823428027380992,-0.10062433540019203,True
India,wrestling,-0.11800589329978578,-0.19663606198843947,True
India,skiing,-0.44073458750334754,-0.2128450511977977,True
India,bowling,0.9898066574398665,-0.2600639682782179,False
Indonesia,football,0.6940309399784352,-0.16711794337925526,False
Indonesia,basketball,0.37109555403591377,-0.1962494188234634,False
Indonesia,cricket,0.9759713408233877,-0.1360305825073779,False
Indonesia,hockey,-0.26780057033168153,-0.19018027499062667,True
Indonesia,tennis,-0.09119647566759066,-0.05073827749659723,True
Indonesia,volleyball,1.2867240073518225,0.009012015013139096,True
Indonesia,baseball,0.4199304435304535,-0.25866533793898294,False
Indonesia,rugby,-0.16047725111701194,-0.21676032301122036,True
Indonesia,golf,-0.25310680648750583,-0.30929241374728145,True
Indonesia,athletics,-0.6643340898616207,-0.15457273669051277,True
Indonesia,badminton,2.3673175514163103,-0.015301025588506177,False
Indonesia,boxing,0.23745321478090187,-0.09253868088217514,False
Indonesia,cycling,0.11104477211650715,0.01036080144877155,True
Indonesia,swimming,0.6456828750964768,0.013983768272746564,True
Indonesia,shooting,0.09171076136380585,-0.049519055055125424,False
Indonesia,gymnastics,-0.6369265491737038,0.1371863002942124,False
Indonesia,handball,-0.029668068337654202,0.06997477135612239,False
Indonesia,wrestling,-0.11081421296005872,-0.11673100579154365,True
Indonesia,skiing,-0.07371527442643502,-0.06813445836595435,True
Indonesia,bowling,0.6871516027078132,-0.2096657848745085,False
Pakistan,football,0.39667489808121936,-0.259801988218327,False
Pakistan,basketball,0.09210229471258355,-0.19690025100675418,False
Pakistan,cricket,2.8633228283565395,-0.10882096816917818,False
Pakistan,hockey,1.2667482359162836,-0.19076712478040098,False
Pakistan,tennis,-0.03426771556655595,-0.04725683527302466,True
Pakistan,volleyball,0.7348139280602184,0.04026307157916752,True
Pakistan,baseball,-0.09133832367146054,-0.3144865349809091,True
Pakistan,rugby,-0.18130224846322707,-0.2967052100141963,True
Pakistan,golf,0.07094002509588108,-0.24897352333728387,False
Pakistan,athletics,-0.6838059099106518,-0.17772185350807623,True
Pakistan,badminton,1.602747113820207,0.0932880841510434,True
Pakistan,boxing,0.6085467881574983,-0.08894060629341825,False
Pakistan,cycling,-0.5817932602293414,-0.15391325689306298,True
Pakistan,swimming,-0.45063037196822464,-0.04764454432717729,True
Pakistan,shooting,0.658629473920219,-0.08851960105388473,False
Pakistan,gymnastics,-1.2004341879344025,0.08891592914324122,False
Pakistan,handball,-0.22279002531016556,-0.07135516919040726,True
Pakistan,wrestling,0.8591948270311381,-0.14262179591197482,False
Pakistan,skiing,0.2830390530479627,-0.08549135828037195,False
Pakistan,bowling,1.2579042164021397,-0.18099101160906853,False
Bangladesh,football,0.4268177154527735,-0.26725753741005354,False
Bangladesh,basketball,-0.17283623232688716,-0.24773162566184315,True
Bangladesh,cricket,3.113411791244998,-0.11801394897341841,False
Bangladesh,hockey,0.8849383286010449,-0.22566871435962055,False
Bangladesh,tennis,-0.37188370578102176,-0.12034044995916672,True
Bangladesh,volleyball,0.5166208346240674,-0.05409753281180352,False
Bangladesh,baseball,-0.11466641218348067,-0.3352897184629623,True
Bangladesh,rugby,-0.7047115638115448,-0.3022397584071,True
Bangladesh,golf,-0.3608740504681968,-0.3139593933263713,True
Bangladesh,athletics,-0.260401378733008,-0.2431871945639262,True
Bangladesh,badminton,2.4067697567458364,-0.0006570353146888191,False
Bangladesh,boxing,0.7338945959942059,-0.1500248409981354,False
Bangladesh,cycling,-0.5525882406811474,-0.2138062020886931,True
Bangladesh,swimming,-0.3982536548805635,-0.11005650398804723,True
Bangladesh,shooting,0.3594498111150959,-0.1480776079934412,False
Bangladesh,gymnastics,-1.478445539045662,0.020877942016701102,False
Bangladesh,handball,-0.09951682677494618,-0.0992025654352536,True
Bangladesh,wrestling,0.12255288005804951,-0.2089883768072572,False
Bangladesh,skiing,-0.6573462943528154,-0.17980570334426133,True
Bangladesh,bowling,1.7502321292704517,-0.24557834662925748,False
Japan,football,0.023959334734872998,0.03622773318072674,True
Japan,basketball,0.15118191099985442,0.05970313212478814,True
Japan,cricket,-0.21629173391457554,0.06500873883017665,False
Japan,hockey,-0.05105703660443723,0.04731641352534877,False
Japan,tennis,0.016870943274739578,0.09775228006735703,True
Japan,volleyball,1.141430064013259,0.18627999044030816,True
Japan,baseball,1.1739667942649485,0.03197293950945098,True
Japan,rugby,0.06094580171183972,0.009976382492865749,True
Japan,golf,0.1308606262731125,0.0030429848794330436,True
Japan,athletics,-0.31946367800736336,0.015845215801562836,False
Japan,badminton,0.9996819224320729,0.16281946242000164,True
Japan,boxing,0.0556410255173223,0.08439850670596494,True
Japan,cycling,0.2623572025461973,0.08518461103386399,True
Japan,swimming,0.5256177113344697,0.04487685454790567,True
Japan,shooting,-0.06019127287623665,0.0438061237992766,False
Japan,gymnastics,-0.24562110065846937,0.1022596588513165,False
Japan,handball,-0.35860763654262884,0.0737526770725817,False
Japan,wrestling,0.3871861937265312,0.08752787553896789,True
Japan,skiing,0.6152920586306208,0.027336176211142132,True
Japan,bowling,0.7729455710771105,0.023824099610464614,True
Philippines,football,0.46300901095097086,0.026576235472550398,True
Philippines,basketball,1.2657822913983192,0.02662113499674153,True
Philippines,cricket,0.40463677792256864,-0.09165718475770875,False
Philippines,hockey,-0.060912576702226065,-0.05393658763237244,True
Philippines,tennis,0.055134932684133164,0.1245600402935403,True
Philippines,volleyball,1.6393186267831545,0.19078335593783047,True
Philippines,baseball,1.3703402204433794,-0.03659743046246965,False
Philippines,rugby,-0.5125394181441046,-0.08210779915244755,True
Philippines,golf,0.46384850414654166,-0.13580383095811147,False
Philippines,athletics,-0.36432628653911275,-0.0017145335503963835,True
Philippines,badminton,2.0162623308152376,0.07931569134033391,True
Philippines,boxing,1.5153313542758409,0.06515484265481916,True
Philippines,cycling,-0.6056569499648936,0.10083074501670301,False
Philippines,swimming,0.6294055709638963,0.08646891217368403,True
Philippines,shooting,0.1130365444046795,-0.0014691043327394145,False
Philippines,gymnastics,-0.11316129666085091,0.1470512939415884,False
Philippines,handball,-0.28489331558857117,0.17967822403302422,False
Philippines,wrestling,0.8335097133847031,0.05028443291456051,True
Philippines,skiing,0.2409390087985564,-0.006605956941799506,False
Philippines,bowling,1.403193450855376,-0.0956572032277739,False
Vietnam,football,0.656625181570699,0.029881755682750193,True
Vietnam,basketball,-0.07308836692856303,0.028082213923435635,False
Vietnam,cricket,0.0718491169172464,0.02008429918878123,True
Vietnam,hockey,-0.17203729654524325,0.034699312719367346,False
Vietnam,tennis,-0.16763164017175763,0.0742179994210212,False
Vietnam,volleyball,0.8918303594506335,0.03520916477071949,True
Vietnam,baseball,0.8043643111880103,0.04702034343470685,True
Vietnam,rugby,0.18266741900322037,-0.01931632094059403,False
Vietnam,golf,0.340725077247862,0.06810532822173007,True
Vietnam,athletics,-0.7495727105482131,0.06135712594614229,False
Vietnam,badminton,1.0719472091687878,0.16007586009341376,True
Vietnam,boxing,0.8149058097125921,0.15307294998899842,True
Vietnam,cycling,-0.359824942226017,0.10079871466409471,False
Vietnam,swimming,0.6127781428777793,0.12410458822909155,True
Vietnam,shooting,0.9651944952477266,0.15748518940676337,True
Vietnam,gymnastics,-0.8917778999084433,0.14807146983600974,False
Vietnam,handball,-0.13793945781643796,0.05777504303048994,False
Vietnam,wrestling,-0.031681090685375286,0.10163161510922279,False
Vietnam,skiing,-0.2696155806805745,0.07831313002458719,False
Vietnam,bowling,0.4437545707913692,0.09557989900679065,True
Iran,football,0.7983531460825929,-0.24716584919273338,False
Iran,basketball,0.6139903643421462,-0.19265944956899483,False
Iran,cricket,0.5437115288870791,-0.2608326448958458,False
Iran,hockey,0.2850290153199482,-0.2198152937415054,False
Iran,tennis,-0.06372765767145942,-0.06815570039563186,True
Iran,volleyball,1.4005940880401109,0.07637909546879727,True
Iran,baseball,0.055440839227496146,-0.3363288575651708,False
Iran,rugby,-0.5849962531167641,-0.285669084616445,True
Iran,golf,-0.3591110687054038,-0.3737621748533634,True
Iran,athletics,-0.15519748890048915,-0.1778839173741556,True
Iran,badminton,0.6498968741435129,-0.0622959835589971,False
Iran,boxing,0.8615007360218163,-0.16082634690060132,False
Iran,cycling,-0.026505825878861883,-0.10980560130797373,True
Iran,swimming,-0.6026976818627462,-0.08316173484657315,True
Iran,shooting,0.5838927021918896,-0.16711559477828497,False
Iran,gymnastics,-0.5210908929170368,0.12420296093328487,False
Iran,handball,0.8219618585530619,0.01778440753487838,True
Iran,wrestling,1.1831604319128937,-0.16183384791556663,False
Iran,skiing,0.9050327637910878,-0.05630135333701453,False
Iran,bowling,-0.04813830328527754,-0.334162609109618,True
Turkey,football,0.6565175163433064,-0.21709729449064133,False
Turkey,basketball,0.9776904544880287,-0.22509165901440556,False
Turkey,cricket,-0.1796209901370476,-0.27745891411914436,True
Turkey,hockey,-0.1281190797578475,-0.25415158622198997,True
Turkey,tennis,-0.03396248374696367,-0.06296719502271866,True
Turkey,volleyball,1.8096330042892383,0.07518247730900574,True
Turkey,baseball,-0.24392814465391113,-0.3466662851493871,True
Turkey,rugby,-0.3634169235201683,-0.25866023524670395,True
Turkey,golf,-0.41581733775404356,-0.42531810200783016,True
Turkey,athletics,0.4163074057763639,-0.19912544316689496,False
Turkey,badminton,0.6290625366409657,-0.1148175410451821,False
Turkey,boxing,0.7370263870515824,-0.22860025496838043,False
Turkey,cycling,0.5616547951888448,-0.07453015018375399,False
Turkey,swimming,0.9755664349993896,-0.07581406564989274,False
Turkey,shooting,0.9851995259289886,-0.1919330618083841,False
Turkey,gymnastics,1.0731068627098488,0.12635619757460034,True
Turkey,handball,1.3207746506635092,0.108475207930275,True
Turkey,wrestling,1.1937318262063072,-0.2057498532713726,False
Turkey,skiing,1.1354240870362151,-0.08832033606662529,False
Turkey,bowling,0.32388660142649833,-0.3521282166052872,False
Russia,football,0.4347889197955706,-0.20439883053896102,False
Russia,basketball,0.09501709582103185,-0.21838398945293583,False
Russia,cricket,-0.4790313684524546,-0.25556320881345496,True
Russia,hockey,0.8129650873417138,-0.22184743606340723,False
Russia,tennis,0.11304283723595061,-0.05203103668030834,False
Russia,volleyball,0.9096159702974106,0.04612531333181724,True
Russia,baseball,-0.3273016963624668,-0.32937135069025036,True
Russia,rugby,-0.08615454545222011,-0.20748240981106722,True
Russia,golf,-0.7056628533032818,-0.4254904663600973,True
Russia,athletics,-0.033504255065289805,-0.17362072979100593,True
Russia,badminton,0.1472763130973464,-0.15149750334490858,False
Russia,boxing,0.4522304277036211,-0.20106503782627783,False
Russia,cycling,0.11090770741392358,-0.05448195200497881,False
Russia,swimming,0.36396605987532255,-0.07126790618292168,False
Russia,shooting,0.22193242960756213,-0.17062107461389656,False
Russia,gymnastics,1.0357075153344981,0.1462146931491662,True
Russia,handball,0.4090568915822398,0.09045409335734571,True
Russia,wrestling,0.8923052854004505,-0.14949140137417893,False
Russia,skiing,1.7181164874046178,-0.06030182851357272,False
Russia,bowling,-0.5299325987099801,-0.36539878723295954,True
Germany,football,0.042638478100668176,-0.273210992654395,False
Germany,basketball,-0.21494215425018912,-0.2954752795678135,True
Germany,cricket,-0.7240749856609752,-0.3155206567271783,True
Germany,hockey,-0.1450960158840242,-0.2737298064908049,True
Germany,tennis,0.10561222351685273,-0.05230227105855243,False
Germany,volleyball,0.5313552538990823,-0.07197522327570957,False
Germany,baseball,-0.5105795521897845,-0.40227213360090025,True
Germany,rugby,-0.0320981780957524,-0.27248156630106307,True
Germany,golf,-0.41207231378753817,-0.3710699154052172,True
Germany,athletics,-0.028297390353829745,-0.09348934339083143,True
Germany,badminton,0.4167309097099788,-0.08831787584543771,False
Germany,boxing,-0.31060232730373327,-0.20185320786182107,True
Germany,cycling,0.7568602668040695,0.05956404074739255,True
Germany,swimming,0.20478623295247478,0.06318447674966643,True
Germany,shooting,0.2668641336640824,-0.034421467938631295,False
Germany,gymnastics,0.8885758635976702,0.25922670595479974,True
Germany,handball,1.0112440430126992,0.12658370959163492,True
Germany,wrestling,0.05672743084669282,-0.23794015997842885,False
Germany,skiing,1.7483798315918646,0.1343969606249277,True
Germany,bowling,0.41958915078284936,-0.3034258325374061,False
United Kingdom,football,0.2888891391364473,-0.12331866997089418,False
United Kingdom,basketball,-0.41700038662214417,-0.12383528530200555,True
United Kingdom,cricket,1.4460785271383934,0.0837764874814704,True
United Kingdom,hockey,0.44113945238026053,-0.04895604066273883,False
United Kingdom,tennis,0.16493101020676115,0.02513388850526985,True
United Kingdom,volleyball,-0.05549264009803327,-0.10959693465989001,True
United Kingdom,baseball,-0.44691751710461786,-0.14922801816413456,True
United Kingdom,rugby,1.318706933936911,-0.03394158617679255,False
United Kingdom,golf,0.4741460166543576,0.07353696415058672,True
United Kingdom,athletics,0.24339999730291315,0.07561545344752185,True
United Kingdom,badminton,1.0576201657354638,0.1680589008012644,True
United Kingdom,boxing,0.47247246254082215,0.07419809006818939,True
United Kingdom,cycling,1.152696506444808,0.047915379476664494,True
United Kingdom,swimming,0.5960293073769842,0.12698481095888492,True
United Kingdom,shooting,-0.5992910664256786,0.11818936499466978,False
United Kingdom,gymnastics,-0.26738848670651466,0.1007572809262083,False
United Kingdom,handball,-0.5378439132882871,-0.0777466058423437,True
United Kingdom,wrestling,-0.1266300819298221,-0.07221252287578184,True
United Kingdom,skiing,1.0359078991198802,0.13269215220303857,True
United Kingdom,bowling,1.0176260593776767,0.10386796683745184,True
France,football,0.40688640292457673,-0.3056775838418707,False
France,basketball,-0.13620532983050665,-0.3209242625370453,True
France,cricket,-1.0697507997828564,-0.40244848054835297,True
France,hockey,-0.17931828656683266,-0.3189816986933038,True
France,tennis,0.5424848647206457,-0.057584093398207296,False
France,volleyball,0.701696317669492,-0.09873815632240704,False
France,baseball,-0.6150539231222518,-0.4209695894397774,True
France,rugby,0.767849695795398,-0.29330067550755967,False
France,golf,-0.1562220256962388,-0.3728812338604139,True
France,athletics,0.299010719142184,-0.06851127389739091,False
France,badminton,0.13385822602437572,-0.113870805034807,False
France,boxing,-0.07853213917873916,-0.18439645433990448,True
France,cycling,1.4449488152094216,0.08975863276409524,True
France,swimming,0.1582928997951694,0.02235542164825258,True
France,shooting,0.0483276790343675,-0.09422146430156113,False
France,gymnastics,0.29837302464489585,0.1915145724551205,True
France,handball,0.4486556554603358,0.042914108699653286,True
France,wrestling,-0.14460402567029157,-0.256309285929663,True
France,skiing,1.234971190195642,0.09011631524526525,True
France,bowling,-0.8211463567111122,-0.35242229133351305,True
Italy,football,0.44236022229196686,-0.21947560898391735,False
Italy,basketball,0.18059288471101304,-0.21778401374706394,False
Italy,cricket,-0.6639498931789416,-0.3683927439202049,True
Italy,hockey,-0.3791856122047149,-0.29289930493027466,True
Italy,tennis,0.4130932355467316,0.0578607733264661,True
Italy,volleyball,1.109691000774108,0.13226678386957066,True
Italy,baseball,-0.11465370733932939,-0.38119066307264204,True
Italy,rugby,0.32289675969034687,-0.26450233035989307,False
Italy,golf,-0.1933783313176949,-0.399540582106653,True
Italy,athletics,0.33734152870622414,-0.06572187786419553,False
Italy,badminton,-0.2081842621104689,-0.07789797867537154,True
Italy,boxing,0.5419594143560613,-0.13239949351052666,False
Italy,cycling,1.2853867626711193,0.09461021950304511,True
Italy,swimming,0.760152383660046,0.058222802758078895,True
Italy,shooting,-0.4402195858090543,-0.1579949882388589,True
Italy,gymnastics,0.2890160935975882,0.26094808654455015,True
Italy,handball,0.5759215952541581,0.19755221106113457,True
Italy,wrestling,0.1886930203250262,-0.21140246889427908,False
Italy,skiing,1.4972559027079175,0.06015499551770228,True
Italy,bowling,0.24245274444947126,-0.3631082952121962,False
Spain,football,0.30275280449542497,-0.13647179943472576,False
Spain,basketball,0.3119193757939352,-0.179524547650263,False
Spain,cricket,-1.0224617884822207,-0.3435458538892055,True
Spain,hockey,-0.7194659138088312,-0.2638970872594648,True
Spain,tennis,0.4295658208707618,0.06975711876272499,True
Spain,volleyball,0.7034075808322919,0.09629624935323682,True
Spain,baseball,-0.035158576949268196,-0.30045661533367346,True
Spain,rugby,-0.06766105618662197,-0.20701613415668496,True
Spain,golf,0.24854679398224797,-0.34593149525366157,False
Spain,athletics,0.457996081976035,-0.02473680615589101,False
Spain,badminton,-0.3815435680097034,-0.10811230282494237,True
Spain,boxing,0.5406670371179071,-0.09051903729797423,False
Spain,cycling,1.3068098049458352,0.13518293629326802,True
Spain,swimming,0.5554223257862461,0.06504114839724835,True
Spain,shooting,-0.041030657446962396,-0.12366639555210619,True
Spain,gymnastics,-0.07194447026784095,0.19595853525434084,False
Spain,handball,0.9454819052672496,0.24068474248290037,True
Spain,wrestling,-0.1259790136523231,-0.16633718227560113,True
Spain,skiing,1.0679794999949055,0.042313226281289876,True
Spain,bowling,-0.17069422568108464,-0.34700698670793034,True
Ukraine,football,0.7457670929990259,-0.1525314966692163,False
Ukraine,basketball,0.48192055243112875,-0.16785632388394767,False
Ukraine,cricket,-0.5912267008843025,-0.22802420571860282,True
Ukraine,hockey,0.5982431468132859,-0.17680518520112268,False
Ukraine,tennis,-0.15748742486905823,-0.0490343667335046,True
Ukraine,volleyball,1.164718443622294,0.06534096587301545,True
Ukraine,baseball,-0.5642549207148548,-0.2976402703920084,True
Ukraine,rugby,0.03694061975426576,-0.16384119301831046,False
Ukraine,golf,-1.00832331837167,-0.4137875740555975,True
Ukraine,athletics,0.2819237959923065,-0.18597952198014076,False
Ukraine,badminton,-0.04180482391355417,-0.15554752511232411,True
Ukraine,boxing,0.5819691500330377,-0.20021264683964882,False
Ukraine,cycling,0.39471280673501435,-0.05555343447487811,False
Ukraine,swimming,0.5591371270160904,-0.07924201770983308,False
Ukraine,shooting,0.03278409084207735,-0.17435597362795596,False
Ukraine,gymnastics,0.9563098222921403,0.12158872797673094,True
Ukraine,handball,0.741985511789139,0.11914129969575539,True
Ukraine,wrestling,1.073747250181304,-0.13122696925071065,False
Ukraine,skiing,1.6909249947722371,-0.07895916663510913,False
Ukraine,bowling,-0.05493947341797801,-0.34206920161369,True
Poland,football,0.31897077009163893,-0.31079549807034573,False
Poland,basketball,-0.05459446090933389,-0.35851945037278865,True
Poland,cricket,-0.33733688634215814,-0.34518386455337735,True
Poland,hockey,0.18641583846244486,-0.34067649237133996,False
Poland,tennis,0.00822287809749175,-0.16516839065323166,False
Poland,volleyball,1.0705978223007075,-0.12701873901909502,False
Poland,baseball,-0.48112212065113774,-0.44530065345299863,True
Poland,rugby,0.2701020867886285,-0.3203314801202755,False
Poland,golf,-0.8949352933759449,-0.4869838639917456,True
Poland,athletics,-0.1536753986044337,-0.2294867602694906,True
Poland,badminton,0.021596216575924924,-0.24638685997339801,False
Poland,boxing,-0.08849643865953574,-0.2934464686734452,True
Poland,cycling,0.6012312460945388,-0.06317087490657758,False
Poland,swimming,0.08720128220194782,-0.09368467707671388,False
Poland,shooting,-0.22727253932275893,-0.18939791331227937,True
Poland,gymnastics,0.5967417702605743,0.13376854585831602,True
Poland,handball,1.0809307570126865,0.029715160537311134,True
Poland,wrestling,0.41546985362547223,-0.31456918556361746,False
Poland,skiing,1.6758108870467003,-0.06616189916868513,False
Poland,bowling,0.2889064455169882,-0.41538112250041553,False
Romania,football,0.7835536929237763,-0.21975491195389912,False
Romania,basketball,0.3264935666701823,-0.26543348232215863,False
Romania,cricket,-0.6134946994660493,-0.3198732573797408,True
Romania,hockey,-0.18844871088528328,-0.29253142268003757,True
Romania,tennis,0.07810121486430331,-0.04868522708321724,False
Romania,volleyball,1.4105125208516922,0.034162904323553525,True
Romania,baseball,-0.5967691137349783,-0.3997954854411777,True
Romania,rugby,0.33553101697614973,-0.23276743301529673,False
Romania,golf,-0.7832442166631817,-0.46781984920834785,True
Romania,athletics,0.4396609175702873,-0.19083039684542769,False
Romania,badminton,-0.09715337556693565,-0.1884332457623585,True
Romania,boxing,0.4340048861072292,-0.23725276135547999,False
Romania,cycling,0.3540617747216544,-0.01966292815064959,False
Romania,swimming,0.49518739199958334,-0.0664013975107375,False
Romania,shooting,-0.3879840453350906,-0.21740833707578874,True
Romania,gymnastics,1.1999648224396353,0.1459161304310274,True
Romania,handball,1.5880019681488207,0.13116841464511558,True
Romania,wrestling,0.7563489590144284,-0.24019511163266818,False
Romania,skiing,1.308513728501986,-0.0663632199411911,False
Romania,bowling,0.17982123162406285,-0.4344307996710419,False
Netherlands,football,0.2714348498733156,-0.3054457686157764,False
Netherlands,basketball,0.07849939792621977,-0.32547763167322297,False
Netherlands,cricket,0.07256142023175051,-0.310073199095974,False
Netherlands,hockey,0.07996287778517179,-0.29735694350558384,False
Netherlands,tennis,0.04275109762876421,-0.09152531383536126,False
Netherlands,volleyball,0.8321529739431499,-0.134795985657624,False
Netherlands,baseball,-0.07231079127404443,-0.3738684187759185,True
Netherlands,rugby,0.4512726447821673,-0.3148805980722594,False
Netherlands,golf,-0.35282302489237344,-0.3319636084871818,True
Netherlands,athletics,0.29649457617874486,-0.07933742498003044,False
Netherlands,badminton,1.0461063682353582,-0.09476396370321388,False
Netherlands,boxing,0.21056817566310043,-0.1730151215272776,False
Netherlands,cycling,1.600918761378496,0.07718359597638373,True
Netherlands,swimming,0.7444487208570355,0.07467542355539313,True
Netherlands,shooting,0.004904013402673991,-0.013297782132280977,False
Netherlands,gymnastics,0.8374533756947942,0.23592390643298108,True
Netherlands,handball,0.6939946959808738,0.04864279874945909,True
Netherlands,wrestling,-0.4425346847848298,-0.25363467903716763,True
Netherlands,skiing,1.1015845591618978,0.11396551842549131,True
Netherlands,bowling,0.8523909859780917,-0.23434006226301657,False
Austria,football,0.11432036660500132,-0.3019106328168437,False
Austria,basketball,-0.13249563601068082,-0.32355470773106876,True
Austria,cricket,-0.8286926070202814,-0.3698737487173704,True
Austria,hockey,0.19542336046175296,-0.3183022916306667,False
Austria,tennis,0.2926611250070363,-0.04916412553421674,False
Austria,volleyball,0.59756178553297,-0.047331364350055145,False
Austria,baseball,-0.3636452017934909,-0.43788936880619317,True
Austria,rugby,-0.3714160352089471,-0.3156821446082202,True
Austria,golf,-0.40376291959697136,-0.42257270041698786,True
Austria,athletics,0.05829616950403129,-0.10857491378518351,False
Austria,badminton,0.3379016291303002,-0.11281602919988742,False
Austria,boxing,-0.7403565326368805,-0.22760650645045635,True
Austria,cycling,0.737950950837774,0.06422851912880136,True
Austria,swimming,0.585786591373014,0.04281554570877615,True
Austria,shooting,0.19108613160047222,-0.09345537509106813,False
Austria,gymnastics,1.171259041046373,0.2616998967772734,True
Austria,handball,1.0745530390071074,0.13444071861094928,True
Austria,wrestling,-0.14065780083971957,-0.275043069015522,True
Austria,skiing,2.8846863443181783,0.10861792933438512,True
Austria,bowling,0.45775022725464914,-0.3580507616304654,False
United States,football,-0.0066037782809086915,0.1668947725920239,False
United States,basketball,0.25890192074835705,0.290344439280645,True
United States,cricket,-0.31244789583093324,0.16214807617010088,False
United States,hockey,0.305116490920131,0.24341435196163388,True
United States,tennis,0.3322549386354578,0.20535096878753983,True
United States,volleyball,0.3193585631370831,0.1800965301329556,True
United States,baseball,1.332482071305284,0.3488375102881891,True
United States,rugby,0.3496076695945789,0.12771781654094003,True
United States,golf,0.3077090205332227,0.42781888587533234,True
United States,athletics,-0.07251324146800858,0.29392322493584444,False
United States,badminton,-0.5751038746032292,0.2641729552829526,False
United States,boxing,0.3556624910491774,0.23573568334190953,True
United States,cycling,-0.06720466628628358,0.07574703849469999,False
United States,swimming,-0.1453531600785605,0.1265250013353759,False
United States,shooting,-0.403640622534825,0.15896661195056885,False
United States,gymnastics,-0.3389207558654931,-0.012649172325601865,True
United States,handball,-0.8410565827989158,-0.030516731586351924,True
United States,wrestling,0.49170620472333326,0.23694170305257592,True
United States,skiing,1.0588486909589208,0.18591027000831964,True
United States,bowling,0.7334195941788848,0.3844647874674845,True
Mexico,football,0.2215005584105513,0.0668525949187683,True
Mexico,basketball,0.44518444838682314,0.06987021072842746,True
Mexico,cricket,-1.0981739767544736,-0.1653057856112346,True
Mexico,hockey,-0.45468207292982105,-0.06750381659737356,True
Mexico,tennis,0.2460866941384832,0.17764597697962103,True
Mexico,volleyball,0.5979847543840011,0.2363462743883511,True
Mexico,baseball,1.5377104106392787,0.014263128097565147,True
Mexico,rugby,-0.39730109456500234,-0.04640438868138008,True
Mexico,golf,0.06763966426258707,-0.08892047568418698,False
Mexico,athletics,-0.11483028283030818,0.07589405657729688,False
Mexico,badminton,-1.3905745041604622,0.0020536269909325923,False
Mexico,boxing,0.748900452536759,0.09117331517659472,True
Mexico,cycling,-0.08265867975099703,0.12433698914221318,False
Mexico,swimming,-0.11128674550898612,0.07832033026947689,False
Mexico,shooting,-0.04904898037912936,-0.04113359777993848,True
Mexico,gymnastics,-0.39823820010328354,0.125104613120537,False
Mexico,handball,-0.08882675000374164,0.22986099660363762,False
Mexico,wrestling,0.9010301732682225,0.06543954388664017,True
Mexico,skiing,0.06643459229194705,0.03617139472435055,True
Mexico,bowling,-0.09163873374409329,-0.13702787323479637,True
Canada,football,-0.48871272756955236,0.04620904333803678,False
Canada,basketball,-0.326700962015953,0.14519394066305955,False
Canada,cricket,-0.11162168017719028,0.12123741174476513,False
Canada,hockey,2.088151348138268,0.2019627191610298,True
Canada,tennis,-0.32894225219204637,0.18181319569076135,False
Canada,volleyball,0.10640816315019999,0.06016901862558765,True
Canada,baseball,0.5575479902415272,0.1478292046325748,True
Canada,rugby,0.6873536028274596,0.063732845403003,True
Canada,golf,0.07502810350814265,0.3663152421180143,True
Canada,athletics,-0.11498782898551733,0.29994565627078373,False
Canada,badminton,0.09535265366841564,0.32652342203951207,True
Canada,boxing,0.3329886833016735,0.21054405142878002,True
Canada,cycling,0.6903049774863347,0.1929425349438637,True
Canada,swimming,0.32371551360980233,0.2436707693737161,True
Canada,shooting,-0.30855119431633754,0.26447625275174624,False
Canada,gymnastics,-0.5353568921688323,0.11845741463801658,False
Canada,handball,-0.5588403507226721,0.009329705734348024,False
Canada,wrestling,0.5320689231180878,0.141545894463931,True
Canada,skiing,2.3516177634178326,0.3499798234257014,True
Canada,bowling,0.1075109754014565,0.3808678422903286,True
Guatemala,football,0.7136419880988603,-0.01969295448452143,False
Guatemala,basketball,0.5134664872852623,-0.0298706166588177,False
Guatemala,cricket,-0.9726047553235214,-0.23636413640156942,True
Guatemala,hockey,-0.4080563541975149,-0.13769716847543076,True
Guatemala,tennis,0.087771636773006,0.09915381829408018,True
Guatemala,volleyball,0.9779174119426033,0.1352318670560083,True
Guatemala,baseball,1.4461354143464702,-0.0695185567257252,False
Guatemala,rugby,-0.1695682176825084,-0.1348149494718777,True
Guatemala,golf,0.11873678334153857,-0.15431353551328064,False
Guatemala,athletics,0.29933492938031625,0.027478879889868583,True
Guatemala,badminton,-0.29440066707719936,-0.060188811274340635,True
Guatemala,boxing,0.5953154382317256,0.0199717366102938,True
Guatemala,cycling,0.10631932806618039,0.09332629061283078,True
Guatemala,swimming,-0.12378334049134057,0.05090084821174804,False
Guatemala,shooting,0.1352634061939626,-0.06941506078891035,False
Guatemala,gymnastics,-0.8247636677968802,0.10346056229515269,False
Guatemala,handball,-0.051263488053657935,0.18533430556857225,False
Guatemala,wrestling,0.8143737602327318,-0.01918989781311519,False
Guatemala,skiing,0.4474021075386469,0.015702404760944207,True
Guatemala,bowling,-0.2250906573299771,-0.19001913160473502,True
Haiti,football,0.511525355748854,-0.07225719725305824,False
Haiti,basketball,0.6267508741724144,-0.06351697382605556,False
Haiti,cricket,-0.39358305746294375,-0.2507750625047194,True
Haiti,hockey,-0.04947476880178659,-0.10993884788684208,True
Haiti,tennis,0.09167528471222244,0.010907017039783463,True
Haiti,volleyball,0.7060496341501326,-0.0001308821691163555,False
Haiti,baseball,1.4224873028573914,-0.055108689881071836,False
Haiti,rugby,0.23353869926713103,-0.1414795021916187,False
Haiti,golf,-0.5502512086122102,-0.1299437717348442,True
Haiti,athletics,0.40696388546144274,-0.008615526176457429,False
Haiti,badminton,-0.03201652332578756,-0.06933963205417416,True
Haiti,boxing,0.5714519885670276,-0.0304327353730223,False
Haiti,cycling,0.055715458203762724,0.0754867947135546,True
Haiti,swimming,-0.08467547328770149,0.009775286650420045,False
Haiti,shooting,-0.3902605432135657,-0.05924484314959166,True
Haiti,gymnastics,-0.5221610381075603,0.052233654695790346,False
Haiti,handball,-0.15019778964382746,0.05736469358975575,False
Haiti,wrestling,-0.021350667088303667,-0.055470129171888836,True
Haiti,skiing,-0.6389673518065899,0.0133245986130963,False
Haiti,bowling,-1.1438733783337554,-0.13523838930813578,True
Cuba,football,0.24090688598993595,-0.09604935424327184,False
Cuba,basketball,0.8193187984326449,-0.13142902824930486,False
Cuba,cricket,-0.9456826125428233,-0.27652675006033006,True
Cuba,hockey,-0.4178447346283638,-0.2210901124009329,True
Cuba,tennis,0.4474404231919986,0.029261662482697848,True
Cuba,volleyball,0.9293022826518915,0.02821854370945688,True
Cuba,baseball,1.8892399785750544,-0.13130895100618278,False
Cuba,rugby,-0.09336925985335093,-0.2006494727765568,True
Cuba,golf,0.09903063453223697,-0.21155268307402608,False
Cuba,athletics,0.9533545453695096,-0.004878314216128775,False
Cuba,badminton,-0.21167175055512252,-0.11843878052800631,True
Cuba,boxing,1.7460909864124026,-0.025521493215288987,False
Cuba,cycling,-0.00971722172986377,0.07307053144732177,False
Cuba,swimming,0.7603888056002486,0.020368414294477156,True
Cuba,shooting,-0.1663947178998899,-0.120594282101101,True
Cuba,gymnastics,-0.08346551524269279,0.09127363716272235,False
Cuba,handball,0.29513125861707074,0.12949778585974733,True
Cuba,wrestling,0.542662187392331,-0.10856816658116143,False
Cuba,skiing,-0.13946020374371268,-0.03638605039569297,True
Cuba,bowling,-0.15628980158235548,-0.2266304001536923,True
Dominican Republic,football,0.40839170076539455,-0.05522709164957392,False
Dominican Republic,basketball,0.9397949567829722,-0.04632363805105403,False
Dominican Republic,cricket,-0.7903500422526036,-0.30374706981000776,True
Dominican Republic,hockey,-0.018918165865234485,-0.16641249441609887,True
Dominican Republic,tennis,0.5689844597278708,0.1015036925862159,True
Dominican Republic,volleyball,1.4870751677026626,0.14757049116387447,True
Dominican Republic,baseball,2.0127223337962596,-0.12174058153473097,False
Dominican Republic,rugby,0.16483065457615304,-0.15607529864032343,False
Dominican Republic,golf,-0.06480438228104402,-0.21678300916985516,True
Dominican Republic,athletics,0.9171011189771537,0.014551116465851957,True
Dominican Republic,badminton,0.41607968787937716,-0.06866570704596688,False
Dominican Republic,boxing,1.1197805443910807,-0.025070022046767806,False
Dominican Republic,cycling,0.7257384626462406,0.09382688533780516,True
Dominican Republic,swimming,0.6115806687615783,0.04642768919863904,True
Dominican Republic,shooting,-0.5424809880920997,-0.11370573869896554,True
Dominican Republic,gymnastics,-0.2043512673472369,0.12914556812151376,False
Dominican Republic,handball,0.4333308719455192,0.2038866851785111,True
Dominican Republic,wrestling,0.6430140103998634,-0.06080738261533213,False
Dominican Republic,skiing,0.5194138266247184,0.02325275526592661,True
Dominican Republic,bowling,0.25110075949147853,-0.23912345054140602,False
Honduras,football,0.9184995560396123,0.05612817336753607,True
Honduras,basketball,0.5267631864101916,0.029357693329291057,True
Honduras,cricket,-0.39789723206858646,-0.1319959895970595,True
Honduras,hockey,-0.43343987397583084,-0.05830529776722629,True
Honduras,tennis,0.26572093302107896,0.11259490028301075,True
Honduras,volleyball,1.1206874498162018,0.1110976947265208,True
Honduras,baseball,1.4206272219924807,0.033182191721968624,True
Honduras,rugby,-0.0687156047456976,-0.054465861803602134,True
Honduras,golf,0.015003358636740427,-0.05228707836190492,False
Honduras,athletics,0.8365684335552277,0.06490345761588792,True
Honduras,badminton,0.05992308555993062,-0.029348866689522163,False
Honduras,boxing,0.739073127627934,0.05493370101067519,True
Honduras,cycling,0.3620250870370737,0.10543441372162517,True
Honduras,swimming,0.3234715348856185,0.06151111821449605,True
Honduras,shooting,-0.026531986077476536,-0.03547121374967379,True
Honduras,gymnastics,-0.5460193399998161,0.04020343540755298,False
Honduras,handball,0.5121268888065844,0.17972882230222775,True
Honduras,wrestling,0.9259115262897116,0.02426995714512613,True
Honduras,skiing,0.07345942309885477,-0.0018854833837886758,False
Honduras,bowling,0.03148961017998446,-0.08044060321042984,False
Nicaragua,football,0.8685326415809189,0.06060450470861018,True
Nicaragua,basketball,0.5234560204345637,0.04156412610767028,True
Nicaragua,cricket,-0.5115794726474053,-0.1682734637991136,True
Nicaragua,hockey,-0.31049680082489656,-0.06308907064462099,True
Nicaragua,tennis,0.32350737368433413,0.11890683614863988,True
Nicaragua,volleyball,0.8161920917782283,0.14318838449552138,True
Nicaragua,baseball,1.6018030266251095,0.03579093957312322,True
Nicaragua,rugby,0.14005270097663772,-0.05294578558662932,False
Nicaragua,golf,-0.10720785491768525,-0.06440985479844204,True
Nicaragua,athletics,0.5189748856188641,0.06791476064234887,True
Nicaragua,badminton,-0.416251126929134,-0.05554085615667847,True
Nicaragua,boxing,1.0230636703316554,0.06011410512326809,True
Nicaragua,cycling,0.20235481976988065,0.10606472185885042,True
Nicaragua,swimming,0.10018903909787313,0.04041385880581335,True
Nicaragua,shooting,-0.26540495530916014,-0.07153798719808786,True
Nicaragua,gymnastics,-0.8457603694920287,0.04695425313004284,False
Nicaragua,handball,0.35463314379273037,0.1809233901066932,True
Nicaragua,wrestling,1.11445671940294,0.02628589296932148,True
Nicaragua,skiing,0.6990328139751635,0.0035641311608818537,True
Nicaragua,bowling,-0.08494570586122835,-0.11229925282257101,True
El Salvador,football,1.0168219391202549,-0.03666172170603375,False
El Salvador,basketball,0.6452177969320149,-0.0561959366084703,False
El Salvador,cricket,-1.1022968827203703,-0.24931918652646295,True
El Salvador,hockey,-0.5755870799178321,-0.16636675055463754,True
El Salvador,tennis,0.12020766357579256,0.053334571413046095,True
El Salvador,volleyball,1.0737690086552807,0.08977440770176584,True
El Salvador,baseball,1.524295699225526,-0.08490548882280792,False
El Salvador,rugby,-0.26736113462063815,-0.15364290704298034,True
El Salvador,golf,-0.12801328638257017,-0.18828531257575612,True
El Salvador,athletics,1.3873028984691205,-0.008693249624302493,False
El Salvador,badminton,-0.4147603223410694,-0.11489427789124208,True
El Salvador,boxing,1.3733668618112078,-0.030018190706970715,False
El Salvador,cycling,0.34188798302824835,0.04615556648140104,True
El Salvador,swimming,0.1524417183560673,0.0041539718266253405,True
El Salvador,shooting,-0.03700538077377468,-0.11742804162961462,True
El Salvador,gymnastics,0.3265026287638108,0.06270721161566524,True
El Salvador,handball,0.24974020488936713,0.14708073969108076,True
El Salvador,wrestling,1.636720615279456,-0.054180194386806185,False
El Salvador,skiing,0.46332393839059227,-0.04011869002707787,False
El Salvador,bowling,0.12137213550715908,-0.21788532286486706,False
Brazil,football,0.6610607196572673,-0.03713352492667961,False
Brazil,basketball,0.43609196072682543,-0.068589403534999,False
Brazil,cricket,-0.5539754785334807,-0.2171524660429505,True
Brazil,hockey,-0.42192668656864957,-0.1477198051131528,True
Brazil,tennis,0.5077315791923442,0.12198323580045088,True
Brazil,volleyball,1.0256814943390986,0.16469796934045355,True
Brazil,baseball,0.650190596514245,-0.14807215056205045,False
Brazil,rugby,0.2277900615947418,-0.12178483371509856,False
Brazil,golf,-0.14698795824735778,-0.209339875470483,True
Brazil,athletics,0.5753190106805688,0.013733019444369256,True
Brazil,badminton,0.07243535221022726,-0.02687503098735033,False
Brazil,boxing,0.7123305432766065,-0.04805442841969509,False
Brazil,cycling,1.4629721277832768,0.14051952795530545,True
Brazil,swimming,0.3139688560316696,0.04841446075273725,True
Brazil,shooting,0.136266457693609,-0.10723597317106834,False
Brazil,gymnastics,0.29625012893265806,0.12894710395989267,True
Brazil,handball,0.22292715914184724,0.22741278827415895,True
Brazil,wrestling,0.5212179010049841,-0.09142700333700156,False
Brazil,skiing,0.011798598040434087,0.01907232084514036,True
Brazil,bowling,0.3060526331384313,-0.22553043416118806,False
Colombia,football,0.8964935274790659,0.038245330054308344,True
Colombia,basketball,0.7048240735986507,0.031073299780220543,True
Colombia,cricket,-0.483897335203132,-0.19847485193952552,True
Colombia,hockey,-0.4735713403248195,-0.08061736978135466,True
Colombia,tennis,0.5968612864910181,0.19486919057543722,True
Colombia,volleyball,1.1416627390498162,0.24209706277311366,True
Colombia,baseball,1.3162923433644456,-0.06705119213639392,False
Colombia,rugby,0.07497711040282919,-0.06264191389194505,False
Colombia,golf,0.10322521188260891,-0.14248842666807998,False
Colombia,athletics,0.8086766744964569,0.07825368270861655,True
Colombia,badminton,-0.037998845436930176,0.018040566356252872,False
Colombia,boxing,0.960165225180853,0.03030590268587024,True
Colombia,cycling,1.3173450766063348,0.1732845903741946,True
Colombia,swimming,-0.2104143588504358,0.09580655011583968,False
Colombia,shooting,0.17806982520233167,-0.05273765463088765,False
Colombia,gymnastics,-0.16703261951509607,0.14889651810772497,False
Colombia,handball,0.6414757642684185,0.29334822475793415,True
Colombia,wrestling,0.5875639236707427,-0.0018602696069001696,False
Colombia,skiing,0.6545140233264879,0.07363289010596409,True
Colombia,bowling,0.3691534677955574,-0.17828228593343687,False
Argentina,football,0.7619718531605618,-0.07759540578761366,False
Argentina,basketball,0.37213608393232056,-0.1138672720367662,False
Argentina,cricket,-0.2282236427534675,-0.2767057217693209,True
Argentina,hockey,-0.122155303676323,-0.20034818516002445,True
Argentina,tennis,0.6831477572729809,0.10320895225081415,True
Argentina,volleyball,1.0366466679967332,0.1360636162855738,True
Argentina,baseball,0.9092684462475485,-0.19766856547887748,False
Argentina,rugby,0.4375502983125251,-0.16911341145678555,False
Argentina,golf,0.30532873867320953,-0.2545292544909513,False
Argentina,athletics,0.6988690757043843,0.019822700027310344,True
Argentina,badminton,-0.3085593208211498,-0.07161348074698572,True
Argentina,boxing,0.9702868963631548,-0.0524732468065516,False
Argentina,cycling,1.2088282641524588,0.1424965539619018,True
Argentina,swimming,0.6405590824617614,0.06736512590052635,True
Argentina,shooting,0.6451131376550268,-0.10199438250200271,False
Argentina,gymnastics,0.02961656741074514,0.15953779148883432,True
Argentina,handball,0.5252888680860892,0.24287549697473873,True
Argentina,wrestling,0.7566757803072539,-0.10822515375891427,False
Argentina,skiing,1.5707273867201108,0.04527662067798512,True
Argentina,bowling,0.3639343706834518,-0.2749622769591115,False
Peru,football,0.5909112365595431,0.03381839259753441,True
Peru,basketball,0.29082764211753576,0.004498663002579045,True
Peru,cricket,-0.11048351068455874,-0.1723139661269692,True
Peru,hockey,-0.2522313879499531,-0.0867817345477815,True
Peru,tennis,0.43562394233831014,0.14337803451077533,True
Peru,volleyball,1.0288981242305024,0.216220898957946,True
Peru,baseball,1.1493519602745483,-0.05742353108230785,False
Peru,rugby,-0.015347697138063285,-0.0583062542926929,True
Peru,golf,0.26999730965486335,-0.15074169651604788,False
Peru,athletics,0.2847567746560568,0.041084201557280764,True
Peru,badminton,-0.191144287407222,-0.032681335030552976,True
Peru,boxing,0.013847478788537721,-0.008181960403105456,False
Peru,cycling,0.7085511230222954,0.13376297883153837,True
Peru,swimming,0.40322034824955294,0.040432370425371955,True
Peru,shooting,0.24825313255078135,-0.09363186467195743,False
Peru,gymnastics,-0.5326277914229239,0.09126765353298855,False
Peru,handball,0.10782782365899443,0.24332812005270105,True
Peru,wrestling,0.23041608625666138,-0.013430212354550533,False
Peru,skiing,1.1908951096359064,0.02292543563467931,True
Peru,bowling,0.20302206085600913,-0.19173516561538076,False
Venezuela,football,0.8664402679953435,0.008690214445879925,True
Venezuela,basketball,0.7706564035810666,-0.009938724113705276,False
Venezuela,cricket,-0.4788884133670249,-0.20290220702785125,True
Venezuela,hockey,-0.6568954482049328,-0.11910509989281633,True
Venezuela,tennis,0.5061788115377135,0.13919958315977649,True
Venezuela,volleyball,1.2728340251921966,0.18509306607671544,True
Venezuela,baseball,1.508142914364502,-0.07408982030295844,False
Venezuela,rugby,-0.3308726150606305,-0.09635132965953895,True
Venezuela,golf,0.11124667398155866,-0.1698520641702968,False
Venezuela,athletics,0.8476630768959067,0.04610971593867856,True
Venezuela,badminton,-0.27622069586187703,-0.030444020853277753,True
Venezuela,boxing,1.278102077823332,0.011689016266817811,True
Venezuela,cycling,0.6896773240168941,0.13551319506436751,True
Venezuela,swimming,0.8651809597477704,0.07020805261222265,True
Venezuela,shooting,0.6674988171817373,-0.07133419399659821,False
Venezuela,gymnastics,-0.0876727756975592,0.12226257306937667,False
Venezuela,handball,0.60650648711991,0.24440424160549695,True
Venezuela,wrestling,0.643780323978542,-0.015617528533324166,False
Venezuela,skiing,0.3078613944632995,0.02726927468016337,True
Venezuela,bowling,0.17998354476426612,-0.1958661008422991,False
Chile,football,0.7062425638000335,-0.004545736028364357,False
Chile,basketball,0.42851816117039354,-0.03552679475682302,False
Chile,cricket,-1.1041153840446183,-0.22575642573778862,True
Chile,hockey,-0.5279758668921893,-0.12483336950338271,True
Chile,tennis,0.7039036650467143,0.15578445310313727,True
Chile,volleyball,1.1821164665542983,0.18189005595333532,True
Chile,baseball,0.9292046856010943,-0.11936341563451401,False
Chile,rugby,0.27921336187167406,-0.09076295715012656,False
Chile,golf,0.606259795333437,-0.17385962802475216,False
Chile,athletics,0.4480679550425417,0.06656989370788384,True
Chile,badminton,-0.6498229547493518,-0.02457342202878769,True
Chile,boxing,0.37803320516892186,-0.004285220528829553,False
Chile,cycling,1.4821727827963542,0.18683850895030682,True
Chile,swimming,1.1132575814880907,0.10834722839692729,True
Chile,shooting,0.18544363233304662,-0.05189487014273322,False
Chile,gymnastics,0.12358863367977921,0.16447212324002997,True
Chile,handball,0.49983175091042953,0.28800104560658674,True
Chile,wrestling,0.5259163209357304,-0.04543392404401677,False
Chile,skiing,1.6861636704193457,0.09004284183888889,True
Chile,bowling,0.290889467161088,-0.20065241294243027,False
Ecuador,football,0.9770176545406531,-0.011603038493531054,False
Ecuador,basketball,0.6101536334772559,-0.04897661076429658,False
Ecuador,cricket,-0.24329353960314112,-0.2308041756009371,True
Ecuador,hockey,-0.4178862901326432,-0.14106931217623464,True
Ecuador,tennis,0.6112722625587943,0.11103584304444879,True
Ecuador,volleyball,1.2166091045387901,0.16003481126318078,True
Ecuador,baseball,1.292414814281614,-0.11519881255616461,False
Ecuador,rugby,0.13601975692472676,-0.10847141811019445,False
Ecuador,golf,0.08980129266257739,-0.21057518057908292,False
Ecuador,athletics,0.6914199287195428,0.019629563264989627,True
Ecuador,badminton,0.13356932571536148,-0.07374377307667006,False
Ecuador,boxing,1.0131115242450905,-0.02803022312215375,False
Ecuador,cycling,0.9727846769395233,0.13608219623196693,True
Ecuador,swimming,0.4303209180856752,0.04336799991218356,True
Ecuador,shooting,-0.06470786444973502,-0.10364196381542172,True
Ecuador,gymnastics,-0.2687235491240309,0.11029456123558332,False
Ecuador,handball,0.6404505729149448,0.24395142730583497,True
Ecuador,wrestling,0.7090868130778543,-0.05192331349966731,False
Ecuador,skiing,1.105478898287228,0.01514243963477889,True
Ecuador,bowling,0.13078736307332106,-0.23980204603244856,False
Bolivia,football,1.0607025200287235,0.028560467342138116,True
Bolivia,basketball,0.3857608231648324,-0.02736356112992356,False
Bolivia,cricket,-0.31329985622942974,-0.18589756746945263,True
Bolivia,hockey,-0.5037028305359829,-0.10565393208698426,True
Bolivia,tennis,0.4274552219389992,0.10636490417100126,True
Bolivia,volleyball,0.8983914779362255,0.1509836177056032,True
Bolivia,baseball,1.010168972610544,-0.07463705340358359,False
Bolivia,rugby,0.10527356768494037,-0.071125601899998,False
Bolivia,golf,-0.04834038859005987,-0.1681375480582929,True
Bolivia,athletics,0.41945353414462677,0.01830768408820811,True
Bolivia,badminton,-0.4373861305323213,-0.07929817148101428,True
Bolivia,boxing,0.19826416146158937,-0.030336318164772537,False
Bolivia,cycling,0.7632953022702297,0.1396177645758666,True
Bolivia,swimming,-0.27357627199159495,0.02286349390236771,False
Bolivia,shooting,0.29253000692933195,-0.09328645741487548,False
Bolivia,gymnastics,-0.6456367269125605,0.06799443838505725,False
Bolivia,handball,0.5375065732173778,0.23664430626104968,True
Bolivia,wrestling,0.21759621731388726,-0.04111471170964889,False
Bolivia,skiing,1.3589284327441098,0.006244368678255848,True
Bolivia,bowling,-0.014848231038453345,-0.21280231913039913,True
Paraguay,football,1.2157124621677835,-0.08603053516414623,False
Paraguay,basketball,0.4640584221645738,-0.13598592192418613,False
Paraguay,cricket,-0.2886579326597232,-0.28212108181013645,True
Paraguay,hockey,-0.27668038878076745,-0.2153606386074147,True
Paraguay,tennis,0.520555976585606,0.04447500047570918,True
Paraguay,volleyball,0.9889937033295654,0.07832542316787414,True
Paraguay,baseball,1.1995529815779735,-0.19632381977213487,False
Paraguay,rugby,0.18069645650209895,-0.17388788321818688,False
Paraguay,golf,-0.2209446766561074,-0.2824204595613201,True
Paraguay,athletics,0.8013144051969047,-0.03502892879724721,False
Paraguay,badminton,-0.41563890771190865,-0.13893872705490898,True
Paraguay,boxing,1.0993389216273137,-0.10208004574006052,False
Paraguay,cycling,1.0389172203146289,0.08552200612406442,True
Paraguay,swimming,0.328419777945843,0.003947808539119135,True
Paraguay,shooting,-0.02209117833283397,-0.14819484229993954,True
Paraguay,gymnastics,0.14588795741028915,0.0909917819586462,True
Paraguay,handball,0.5254914990305755,0.19287313410120227,True
Paraguay,wrestling,0.9687067995038845,-0.13988853349015157,False
Paraguay,skiing,0.9386213114015782,-0.027696668085970176,False
Paraguay,bowling,0.652956914002468,-0.2952725259681683,False
Uruguay,football,1.0542475062009582,-0.10779463713572018,False
Uruguay,basketball,0.4470373967740789,-0.16094873954741243,False
Uruguay,cricket,-0.16551790763723165,-0.2934620050960787,True
Uruguay,hockey,-0.14450284326192583,-0.2327679975844215,True
Uruguay,tennis,0.6319274775409085,0.05171925647049369,True
Uruguay,volleyball,1.0595128206958664,0.0800878314336034,True
Uruguay,baseball,0.8901027027825152,-0.23089323099825498,False
Uruguay,rugby,0.3007396640274534,-0.1959796320192929,False
Uruguay,golf,0.26298928740280403,-0.2931597009069248,False
Uruguay,athletics,0.8925247550235604,-0.014870027650710462,False
Uruguay,badminton,-0.35528428428341247,-0.11493679481281746,True
Uruguay,boxing,1.0111037640859215,-0.09735640715209783,False
Uruguay,cycling,1.3361480521187652,0.11960321833703277,True
Uruguay,swimming,0.6346555860133875,0.03809431554589607,True
Uruguay,shooting,0.7151240124404862,-0.12989846907460856,False
Uruguay,gymnastics,0.2770040196032796,0.1416214814716805,True
Uruguay,handball,0.6384662084028531,0.21573114167522392,True
Uruguay,wrestling,0.7026982878195817,-0.1571269737161987,False
Uruguay,skiing,1.470867431606212,0.011173409350174626,True
Uruguay,bowling,0.5809268731125953,-0.2942995739446188,False
Australia,football,0.24538216643143726,-0.012293938518492748,False
Australia,basketball,0.12446981702744965,0.07120966602904151,True
Australia,cricket,1.4144934156113775,0.13603165540400067,True
Australia,hockey,0.40693799610171066,0.09674077178031516,True
Australia,tennis,0.21301598083646678,0.174295645789478,True
Australia,volleyball,0.24927007844262142,0.07788168101034801,True
Australia,baseball,0.3144909703991664,0.0003964426628611457,True
Australia,rugby,1.1765792825959926,0.03173408003036038,True
Australia,golf,0.7120136524375495,0.22830299700562778,True
Australia,athletics,-0.03561060021442178,0.2389169743265838,False
Australia,badminton,0.7677060903404989,0.337067240237818,True
Australia,boxing,0.4172395908724631,0.21902131782494147,True
Australia,cycling,0.7770229911335779,0.15164500256584063,True
Australia,swimming,0.8433113219086436,0.26835972945938974,True
Australia,shooting,-0.09057216573260354,0.2505555332711898,False
Australia,gymnastics,-0.4035343306230195,0.2017530127946117,False
Australia,handball,-0.6017207021224735,0.013904324236549487,False
Australia,wrestling,0.2696342031230947,0.12457857067207681,True
Australia,skiing,0.8403740845640053,0.28263693543377577,True
Australia,bowling,1.2540275639468206,0.2721359550605447,True
Papua New Guinea,football,1.0248801506446072,-0.045631769260476254,False
Papua New Guinea,basketball,0.057442619927453496,-0.06290567164875961,False
Papua New Guinea,cricket,1.5487667025540444,0.10321570739536748,True
Papua New Guinea,hockey,0.12884167790522952,-0.001091709838072591,False
Papua New Guinea,tennis,-0.47846434921253467,0.0005456638900112841,False
Papua New Guinea,volleyball,0.6209486150888708,-0.0692625941908748,False
Papua New Guinea,baseball,0.7815825763517783,-0.04078591957724067,False
Papua New Guinea,rugby,1.3041286649069024,-0.03303778170786633,False
Papua New Guinea,golf,0.2681417125116866,0.07613440437914928,True
Papua New Guinea,athletics,0.11095502512109853,0.03473509737630524,True
Papua New Guinea,badminton,1.9360846620106624,0.14382958949415933,True
Papua New Guinea,boxing,0.33105196053213126,0.09054377032199862,True
Papua New Guinea,cycling,0.44172163933247605,0.07752756246655511,True
Papua New Guinea,swimming,0.9094533584890979,0.109377594382461,True
Papua New Guinea,shooting,-0.24164970020403856,0.1316846281952471,False
Papua New Guinea,gymnastics,-0.7406507912594892,0.06642969613029279,False
Papua New Guinea,handball,-0.9199991373983415,-0.049229870352266336,True
Papua New Guinea,wrestling,-0.008794007237833208,0.03254892377554936,False
Papua New Guinea,skiing,0.6157714363532597,0.056799623315746124,True
Papua New Guinea,bowling,1.1957105282781066,0.1443743214474922,True
New Zealand,football,-0.06722325916921985,-0.05148128888279905,True
New Zealand,basketball,-0.09361415200399968,0.014796234451011707,False
New Zealand,cricket,1.5316211616338444,0.10518044999365771,True
New Zealand,hockey,0.7124464919127579,0.05556615061611682,True
New Zealand,tennis,0.04343399217860282,0.10268349939861758,True
New Zealand,volleyball,0.09428620324483676,0.0049942017175950044,True
New Zealand,baseball,0.18915327323873507,-0.027190752724652267,False
New Zealand,rugby,2.154036331610562,0.004519056554888212,True
New Zealand,golf,0.5475859743514742,0.2006697304572944,True
New Zealand,athletics,0.25135270659165876,0.18476441830506266,True
New Zealand,badminton,0.8758514448383201,0.26814553718786355,True
New Zealand,boxing,0.12257706124813755,0.16160327985887085,True
New Zealand,cycling,1.8683331623943167,0.11182759752923009,True
New Zealand,swimming,1.1871586928776967,0.21198464692597727,True
New Zealand,shooting,-0.6617960096967254,0.19807462806762716,False
New Zealand,gymnastics,-0.50452199746359,0.14464168171495675,False
New Zealand,handball,-1.0836042775450174,-0.04521828536911969,True
New Zealand,wrestling,0.11005835171482464,0.0600920643593935,True
New Zealand,skiing,1.1847777141393683,0.22986323259022967,True
New Zealand,bowling,1.158874170304837,0.23932191903314845,True
Fiji,football,0.6122990148672675,0.10672441502874429,True
Fiji,basketball,-0.2489961540029463,0.09187161405156831,False
Fiji,cricket,1.4338521386083032,0.11265701156910117,True
Fiji,hockey,-0.0174291510832756,0.0881252138644981,False
Fiji,tennis,0.16231759759066597,0.13271386145462588,True
Fiji,volleyball,0.581058320633321,0.07675287362914869,True
Fiji,baseball,0.5523842186694542,0.13645958588920384,True
Fiji,rugby,1.7230689755299813,0.11131473976639752,True
Fiji,golf,0.5960685952724665,0.20250300525979895,True
Fiji,athletics,0.1359616156844747,0.1576878559719889,True
Fiji,badminton,1.3665751704353228,0.14984048623993496,True
Fiji,boxing,-0.27540548368724765,0.18564263772247738,False
Fiji,cycling,-0.01794509982205933,0.15665003165202587,False
Fiji,swimming,1.1473924115492309,0.1843590071884425,True
Fiji,shooting,-0.7851378201975296,0.12905940627172033,False
Fiji,gymnastics,-0.8990011295492955,0.06339600865112995,False
Fiji,handball,-0.5951779869225647,0.06050911708455421,False
Fiji,wrestling,-0.09794668082623059,0.13555187666558915,False
Fiji,skiing,-0.03528542085144394,0.10984834655923079,False
Fiji,bowling,0.25114427521525534,0.20173778947660337,True
Solomon Islands,football,0.9945385227927909,-0.0383702331845036,False
Solomon Islands,basketball,0.21223668373258922,-0.06785598690900911,False
Solomon Islands,cricket,1.606779175554083,0.08028286196749987,True
Solomon Islands,hockey,0.038674444611938745,-0.015743815634927046,False
Solomon Islands,tennis,-0.2175954177276351,-0.04019328202265968,True
Solomon Islands,volleyball,0.7863713361019384,-0.12912738290627088,False
Solomon Islands,baseball,0.954675458486974,-0.009203741929980292,False
Solomon Islands,rugby,1.5291832303788901,-0.019966829907234168,False
Solomon Islands,golf,0.3991606085097882,0.07407164170484773,True
Solomon Islands,athletics,0.6525679076772879,0.010386053825549253,True
Solomon Islands,badminton,2.170641148140788,0.06421233470302828,True
Solomon Islands,boxing,0.4222887186509814,0.0543481861315973,True
Solomon Islands,cycling,0.34255592551951847,0.02435695958965256,True
Solomon Islands,swimming,1.1532368837709437,0.07187271546164326,True
Solomon Islands,shooting,-0.24880237500368937,0.07869741690737125,False
Solomon Islands,gymnastics,-0.438770721944846,0.0012151429524895315,False
Solomon Islands,handball,-0.6508045707206669,-0.09240418644221503,True
Solomon Islands,wrestling,0.1856843226875285,0.010818885878177838,True
Solomon Islands,skiing,0.18539458495769173,-0.008514336445744957,False
Solomon Islands,bowling,1.234851463081027,0.12775826914654215,True
Vanuatu,football,1.128781452510105,-0.008698482495358376,False
Vanuatu,basketball,-0.11901202168625405,-0.059470314150791966,True
Vanuatu,cricket,1.3911834104023928,0.011243464048068835,True
Vanuatu,hockey,-0.03872136457192898,-0.014416561661185627,True
Vanuatu,tennis,-0.3754501490528425,0.01718417732703914,False
Vanuatu,volleyball,0.9113507473115992,-0.037410025932220356,False
Vanuatu,baseball,0.6654254637484415,-0.08827552766425983,False
Vanuatu,rugby,1.6611994542324349,0.01200712720221016,True
Vanuatu,golf,0.040163399778806945,-0.038319688322615494,False
Vanuatu,athletics,0.6723284930418968,0.026436732506732074,True
Vanuatu,badminton,1.903348079651417,0.0671569302408414,True
Vanuatu,boxing,0.43039217423030957,0.04505246049385379,True
Vanuatu,cycling,0.5398322397784607,0.139568430187701,True
Vanuatu,swimming,1.023383869716236,0.12730148566849922,True
Vanuatu,shooting,-0.19650030712322386,0.08877898651274391,False
Vanuatu,gymnastics,-0.30996470616816313,0.08650502936413028,False
Vanuatu,handball,-0.7674741420200858,0.05650398829032123,False
Vanuatu,wrestling,0.5027949864331397,0.03522227293316893,True
Vanuatu,skiing,0.16410413158476617,0.05891560921567845,True
Vanuatu,bowling,0.41292179456869144,0.02847926345158846,True
Samoa,football,0.9400693613577764,0.04678662713126215,True
Samoa,basketball,0.1671014732400887,0.023327466309748093,True
Samoa,cricket,1.1859803018526216,0.06299323205553596,True
Samoa,hockey,0.035878985207496446,0.029055257960954685,True
Samoa,tennis,-0.02161941937212457,0.004202889594154642,False
Samoa,volleyball,1.023951849635178,-0.02683789322980834,False
Samoa,baseball,0.44464423931778696,0.10035524702470823,True
Samoa,rugby,1.8015157945351432,0.030877750907893808,True
Samoa,golf,0.21561131638427652,0.12117554079319043,True
Samoa,athletics,0.6838765312767092,0.04448763522518605,True
Samoa,badminton,1.4488668816348709,0.04169831137998331,True
Samoa,boxing,0.6255313931220705,0.10077060371469318,True
Samoa,cycling,0.09941351796996012,0.03445163658111611,True
Samoa,swimming,1.361738537642094,0.05176128752807384,True
Samoa,shooting,-0.42444200222124046,0.016954068606933843,False
Samoa,gymnastics,-0.337789190828293,-0.01609077841943744,True
Samoa,handball,-0.36088807823199703,-0.04441735817572618,True
Samoa,wrestling,1.0999992870231186,0.08887887090698633,True
Samoa,skiing,0.3225447043027107,-0.0237310975450891,False
Samoa,bowling,0.5036197106805443,0.12934681333734274,True
Kiribati,football,1.0735949311936943,-0.02720575541568285,False
Kiribati,basketball,0.3648487702315017,-0.07546829775740214,False
Kiribati,cricket,1.2447234925866346,0.021591922435069594,True
Kiribati,hockey,0.3012793078815918,-0.032824288870144006,False
Kiribati,tennis,-0.024984320964993433,-0.029439124262848178,True
Kiribati,volleyball,1.1614616273701015,-0.02703356751540178,False
Kiribati,baseball,0.8748688476396086,-0.10823067577504708,False
Kiribati,rugby,1.432376003599764,-0.012961202734947906,False
Kiribati,golf,0.42172561266904934,-0.10367716947422696,False
Kiribati,athletics,1.2020118061401568,-0.023902691882305954,False
Kiribati,badminton,1.8045477585768297,0.0367363854469298,True
Kiribati,boxing,0.6932970571582433,0.01883992324497667,True
Kiribati,cycling,1.0757093067127947,0.07893264646961859,True
Kiribati,swimming,1.441768764122099,0.06034186290884717,True
Kiribati,shooting,0.2877001069729821,0.027068140480916707,True
Kiribati,gymnastics,0.308502970162691,0.06654154534217413,True
Kiribati,handball,-0.09430751359483644,0.031036107871224197,False
Kiribati,wrestling,0.5680510950287827,0.018835840533400816,True
Kiribati,skiing,1.1107356575169463,-0.012377021987139167,False
Kiribati,bowling,0.9352285359870194,-0.05342031245937759,False
Micronesia,football,0.8003397914515737,0.06714636837016084,True
Micronesia,basketball,0.46324010766141555,0.1253867714717627,True
Micronesia,cricket,0.13550213650286608,0.059766888019176144,True
Micronesia,hockey,-0.04008660536680907,0.08951085257432821,False
Micronesia,tennis,-0.18810930945142929,0.11086943871626512,False
Micronesia,volleyball,1.124310510458713,0.2022324377028118,True
Micronesia,baseball,1.4381488987798112,0.13811478529808716,True
Micronesia,rugby,0.5290811372097953,0.04863586131772236,True
Micronesia,golf,0.432775158332169,0.10798667430401909,True
Micronesia,athletics,-0.17999093485953663,0.06866272364146048,False
Micronesia,badminton,0.46255486199262147,0.14925161943912763,True
Micronesia,boxing,-0.08151989737250608,0.10657749125734683,False
Micronesia,cycling,-0.3943876003525757,0.05815162058879311,False
Micronesia,swimming,1.0989937829300185,0.03157224473688214,True
Micronesia,shooting,-0.3538424651043419,0.034748128264456855,False
Micronesia,gymnastics,-0.5850306195163404,0.03204656656309863,False
Micronesia,handball,-0.6192535525311522,0.005775128452843661,False
Micronesia,wrestling,0.11966162587766688,0.16387870849074035,True
Micronesia,skiing,0.3270548989390444,0.026675495092083328,True
Micronesia,bowling,0.3231096305272739,0.09850093761457239,True
Tonga,football,0.8588654870235859,-0.04373638459040741,False
Tonga,basketball,0.10882545680427483,-0.1065613901881022,False
Tonga,cricket,0.9440264922259938,0.03182688508854903,True
Tonga,hockey,-0.22738058588477317,-0.06011900678765085,True
Tonga,tennis,0.016404872658774904,-0.13530224072042885,False
Tonga,volleyball,1.047428361861133,-0.1656613703345767,False
Tonga,baseball,0.5296746070334887,-0.025197547683380356,False
Tonga,rugby,1.9387331514840536,-0.00725841108566306,False
Tonga,golf,0.10884553953027955,-0.014759410794785878,False
Tonga,athletics,0.688772722163395,-0.08538081617929029,False
Tonga,badminton,1.655250182588927,-0.07838233194237464,False
Tonga,boxing,0.4392884305204456,0.00045061908250737737,True
Tonga,cycling,0.41953369386591655,-0.04534443843458179,False
Tonga,swimming,1.2818123686246365,-0.02409490011574248,False
Tonga,shooting,-0.5940749424075067,-0.03466552212245946,True
Tonga,gymnastics,-0.35388751455874107,-0.05491461588246543,True
Tonga,handball,-0.15318188616510897,-0.13071891541750882,True
Tonga,wrestling,1.115757549613902,-0.0037815479642877353,False
Tonga,skiing,0.1598047468501085,-0.1228647546210194,False
Tonga,bowling,0.6037333097797167,-0.0020110616065025307,False
