,occupation,beverage,direct_correlation,indirect_correlation,same_correlation
0,accountant,water,-0.5493324357498359,-0.33755921067796524,True
1,accountant,coffee,1.1269147720779884,0.2322251375948361,True
2,accountant,tea,0.4019966924774146,0.16319350711693367,True
3,accountant,juice,-0.03024242511743832,-0.17887268199586565,True
4,accountant,milk,-0.4923012006481088,0.0963412524265399,False
5,accountant,soda,0.09554424045538866,-0.1568709303549393,False
6,accountant,alcohol,-0.45819197508333004,-0.04133699169117665,True
7,accountant,liquor,-0.4461391320047752,0.18864140647083072,False
8,accountant,beer,0.2850119589725921,0.28082307276833834,True
9,accountant,wine,0.2397297666254632,-0.05680684232279769,False
10,accountant,vodka,0.19013878606411125,0.16390474362818225,True
11,accountant,whiskey,0.13684380773240207,0.15923091003747966,True
12,accountant,champagne,0.9232551358034541,0.04788056666343357,True
13,air traffic controller,water,-0.15048768607222965,-0.3825037318935837,True
14,air traffic controller,coffee,0.9406197532557956,-0.06851072156874759,False
15,air traffic controller,tea,0.6775665834495056,-0.27922101678241384,False
16,air traffic controller,juice,0.213389031234814,-0.2626793445230176,False
17,air traffic controller,milk,-0.4537568844446743,-0.2801562176840652,True
18,air traffic controller,soda,0.25626582875077675,0.11857443696078394,True
19,air traffic controller,alcohol,-0.2631881762978349,0.07559316959786627,False
20,air traffic controller,liquor,-0.4092113714300616,0.3102250314564971,False
21,air traffic controller,beer,0.4948168038589756,0.5108953116055808,True
22,air traffic controller,wine,-0.2072655911955398,-0.41823347443332615,True
23,air traffic controller,vodka,-0.10126549187901357,0.0563527861270745,False
24,air traffic controller,whiskey,0.04372678132486118,0.3717924636163154,True
25,air traffic controller,champagne,0.6290588207227061,-0.349954411680758,False
26,architect,water,-0.3266585821498969,-0.2920280269176306,True
27,architect,coffee,0.8664344879825236,0.036752728510719014,True
28,architect,tea,0.2325181109042948,-0.05297261764931647,False
29,architect,juice,-0.2689011235101333,-0.2512974043959028,True
30,architect,milk,-0.9421605812616229,-0.13044681732586375,True
31,architect,soda,-0.03712178586039579,-0.21532299776977065,True
32,architect,alcohol,-0.5335453958488797,0.11579583945951084,False
33,architect,liquor,-0.7041225343382311,0.16668894399705242,False
34,architect,beer,0.26956586320019565,0.22002098288865407,True
35,architect,wine,0.9292077024994184,0.023188186099429662,True
36,architect,vodka,0.2395438344527574,0.16233921910923785,True
37,architect,whiskey,-0.351168732081004,0.1525235187682365,False
38,architect,champagne,1.1033311292030552,0.07462875325926953,True
39,artist,water,-0.6085737800011243,-0.01917280239662795,True
40,artist,coffee,0.3992780974590854,0.1970367046892332,True
41,artist,tea,0.12785198527685526,0.0744270286640008,True
42,artist,juice,0.059532185781638186,0.16622198988290188,True
43,artist,milk,-0.7111208047598422,0.027980239240373864,False
44,artist,soda,0.1026588959823632,0.20366212765796607,True
45,artist,alcohol,-0.027702545465728454,0.06680481202135814,False
46,artist,liquor,-0.6449400718657079,-0.15589267666114429,True
47,artist,beer,-0.013221536973041487,-0.11299696098008355,True
48,artist,wine,1.2589375929914448,0.21611356240435733,True
49,artist,vodka,0.21874795915574974,0.26698397741810426,True
50,artist,whiskey,-0.4126201856457009,-0.15794112874108426,True
51,artist,champagne,1.4155520423342849,0.20143170635202948,True
52,attorney,water,-0.6181661524007058,-0.39097729831341865,True
53,attorney,coffee,0.8965099241983703,0.059467284266094274,True
54,attorney,tea,-0.4158174364811618,-0.1401690353687824,True
55,attorney,juice,0.02316778515426779,-0.24037798810561034,False
56,attorney,milk,-1.0019736309794314,-0.17319541474981515,True
57,attorney,soda,0.0005001479616473716,0.0572692829607856,True
58,attorney,alcohol,-0.7524362375723376,0.08047183804626208,False
59,attorney,liquor,-0.1429606522061938,0.3481107474729292,False
60,attorney,beer,0.3090751999122966,0.42424896791759054,True
61,attorney,wine,0.19254223085243108,-0.2916643540720309,False
62,attorney,vodka,-0.4520417283006618,0.0944299068441714,False
63,attorney,whiskey,0.48125793921635607,0.3935563002069027,True
64,attorney,champagne,0.21230345803822206,-0.2374891817894437,False
65,baker,water,-0.613581886952106,0.08214511317521771,False
66,baker,coffee,1.6605338472240216,0.4696015705302289,True
67,baker,tea,1.9013819721745608,0.5853873020396948,True
68,baker,juice,-0.03287668344636844,0.232492441415606,False
69,baker,milk,2.1894059311244787,0.5766537563129165,True
70,baker,soda,-0.06325840587314206,-0.1045863358224876,True
71,baker,alcohol,-1.214719326261813,-0.2551883011506742,True
72,baker,liquor,-1.080477315640204,-0.17492148265986968,True
73,baker,beer,0.22159529021967955,-0.21134928418513474,False
74,baker,wine,0.23379757985019856,0.2800579502109631,True
75,baker,vodka,-1.4454028274865625,0.041744938305320736,False
76,baker,whiskey,-2.094687764038524,-0.2862971488323232,True
77,baker,champagne,-0.11759651498757508,0.3219600247726037,False
78,banker,water,-1.0384373255807045,-0.3757398630476521,True
79,banker,coffee,0.5250593833885834,0.05207058967627151,True
80,banker,tea,0.19044490221933133,0.06082723262138823,True
81,banker,juice,-0.4870006277844421,-0.3785088485494791,True
82,banker,milk,-0.5840688462903557,-0.010678029640328721,True
83,banker,soda,-0.5649345734646415,-0.3689338052713237,True
84,banker,alcohol,-1.1140040540815035,-0.030182234013867156,True
85,banker,liquor,-0.6576513093070557,0.3170624151562273,False
86,banker,beer,0.2398389073726879,0.3453985412173479,True
87,banker,wine,0.4964469850650028,-0.12396396856621965,False
88,banker,vodka,-0.2996405148726067,0.007444940727781451,False
89,banker,whiskey,0.18792660654202134,0.31182455304588264,True
90,banker,champagne,1.911729120489644,-0.003937737313233298,False
91,bartender,water,-0.16485546702502826,-0.1926344970501423,True
92,bartender,coffee,-0.34786931984507075,-0.07493901680756401,True
93,bartender,tea,-1.1969695736948338,-0.3173438747349485,True
94,bartender,juice,0.03019486609800345,0.032855824135791314,True
95,bartender,milk,-1.1837040418262617,-0.2716678414321986,True
96,bartender,soda,0.3052723406925825,0.4612827876740956,True
97,bartender,alcohol,-0.2445534382607175,0.1333300555794808,False
98,bartender,liquor,0.16826095511709593,0.1309285303782311,True
99,bartender,beer,0.5518458731647118,0.2777181773548573,True
100,bartender,wine,-0.20371755604005334,-0.3285344195994703,True
101,bartender,vodka,0.2690564775832749,0.22183498296623225,True
102,bartender,whiskey,0.4073844904179896,0.15242862537692095,True
103,bartender,champagne,-0.17674487302275518,-0.2928977645531896,True
104,barber,water,-0.30088579911209273,-0.29295784152496124,True
105,barber,coffee,0.35716965139719675,0.03306579465743952,True
106,barber,tea,0.3935194422340633,0.08793181022680946,True
107,barber,juice,-0.8057866147702741,-0.3450729369757196,True
108,barber,milk,-0.647167221686969,0.07775037510103627,False
109,barber,soda,-0.4346911323610783,-0.2816653227552079,True
110,barber,alcohol,-0.33366028345873266,-0.08550658341132293,True
111,barber,liquor,0.4836589085365186,0.3218872753782712,True
112,barber,beer,0.5381832329724503,0.34621712819404976,True
113,barber,wine,0.05861803799285927,-0.2109296531964729,False
114,barber,vodka,-0.8404382519408945,-0.10134295476263416,True
115,barber,whiskey,0.7233304299769272,0.306940665176192,True
116,barber,champagne,-0.0812595748773981,-0.11905850102303404,True
117,barman,water,-0.4076495209392498,-0.4526283985397987,True
118,barman,coffee,-0.2594952427747553,-0.2131819950599969,True
119,barman,tea,-0.02089664494675051,-0.2275780848663621,True
120,barman,juice,-0.7317080781837997,-0.5089216426197495,True
121,barman,milk,-0.711393601140782,-0.2146897379113749,True
122,barman,soda,-0.6304213982128335,-0.23421643422559776,True
123,barman,alcohol,-0.4652586088278423,0.017860087682519368,False
124,barman,liquor,0.022348912654654197,0.4284650850443565,True
125,barman,beer,0.6944062042883749,0.6476838916982833,True
126,barman,wine,-0.3723578936981901,-0.5022411184460728,True
127,barman,vodka,-0.6672521134583382,-0.05068620882215759,True
128,barman,whiskey,-0.24513885020467685,0.4739268685954583,False
129,barman,champagne,-0.3494024016473729,-0.388262168426247,True
130,barmaid,water,-0.2805104871327003,0.2776871632537141,False
131,barmaid,coffee,-0.4338519475553545,0.6367310118819391,False
132,barmaid,tea,0.19722870884173874,0.7531890929409457,True
133,barmaid,juice,-0.1686896111502025,0.5385279151068757,False
134,barmaid,milk,-0.15977365733581655,0.7320830180817174,False
135,barmaid,soda,-0.6279808218510535,0.002086532135183661,False
136,barmaid,alcohol,0.024273015628753104,-0.3444381210615167,False
137,barmaid,liquor,0.5591230821343189,-0.4241057892805975,False
138,barmaid,beer,0.21475001787242134,-0.5271124376896099,False
139,barmaid,wine,0.2876517812633677,0.5003850296055758,True
140,barmaid,vodka,-0.2970058830723997,0.14480009584996956,False
141,barmaid,whiskey,0.15736609792730827,-0.5764917991514504,False
142,barmaid,champagne,0.32281260282088914,0.5529857272831444,True
143,bookkeeper,water,-0.3849059603322186,-0.010536351529122384,True
144,bookkeeper,coffee,0.7652066138079813,0.4516380227494609,True
145,bookkeeper,tea,1.120064022451019,0.542583238056722,True
146,bookkeeper,juice,-0.2284327252546821,0.13315916118982088,False
147,bookkeeper,milk,-0.05835530280335144,0.5154366928336472,False
148,bookkeeper,soda,0.03309447380071743,-0.1223176581597464,False
149,bookkeeper,alcohol,-0.4131076087965602,-0.2583728268008964,True
150,bookkeeper,liquor,0.2239418993565752,-0.04415428741150945,False
151,bookkeeper,beer,0.3245668004553314,-0.10440933061438627,False
152,bookkeeper,wine,0.24643988939584305,0.17178241939158734,True
153,bookkeeper,vodka,-0.2396979517731445,0.008205128425390737,False
154,bookkeeper,whiskey,0.6870995511129728,-0.14058362206544597,False
155,bookkeeper,champagne,0.36560405706680704,0.25085936229637645,True
156,broadcaster,water,0.1628081233874077,-0.3248503694830779,False
157,broadcaster,coffee,0.4564903085660883,0.1892103897354353,True
158,broadcaster,tea,0.4592424398211817,0.1759378277192842,True
159,broadcaster,juice,0.054611089104139615,-0.14015508209733835,False
160,broadcaster,milk,0.16594940360535612,0.12669115247723256,True
161,broadcaster,soda,0.14792250406357152,-0.13617705858632345,False
162,broadcaster,alcohol,-0.0909953144041723,-0.10266562353188692,True
163,broadcaster,liquor,-0.6356430724810369,0.0792869724517557,False
164,broadcaster,beer,0.3235220643965189,0.22490333301673066,True
165,broadcaster,wine,0.21883883884277344,-0.06351592725277129,False
166,broadcaster,vodka,-0.058577012172511836,0.10707442936732224,False
167,broadcaster,whiskey,-0.3157008820774936,0.09257575479760806,False
168,broadcaster,champagne,0.344149113940818,0.02967246745373028,True
169,builder,water,0.3298340772392038,-0.3527203620324717,False
170,builder,coffee,0.4390953475791581,-0.04723551724516743,False
171,builder,tea,0.2851251416547493,-0.04453031540247812,False
172,builder,juice,-0.2747750359659,-0.4018369668400181,True
173,builder,milk,-0.09665218221565557,-0.0435095366339088,True
174,builder,soda,0.14249579728223413,-0.2482359849687745,False
175,builder,alcohol,-0.31420759232602363,-0.008428531567653762,True
176,builder,liquor,-0.38351477445735377,0.3662548973827417,False
177,builder,beer,0.5976490995961912,0.503001330635573,True
178,builder,wine,-0.09418431204113496,-0.33069866794612746,True
179,builder,vodka,-0.2450587896657293,-0.04546074252034333,True
180,builder,whiskey,-0.5304256339558282,0.3669800594218628,False
181,builder,champagne,-0.36814575532247984,-0.2591904864161039,True
182,businessperson,water,-0.14035397317002687,-0.25251012913485105,True
183,businessperson,coffee,0.6451928472974675,0.20172446061639432,True
184,businessperson,tea,0.6986906596738687,0.14322323735788647,True
185,businessperson,juice,-0.1380227549073359,-0.09803263857109464,True
186,businessperson,milk,-0.020095993873542998,0.08333137059625359,False
187,businessperson,soda,0.09042324983466356,-0.15516432718256826,False
188,businessperson,alcohol,0.25630232445586565,0.0648457939264711,True
189,businessperson,liquor,0.28905272091595674,0.23050119182157755,True
190,businessperson,beer,0.054261291429601836,0.2272460134849298,True
191,businessperson,wine,-0.030070248357942742,0.003961152147359075,False
192,businessperson,vodka,-0.3718126649983465,0.18505833548683556,False
193,businessperson,whiskey,-0.18045889884340904,0.1350122630783363,False
194,businessperson,champagne,0.4651615877181615,0.05624831731902367,True
195,businessman,water,-1.1845824061052783,-0.4729174736933723,True
196,businessman,coffee,0.4654038009777925,-0.2469536840777859,False
197,businessman,tea,-0.024280963606189657,-0.37564429884260736,True
198,businessman,juice,-0.4943137781889248,-0.5120902988848676,True
199,businessman,milk,-1.046257522698442,-0.4305166836366276,True
200,businessman,soda,-0.3707468790423419,-0.2340089063839161,True
201,businessman,alcohol,-0.1823598521774956,0.22910052443757506,False
202,businessman,liquor,-0.10315308711593443,0.5189058571569707,False
203,businessman,beer,0.20561784268933397,0.5704493423928493,True
204,businessman,wine,0.24808789365560285,-0.3568578474447589,False
205,businessman,vodka,-0.11789342487334517,0.03431796888635927,False
206,businessman,whiskey,0.02975633493828384,0.5527279921490692,True
207,businessman,champagne,1.2457032886153614,-0.27207017568993525,False
208,businesswoman,water,-0.7336643872191551,0.2333846766701023,False
209,businesswoman,coffee,0.8366217238149045,0.706103453319425,True
210,businesswoman,tea,0.8755961232666107,0.7103512501910779,True
211,businesswoman,juice,-0.08438007997594098,0.6094690307675332,False
212,businesswoman,milk,-0.13137888570512538,0.6269709941554175,False
213,businesswoman,soda,-0.15958073672954404,0.05490662549640204,False
214,businesswoman,alcohol,-0.09191169610774287,-0.200088159007136,True
215,businesswoman,liquor,-0.005505101878690053,-0.4303296784939091,True
216,businesswoman,beer,-0.0716244301374306,-0.6145173874744021,True
217,businesswoman,wine,0.5206965675735683,0.6613475299736755,True
218,businesswoman,vodka,0.003132626429860955,0.2791140950998525,True
219,businesswoman,whiskey,0.04920730651968922,-0.5929095096162612,False
220,businesswoman,champagne,1.574481455971357,0.6772652415408167,True
221,butcher,water,-0.6920048873455172,-0.28717898898201666,True
222,butcher,coffee,-0.4914370601428946,-0.20588670086629865,True
223,butcher,tea,-0.6386895859687759,-0.11515490728632045,True
224,butcher,juice,-0.2565675399559441,-0.4940810558470395,True
225,butcher,milk,0.8250089442224408,-0.1089983474836487,False
226,butcher,soda,-1.247375156679538,-0.4277299738769437,True
227,butcher,alcohol,-0.6693321360716852,-0.07188167954191457,True
228,butcher,liquor,-0.09941143940176936,0.3375177681951076,False
229,butcher,beer,0.29235680582102896,0.4225280383171282,True
230,butcher,wine,0.2778120483029439,-0.3405841303777545,False
231,butcher,vodka,-0.8201579989555882,-0.2302951030025469,True
232,butcher,whiskey,0.03954317184311428,0.4002447002987184,True
233,butcher,champagne,-0.9531072215367746,-0.2812034449091895,True
234,captain,water,0.4450567192555041,-0.25437834251069424,False
235,captain,coffee,-0.09468964595552773,-0.446134797139828,True
236,captain,tea,0.2386862227923404,-0.4982616054631676,False
237,captain,juice,-0.08894248751210787,-0.4864802715205504,True
238,captain,milk,-0.6518269481163312,-0.4929897029363408,True
239,captain,soda,-0.21715086822577226,-0.08428249950253608,True
240,captain,alcohol,-0.4490671606071115,0.039741654033925725,False
241,captain,liquor,-0.1104683578582798,0.3640427732376688,False
242,captain,beer,0.3683535437820241,0.4639935875649904,True
243,captain,wine,0.1341914506267907,-0.5177993201983989,False
244,captain,vodka,-0.6823415557665768,-0.26343997574004113,True
245,captain,whiskey,0.27916545879346943,0.5199275839013217,True
246,captain,champagne,0.8947963134505792,-0.4378623386470004,False
247,carpenter,water,0.10901771599821547,-0.3019951402183314,False
248,carpenter,coffee,0.5427520574433874,-0.0863452115089615,False
249,carpenter,tea,0.20592314863111594,-0.08585470306540481,False
250,carpenter,juice,-0.3931577997764279,-0.4265858880463425,True
251,carpenter,milk,0.020464219999434805,-0.06345013163169155,False
252,carpenter,soda,0.1366929297489807,-0.24718665669858325,False
253,carpenter,alcohol,-0.17491293888592166,0.027199565631194602,False
254,carpenter,liquor,0.029867752410503826,0.3919119040461047,True
255,carpenter,beer,0.6642227027153984,0.5003115655600864,True
256,carpenter,wine,-0.05047568968420035,-0.31631615907878396,True
257,carpenter,vodka,-0.32849885191193545,-0.08716603061920804,True
258,carpenter,whiskey,-0.2307832619510208,0.3979909438834672,False
259,carpenter,champagne,-0.7980982585804771,-0.290447575072302,True
260,cashier,water,-0.4855020533678183,-0.03160304412096161,True
261,cashier,coffee,1.0170499382124536,0.5375924010359181,True
262,cashier,tea,0.010103432491456916,0.4839126765152983,True
263,cashier,juice,0.4493147448446326,0.2732150099787369,True
264,cashier,milk,0.055536014359565976,0.4877296538449742,True
265,cashier,soda,0.8337612239944087,0.07733156949316218,True
266,cashier,alcohol,-0.6042534035069933,-0.2372923115651211,True
267,cashier,liquor,0.22716917144481644,-0.08460926518460962,False
268,cashier,beer,0.2571901127986527,-0.07489521608936532,False
269,cashier,wine,-0.36204942085257175,0.15351018054154422,False
270,cashier,vodka,-0.3934198308742949,0.16149852192142755,False
271,cashier,whiskey,0.2047449785129309,-0.19600901153478328,False
272,cashier,champagne,0.2530200031108227,0.2032911660034363,True
273,chef,water,-0.10130306276518047,-0.11524897206727228,True
274,chef,coffee,0.5996385257623353,0.13202128971554214,True
275,chef,tea,0.4113376436509893,-0.04106120849906916,False
276,chef,juice,0.33513550326000097,0.16980615695103832,True
277,chef,milk,-0.12593180540446056,-0.05585349124224866,True
278,chef,soda,-0.16574274129087474,0.16734810348080298,False
279,chef,alcohol,-0.7142776514664628,0.10158587641187758,False
280,chef,liquor,-0.8247782306239718,-0.050890923609037735,True
281,chef,beer,0.07087814779651573,-0.028029211474419932,False
282,chef,wine,1.9466574576414988,0.10909298598044144,True
283,chef,vodka,-0.7649648218001187,0.25201555254972063,False
284,chef,whiskey,-1.0581627320999054,-0.08187280002254166,True
285,chef,champagne,2.1175375831356877,0.14448100404103764,True
286,coach,water,-0.1208808614058099,-0.3536213341285265,True
287,coach,coffee,-0.030455280632110837,-0.34910699315196336,True
288,coach,tea,0.36553606280542666,-0.5316166883791721,False
289,coach,juice,-0.1574103273399708,-0.280387061821862,True
290,coach,milk,-0.2119043470953485,-0.4713839156075002,True
291,coach,soda,0.5253434142516096,0.2622855149923993,True
292,coach,alcohol,0.1851942101055005,0.2166015073679516,True
293,coach,liquor,-0.32904120457372704,0.3245984402313005,False
294,coach,beer,0.2574077717330878,0.5298677462302593,True
295,coach,wine,0.033377737407594275,-0.5038102871943644,False
296,coach,vodka,-0.000375743256901167,0.10921155632025334,False
297,coach,whiskey,-0.3531014841033607,0.392368919979461,False
298,coach,champagne,0.36228182775352796,-0.4751678404322756,False
299,cook,water,0.6691325848368714,0.15881756864439722,True
300,cook,coffee,0.6150279330802902,0.5847672844757205,True
301,cook,tea,1.1672462556667258,0.6602705732668619,True
302,cook,juice,0.33807052818813993,0.3948159433241863,True
303,cook,milk,1.2211237974712248,0.6566977482495662,True
304,cook,soda,-0.1582424546769899,-0.060183730630836985,True
305,cook,alcohol,-0.13382827018409274,-0.2784957143356461,True
306,cook,liquor,-0.09828629373545136,-0.2807566534290759,True
307,cook,beer,0.20695631856390664,-0.3349526179460017,False
308,cook,wine,0.9397597161996768,0.3831365529838565,True
309,cook,vodka,-0.4626372770521743,0.11197742157634633,False
310,cook,whiskey,-0.5324657778583735,-0.4199769043228689,True
311,cook,champagne,0.1782117864608164,0.42417017516949895,True
312,computer programmer,water,-0.34533371712051786,-0.2356704605861292,True
313,computer programmer,coffee,1.6116740715592093,0.08670032663309643,True
314,computer programmer,tea,0.6660353862267635,-0.1551823999151335,False
315,computer programmer,juice,1.1860895330751426,-0.014360612513625687,False
316,computer programmer,milk,-0.16402065137778588,-0.16263760786068265,True
317,computer programmer,soda,0.8784378823269765,0.2890451873860006,True
318,computer programmer,alcohol,-0.7658610185610417,0.11292034137965612,False
319,computer programmer,liquor,-0.7033608663569189,0.1250647317166337,False
320,computer programmer,beer,0.3849132267040869,0.3050300386690817,True
321,computer programmer,wine,0.021491398656011303,-0.19081884800895854,False
322,computer programmer,vodka,0.21204654865282585,0.22193549925718334,True
323,computer programmer,whiskey,-0.08643777063864047,0.15127562904652547,False
324,computer programmer,champagne,0.3846345201658547,-0.18317363957198995,False
325,dancer,water,-0.1817076616771115,0.23689974419639426,False
326,dancer,coffee,-0.3797645062405972,0.22509333877804893,False
327,dancer,tea,0.17183731956316678,0.2475411598617786,True
328,dancer,juice,-0.11925917693760467,0.4487641477708553,False
329,dancer,milk,-0.5153250463011491,0.2357358726265372,False
330,dancer,soda,-0.07162176873591007,0.2289011592448756,False
331,dancer,alcohol,0.24353091944527064,-0.07723313083820546,False
332,dancer,liquor,-0.061063251341498925,-0.3653644098828196,True
333,dancer,beer,0.04407977015233997,-0.42999017875698897,False
334,dancer,wine,0.6385732155621169,0.3264669683003738,True
335,dancer,vodka,0.32352451359793194,0.2405336390778541,True
336,dancer,whiskey,-0.22467940440358367,-0.4501837725346482,True
337,dancer,champagne,1.3984143721791118,0.3681170090307788,True
338,dental hygienist,water,1.9286996538701209,-0.2577432627755229,False
339,dental hygienist,coffee,0.709772355813721,0.2658086516849269,True
340,dental hygienist,tea,0.3940268635318461,0.20323433234280644,True
341,dental hygienist,juice,0.8515721883712825,-0.05263850630858104,False
342,dental hygienist,milk,1.242990710472081,0.20511248884829075,True
343,dental hygienist,soda,1.0864840772058555,-0.06946610146095128,False
344,dental hygienist,alcohol,0.4117638029257549,-0.06838519649434051,False
345,dental hygienist,liquor,-0.41226469780453256,0.18074574741129126,False
346,dental hygienist,beer,-0.4145265498069424,0.22522768666116086,False
347,dental hygienist,wine,-0.03157766213525278,-0.06405401154782843,True
348,dental hygienist,vodka,-0.21709864841896812,0.14830873337585265,False
349,dental hygienist,whiskey,-0.6764204325675341,0.08559607801933929,False
350,dental hygienist,champagne,0.06714455033906111,0.01319555656691837,True
351,dentist,water,0.5245657802627683,-0.4033324188567873,False
352,dentist,coffee,0.7163786641499105,-0.006202672362395065,False
353,dentist,tea,0.3508349804979856,-0.07324735293095178,False
354,dentist,juice,0.38099213067933096,-0.33670269004554115,False
355,dentist,milk,0.6252974488517725,-0.059444778875497276,False
356,dentist,soda,0.9140422476207184,-0.10729036148588184,False
357,dentist,alcohol,0.17819046648151926,0.02511178343465577,True
358,dentist,liquor,-0.14286779509694136,0.3966147760943593,False
359,dentist,beer,0.07470359271348906,0.5217099733984052,True
360,dentist,wine,-0.34635719386065644,-0.3432557544671129,True
361,dentist,vodka,-0.4628184256179056,0.02658797416303671,False
362,dentist,whiskey,-0.02575180428508594,0.3828810788759587,False
363,dentist,champagne,0.02678712576565637,-0.2666369652030139,False
364,designer,water,-0.5212570922786791,0.06750344898556553,False
365,designer,coffee,0.8808547454994549,0.18197723846869815,True
366,designer,tea,0.3212784334760605,0.04097245697958391,True
367,designer,juice,0.2743185304025079,0.3316861649088785,True
368,designer,milk,-0.833645456118772,-0.011913618155655708,True
369,designer,soda,0.17907890763391432,0.2859493028513507,True
370,designer,alcohol,-0.6351046733600674,0.1001175739500603,False
371,designer,liquor,-0.6749922194340429,-0.2402164207506534,True
372,designer,beer,0.2286175882189151,-0.29805127492828143,False
373,designer,wine,0.8905370180110058,0.2996934398764873,True
374,designer,vodka,0.6554023989759153,0.3466794937866928,True
375,designer,whiskey,-0.4006608915405654,-0.2981464951995713,True
376,designer,champagne,2.07409789722478,0.3212204518433695,True
377,developer,water,-0.06237679454272393,-0.35051538917603525,True
378,developer,coffee,0.7791082012085561,-0.2471344190248927,False
379,developer,tea,0.3066049876317969,-0.5206107346071608,False
380,developer,juice,0.2591501848147783,-0.26461845041582216,False
381,developer,milk,-0.2453537224468952,-0.5327968950464387,True
382,developer,soda,0.2725417659208605,0.24317157005661225,True
383,developer,alcohol,-0.29523529759169137,0.2711614350079083,False
384,developer,liquor,-0.4959742048712003,0.3020659884906805,False
385,developer,beer,0.3077094264995283,0.4878449544296484,True
386,developer,wine,0.3201665027617761,-0.4149808139479174,False
387,developer,vodka,0.1012313321161728,0.14737014618049224,True
388,developer,whiskey,-0.19957790171310646,0.4040633765662953,False
389,developer,champagne,0.5727834674257674,-0.4054631031639012,False
390,dietician,water,1.0657895225377625,-0.07624369833052573,False
391,dietician,coffee,1.060979854268014,0.487413510713365,True
392,dietician,tea,1.3489521129232882,0.4595301188595522,True
393,dietician,juice,0.7456086505127414,0.24211831959367555,True
394,dietician,milk,1.5442464379953291,0.42970162905306897,True
395,dietician,soda,1.1508839635092458,0.010280135633938169,True
396,dietician,alcohol,0.24909213791675974,-0.15283118406720772,False
397,dietician,liquor,-1.390099247726776,-0.09838806168697044,True
398,dietician,beer,-0.9447763825622436,-0.10226047737147552,True
399,dietician,wine,-0.15447115573879344,0.21268616751298935,False
400,dietician,vodka,-0.8214004806298801,0.20564963897437352,False
401,dietician,whiskey,-1.1829549173461031,-0.20931834986344255,True
402,dietician,champagne,-0.5480464072958902,0.2723976298457406,False
403,doctor,water,0.32998057638307665,-0.14435207053049162,False
404,doctor,coffee,0.4837009277960553,0.1121159223834382,True
405,doctor,tea,0.4665721545656501,0.11505883445773404,True
406,doctor,juice,0.06618778533036487,-0.18279793673877415,False
407,doctor,milk,0.2565464928434685,0.08755698844430869,True
408,doctor,soda,0.1990891639788893,-0.2473736035572069,False
409,doctor,alcohol,0.22333244670923627,-0.018141027499418715,False
410,doctor,liquor,-0.3897618947301431,0.22121183502367373,False
411,doctor,beer,-0.6949665917551318,0.15492106093107308,False
412,doctor,wine,-0.15489888173168734,-0.06008845699127178,True
413,doctor,vodka,-0.42661009657220617,-0.0386187186972169,True
414,doctor,whiskey,-0.28752586825526544,0.17265275146144704,False
415,doctor,champagne,0.11828075475340545,0.0009722067902397028,True
416,economist,water,-0.23855361995196986,-0.2982833159882505,True
417,economist,coffee,1.0431778254507666,0.0951830976723682,True
418,economist,tea,0.7580740039175459,0.009753805745088915,True
419,economist,juice,0.1475367522328107,-0.2561621298444948,False
420,economist,milk,-0.0387232519045912,-0.06248533394495238,True
421,economist,soda,0.2801011476192468,-0.190935846513846,False
422,economist,alcohol,-0.471825748936988,0.03904822655987465,False
423,economist,liquor,-0.7880220394730063,0.18215009443023591,False
424,economist,beer,0.11145391767314076,0.2692705427182596,True
425,economist,wine,0.5839315956451955,-0.039577956770859776,False
426,economist,vodka,0.4091846177436112,0.16001181892958732,True
427,economist,whiskey,-0.22208520984214095,0.18244764537639427,False
428,economist,champagne,0.9272686391182271,0.015678427035436655,True
429,editor,water,-0.3831550016426576,-0.21656020427054049,True
430,editor,coffee,1.1595307588937258,0.35801791634542124,True
431,editor,tea,0.2553290679463959,0.1948682421354568,True
432,editor,juice,-0.10438107055809724,0.09553278541446483,False
433,editor,milk,-0.3744500305541447,0.15527925363085274,False
434,editor,soda,0.06118816358632136,0.1381102403604344,True
435,editor,alcohol,-0.05560590502846372,-0.06740033840192501,True
436,editor,liquor,-0.5500964369956884,-0.011624221555368705,True
437,editor,beer,0.15219244143998098,0.09203349476005976,True
438,editor,wine,0.10448516141999924,0.046553085254521086,True
439,editor,vodka,0.16293776520901254,0.2315261792419163,True
440,editor,whiskey,0.016891474986655795,-0.022288603531301857,False
441,editor,champagne,0.5082456814219596,0.09059768651200713,True
442,electrician,water,0.7595866274480195,-0.3608440700489436,False
443,electrician,coffee,1.3630487419573878,0.11843520901022038,True
444,electrician,tea,0.7884467101245145,0.030397140621212664,True
445,electrician,juice,0.997250876718208,-0.2219944409221589,False
446,electrician,milk,-0.0549288870669024,0.019964586953713673,False
447,electrician,soda,0.8167330606608505,-0.04663200611283685,False
448,electrician,alcohol,-0.3646731269096351,-0.049120666406720505,True
449,electrician,liquor,-0.3098660596776621,0.2765226242854337,False
450,electrician,beer,0.3300104958933485,0.4213687098917423,True
451,electrician,wine,-0.2955527368180105,-0.2780966742511519,True
452,electrician,vodka,0.09361090531089414,0.07811280400533159,True
453,electrician,whiskey,-0.009801244719010756,0.2726294455569528,False
454,electrician,champagne,0.049088797375183686,-0.17938262349273298,False
455,engineer,water,0.34748990826073284,-0.32831549559639983,False
456,engineer,coffee,0.9289518673396818,-0.16573117949195604,False
457,engineer,tea,0.35031832625342235,-0.2590440580289461,False
458,engineer,juice,0.2707060687754309,-0.3932939230390418,False
459,engineer,milk,-0.4145243962536913,-0.2851002453615969,True
460,engineer,soda,0.5063156199908274,-0.14710188050183629,False
461,engineer,alcohol,-0.120787048869051,0.15324472198680406,False
462,engineer,liquor,-0.546614247278873,0.37432017182990457,False
463,engineer,beer,0.2516696487080557,0.4605645409313113,True
464,engineer,wine,0.12200094664843965,-0.2863735681877303,False
465,engineer,vodka,0.06914827901613434,0.01849774476850534,True
466,engineer,whiskey,-0.3802423364217883,0.3914459154296943,False
467,engineer,champagne,0.821991261529366,-0.2259105805659184,False
468,farmer,water,1.1033625547946384,-0.1448318285069574,False
469,farmer,coffee,0.08943048688901167,-0.16251421483563214,False
470,farmer,tea,1.226932633199491,-0.047993293743401375,False
471,farmer,juice,-0.24811155138072186,-0.4163490652533706,True
472,farmer,milk,2.621059126973809,-0.039394781969105945,False
473,farmer,soda,-0.5311428661261447,-0.32959513958536546,True
474,farmer,alcohol,-0.5257695733625289,-0.03146037587814925,True
475,farmer,liquor,-0.41547992072141743,0.2944272564431665,False
476,farmer,beer,0.2727853919476573,0.3129410370992198,True
477,farmer,wine,0.4912218609254929,-0.24340213262266186,False
478,farmer,vodka,-1.312114585020388,-0.2576081527335847,True
479,farmer,whiskey,-0.30280949376364696,0.34221600582247913,False
480,farmer,champagne,-1.1545143659453478,-0.2223908674060729,True
481,filmmaker,water,-0.39060420657146,-0.2391466408806863,True
482,filmmaker,coffee,0.23710430197353544,-0.1610208325834077,False
483,filmmaker,tea,-0.1401636473767746,-0.3775368394229614,True
484,filmmaker,juice,-0.2454625388524024,-0.14970822217940602,True
485,filmmaker,milk,-0.6951859726375773,-0.4088379906530933,True
486,filmmaker,soda,0.19810368176627308,0.2395117904815465,True
487,filmmaker,alcohol,-0.2320077790145437,0.1819780425495924,False
488,filmmaker,liquor,-0.6694629365881897,0.08230422667531953,False
489,filmmaker,beer,0.3186764882079293,0.2554360290676031,True
490,filmmaker,wine,0.8296649437196069,-0.1866470870747121,False
491,filmmaker,vodka,0.5230384432003254,0.1969270477513247,True
492,filmmaker,whiskey,-0.2449409165319857,0.1878202112859085,False
493,filmmaker,champagne,1.294876649227002,-0.1823883552026701,False
494,financier,water,-0.9879556641524876,-0.4720123640915048,True
495,financier,coffee,0.2618596194734468,-0.12851464322521927,False
496,financier,tea,0.03919419393973344,-0.2307666935616899,False
497,financier,juice,-0.2246049041982784,-0.4611390447637782,True
498,financier,milk,-1.0343505826416228,-0.3165633718190565,True
499,financier,soda,-0.3954264935403042,-0.2809296018403823,True
500,financier,alcohol,-0.5422906153250133,0.1419502606332677,False
501,financier,liquor,-0.12563830799403272,0.4452697505300216,False
502,financier,beer,0.14610795246559616,0.4511187982410096,True
503,financier,wine,0.8065847312394867,-0.2408861740547067,False
504,financier,vodka,0.2692010666525645,0.04935583185184848,True
505,financier,whiskey,0.417028856968879,0.48115939652766204,True
506,financier,champagne,2.1009669005772693,-0.12513377020931502,False
507,fireman,water,0.9582681446734256,-0.4721221058020124,False
508,fireman,coffee,0.2592609842948845,-0.3645215091629487,False
509,fireman,tea,0.11705395190330352,-0.4966278391574946,False
510,fireman,juice,-0.6986063921471449,-0.5673471181442348,True
511,fireman,milk,-0.8651329815773108,-0.4415090594201582,True
512,fireman,soda,0.18718683684881135,-0.0012382896698283268,False
513,fireman,alcohol,-0.2488303150937841,0.11400047968950243,False
514,fireman,liquor,-0.14936722108222472,0.5374304044647794,False
515,fireman,beer,0.5759358419946594,0.7503779856481352,True
516,fireman,wine,-0.9858983243005448,-0.6935637444471608,True
517,fireman,vodka,-0.24109144431643914,-0.12928110300180504,True
518,fireman,whiskey,0.5487593984408261,0.6463801066745043,True
519,fireman,champagne,-0.3485904515241963,-0.6377711050215447,True
520,fisherman,water,1.7808598109359584,-0.18921861107944465,False
521,fisherman,coffee,-0.522978565511502,-0.2885911528082869,True
522,fisherman,tea,0.2660517648242211,-0.25465494344671585,False
523,fisherman,juice,-0.26303030879588113,-0.4544542450118958,True
524,fisherman,milk,0.3220540784237108,-0.21476764757962175,False
525,fisherman,soda,-0.4271026711165805,-0.24724629606804666,True
526,fisherman,alcohol,-0.03164626041289265,0.062426033706157326,False
527,fisherman,liquor,-0.3330031235969471,0.32256402331726525,False
528,fisherman,beer,0.11483142047881968,0.4686157214817881,True
529,fisherman,wine,0.4961604451996046,-0.34016128144576274,False
530,fisherman,vodka,-0.7815800717373529,-0.16103100461211767,True
531,fisherman,whiskey,-0.5146581176320825,0.3826376629818454,False
532,fisherman,champagne,0.05649217014354335,-0.3474876504396397,False
533,flight attendant,water,-0.14761258534860489,0.053387409445860866,False
534,flight attendant,coffee,1.2131849310548646,0.4341877237505804,True
535,flight attendant,tea,0.5068435490555792,0.24620927476401816,True
536,flight attendant,juice,0.1875971406623608,0.4185789681240724,True
537,flight attendant,milk,-0.4941418850535722,0.23779448650093454,False
538,flight attendant,soda,0.1718105300707872,0.399177274027556,True
539,flight attendant,alcohol,0.20346870966688707,-0.07698504389095805,False
540,flight attendant,liquor,-0.418338778268854,-0.2408636541311741,True
541,flight attendant,beer,0.15555537963544894,-0.19216263881080392,False
542,flight attendant,wine,0.053054594307000484,0.1906007236533193,True
543,flight attendant,vodka,-0.08929201183369005,0.2915559842526056,False
544,flight attendant,whiskey,-0.24806165083295906,-0.2950919562851988,True
545,flight attendant,champagne,1.0593186305632187,0.19117821407521984,True
546,gardener,water,1.1863386322797675,-0.30109665566840593,False
547,gardener,coffee,0.7170941825274004,0.026325291994585172,True
548,gardener,tea,2.4133389975048374,0.06662088572592223,True
549,gardener,juice,0.4248212818227281,-0.3430129881253645,False
550,gardener,milk,1.01510157208635,0.0491815530650293,True
551,gardener,soda,0.25620018495453456,-0.23489727671166244,False
552,gardener,alcohol,-0.9515935851246596,-0.09970549381236476,True
553,gardener,liquor,-0.9611508204980012,0.29719850848603463,False
554,gardener,beer,0.16541515992972128,0.4068043030276175,True
555,gardener,wine,0.6412132946068753,-0.2712973100943589,False
556,gardener,vodka,-0.9176020893834658,-0.09732249974931953,True
557,gardener,whiskey,-1.2398782767434386,0.3078946070277909,False
558,gardener,champagne,0.053061146118102066,-0.17613477776567713,False
559,guidance counselor,water,0.0006094828547548091,-0.15341179081457684,False
560,guidance counselor,coffee,0.635689688443222,0.14229434635548718,True
561,guidance counselor,tea,-0.7860596467016475,-0.08239921328622314,True
562,guidance counselor,juice,-0.05322720409457292,0.12373131396384485,False
563,guidance counselor,milk,-0.5464851687609681,-0.06166150495308104,True
564,guidance counselor,soda,1.4314596561173898,0.4461409769661025,True
565,guidance counselor,alcohol,0.058690912728851276,0.0731300372900921,True
566,guidance counselor,liquor,-0.33115547400406714,0.08134890807990648,False
567,guidance counselor,beer,0.02519536750482145,0.16157431057799276,True
568,guidance counselor,wine,-0.6825617617940057,-0.17123168899583427,True
569,guidance counselor,vodka,-0.34830079219623705,0.1966452874707306,False
570,guidance counselor,whiskey,-0.024721000178098425,0.08657915831697552,False
571,guidance counselor,champagne,-0.8108382193970481,-0.18613115778322664,True
572,hairdresser,water,-0.020587331757551397,-0.042732832648634166,True
573,hairdresser,coffee,0.6454601729466749,0.480083299481145,True
574,hairdresser,tea,1.2180344492811943,0.5007827414475172,True
575,hairdresser,juice,0.0348642434384353,0.2638947743031527,True
576,hairdresser,milk,0.026329937712007558,0.4411088372816384,True
577,hairdresser,soda,0.04805586008536415,0.003772241984233126,True
578,hairdresser,alcohol,-0.03258486232207527,-0.19312620958818785,True
579,hairdresser,liquor,-0.23985793971563354,-0.22079073781497668,True
580,hairdresser,beer,0.19676908093967968,-0.16075527309294255,False
581,hairdresser,wine,0.7161323204471217,0.2632486046825455,True
582,hairdresser,vodka,0.5702735156286594,0.27472270684633604,True
583,hairdresser,whiskey,-0.30841947927266583,-0.3128729253587081,True
584,hairdresser,champagne,1.3181741338355886,0.34506767797758425,True
585,homemaker,water,0.3414836423723616,0.026486089311446172,True
586,homemaker,coffee,0.8151696205909923,0.5386602626754031,True
587,homemaker,tea,0.6467267359834965,0.5484975931022897,True
588,homemaker,juice,0.2563187585950394,0.3132485882158336,True
589,homemaker,milk,0.606809369706185,0.5355930747140321,True
590,homemaker,soda,0.4567229299466436,0.08546257644182009,True
591,homemaker,alcohol,-0.1609922682124324,-0.21281618495679255,True
592,homemaker,liquor,-0.15044059743276533,-0.13690580474802874,True
593,homemaker,beer,0.3345493201500348,-0.18330670727241355,False
594,homemaker,wine,0.29342191640609955,0.23875878736422346,True
595,homemaker,vodka,-0.06556466194588914,0.12028153899427547,False
596,homemaker,whiskey,0.1400664629673187,-0.2472805163569488,False
597,homemaker,champagne,-0.24945704038967215,0.2631208406914873,False
598,housekeeper,water,0.4777160118724616,0.14475061704548212,True
599,housekeeper,coffee,0.8578365068733028,0.6350393216017053,True
600,housekeeper,tea,1.4562542245256218,0.7203438032505849,True
601,housekeeper,juice,0.0075853321166390215,0.378766940222108,True
602,housekeeper,milk,1.0068098432627548,0.6840402868521415,True
603,housekeeper,soda,-0.2060232663468584,-0.09003907473692327,True
604,housekeeper,alcohol,-0.03169502203124335,-0.27739129773900645,True
605,housekeeper,liquor,-0.07960160048111824,-0.22361432409535115,True
606,housekeeper,beer,-0.20416541670329275,-0.3706620505409703,True
607,housekeeper,wine,0.4852751748007425,0.4154515432174468,True
608,housekeeper,vodka,-0.0794372710365042,0.09098705904652686,False
609,housekeeper,whiskey,-0.015606514249382919,-0.3765654704463688,True
610,housekeeper,champagne,0.4209355336935608,0.4800027551793618,True
611,interior designer,water,-0.5934258946988734,-0.04053105091036791,True
612,interior designer,coffee,0.8400126378966184,0.34766458320430504,True
613,interior designer,tea,0.3709170973730742,0.18728034805542806,True
614,interior designer,juice,-0.1960316692016769,0.30787169609977044,False
615,interior designer,milk,-1.0749464840267922,0.11015154404511307,False
616,interior designer,soda,-0.044414802166023226,0.1863344960125694,False
617,interior designer,alcohol,-0.36875420544524856,0.05281455530471522,False
618,interior designer,liquor,-0.4828983391734366,-0.20435503999695054,True
619,interior designer,beer,0.2418401714362881,-0.2329110004293665,False
620,interior designer,wine,1.1180509129555805,0.3323160584107724,True
621,interior designer,vodka,0.6355271730216348,0.3637807164721299,True
622,interior designer,whiskey,0.07594460831305744,-0.26034753706408376,False
623,interior designer,champagne,1.7016084440284958,0.3581211957670512,True
624,jeweler,water,-0.9646295349961532,-0.15896290367535054,True
625,jeweler,coffee,0.15910458850895448,0.21426552551222336,True
626,jeweler,tea,1.4841386158946517,0.3458771981895258,True
627,jeweler,juice,-0.1746023801228752,-0.14261651817324414,True
628,jeweler,milk,-0.3227862481414408,0.2633931699588118,False
629,jeweler,soda,-0.6669735180407815,-0.3973041969209697,True
630,jeweler,alcohol,-0.4048722908035716,-0.12758071515762984,True
631,jeweler,liquor,0.3155176578530084,0.12695499019779052,True
632,jeweler,beer,-0.3126488428986973,0.016665281604078708,False
633,jeweler,wine,1.6508014160057545,0.12837616992826684,True
634,jeweler,vodka,-0.4979254674466437,-0.05195482336227852,True
635,jeweler,whiskey,0.6338790444963345,0.06980703795435919,True
636,jeweler,champagne,2.2503481017724103,0.2599309059572826,True
637,journalist,water,-0.5931534644234736,-0.016393046882837978,True
638,journalist,coffee,0.9006146664214147,0.45035462847326746,True
639,journalist,tea,0.4839761894776456,0.4110075149822961,True
640,journalist,juice,-0.5033971210214633,0.2324264661316851,False
641,journalist,milk,-0.6265799804832022,0.31021263526687304,False
642,journalist,soda,-0.17964476514085018,-0.015108386934031003,True
643,journalist,alcohol,-0.08510027124986508,-0.1301642977351354,True
644,journalist,liquor,-0.9161210324686352,-0.2983354993292457,True
645,journalist,beer,0.16177302629419266,-0.24795089534606285,False
646,journalist,wine,0.2822229621889029,0.3796595770410544,True
647,journalist,vodka,0.3181422373860889,0.3037198203675913,True
648,journalist,whiskey,-0.3403663987679527,-0.34238957277363125,True
649,journalist,champagne,1.165942190981483,0.44480278692357134,True
650,judge,water,-0.5349783936155766,-0.2706021374712187,True
651,judge,coffee,0.4145171819283342,0.0622488049450691,True
652,judge,tea,0.17860056253995088,0.04973684582395042,True
653,judge,juice,0.06905090572500946,-0.2411140435714682,False
654,judge,milk,-0.4061845772153183,0.009780940530677929,False
655,judge,soda,0.0016521516876905331,-0.2521641583669887,False
656,judge,alcohol,-0.19479723215632505,0.0006675442469625254,False
657,judge,liquor,0.15479760508453727,0.31329665013943897,True
658,judge,beer,0.14411343018653672,0.2575533546777572,True
659,judge,wine,0.3219891275887033,-0.12342105775990325,False
660,judge,vodka,-0.36486552904883,-0.021506922733276077,True
661,judge,whiskey,0.2247078785865728,0.2693306485522957,True
662,judge,champagne,0.8187281236397123,-0.049624013100713606,False
663,lawyer,water,-0.6391816412576564,-0.3519195901217697,True
664,lawyer,coffee,0.8975280759267688,0.14624727063900994,True
665,lawyer,tea,-0.17791764763434414,0.012782469072355172,False
666,lawyer,juice,0.06847717715101713,-0.22279210056818152,False
667,lawyer,milk,-0.6936279600348796,-0.03137307863893927,True
668,lawyer,soda,-0.04334092613298877,-0.11209603745599472,True
669,lawyer,alcohol,-0.6549352964959873,0.030157446296911413,False
670,lawyer,liquor,-0.29219323661731345,0.3020524027763821,False
671,lawyer,beer,0.3471520296709308,0.3634309690399594,True
672,lawyer,wine,0.18243157224279344,-0.1715792579361965,False
673,lawyer,vodka,-0.2787751019508861,0.13909770526770562,False
674,lawyer,whiskey,0.13233473580289376,0.2855844575339929,True
675,lawyer,champagne,0.4590029601708471,-0.10162878090718168,False
676,librarian,water,-0.10760711621277144,0.07868434173518687,False
677,librarian,coffee,1.450938406974687,0.5685011801260554,True
678,librarian,tea,1.230872896509728,0.5479757875032876,True
679,librarian,juice,0.429448230436562,0.37831657800726415,True
680,librarian,milk,0.10492380177787076,0.5220939418159621,True
681,librarian,soda,0.998987838615242,0.18671691053481798,True
682,librarian,alcohol,-0.7095931931360556,-0.20829920878171945,True
683,librarian,liquor,-0.555281907142228,-0.20000014685156026,True
684,librarian,beer,0.20393745597019286,-0.242440303614726,False
685,librarian,wine,0.7860518757730893,0.283734212290948,True
686,librarian,vodka,-0.2232573213395783,0.16976458685502094,False
687,librarian,whiskey,0.12085268962833652,-0.3017178634247537,False
688,librarian,champagne,0.5753018458753482,0.32759527688651363,True
689,maestro,water,-0.1794786060044209,0.006769341141976995,False
690,maestro,coffee,0.35415245982518345,0.06308389789146597,True
691,maestro,tea,-0.4765331065467405,0.027886303588710158,False
692,maestro,juice,0.2209396086399572,0.016185610254168186,True
693,maestro,milk,-0.3860635234053879,0.04272375699966992,False
694,maestro,soda,-0.1668835255742205,-0.2533930201156288,True
695,maestro,alcohol,-0.1942253050107917,-0.05512951699565445,True
696,maestro,liquor,0.17722637180936068,-0.04684294728370871,False
697,maestro,beer,0.09710701251828943,-0.05131194542877519,False
698,maestro,wine,0.8519485746122536,0.11296321174878235,True
699,maestro,vodka,-0.3799156910174378,-0.010199456160852504,True
700,maestro,whiskey,-0.3369956614000563,-0.07085868714174044,True
701,maestro,champagne,1.0144701443992712,0.11587021795417768,True
702,magician,water,-0.11157753810251103,-0.023510124069938985,True
703,magician,coffee,-0.3886272521153245,-0.1918930277387844,True
704,magician,tea,1.4278312526850114,-0.019797498834821275,False
705,magician,juice,0.11609435031017655,-0.17931688056437894,False
706,magician,milk,0.7879834210997188,-0.01668244609030919,False
707,magician,soda,0.09864155800462417,-0.17751393659594955,False
708,magician,alcohol,-0.34169732746168074,-0.0449969007887578,True
709,magician,liquor,0.14447765154424771,0.1673449822150147,True
710,magician,beer,-0.4502704043410984,0.1024931998075338,False
711,magician,wine,1.146198664769165,-0.14798672759572526,False
712,magician,vodka,-0.4571235111500717,-0.2319704781689273,True
713,magician,whiskey,0.2035214682314728,0.17853068121020038,True
714,magician,champagne,1.4346746238091856,-0.07666136277264872,False
715,mason,water,1.0095599967423818,-0.1334184275730921,False
716,mason,coffee,0.28271856992990346,-0.1327494746273999,False
717,mason,tea,0.9318168659935424,-0.014783088000765957,False
718,mason,juice,-0.1725461612236395,-0.3951739629464539,True
719,mason,milk,0.3322221417455461,-0.02408728009269104,False
720,mason,soda,0.06701377178225752,-0.391667742349794,False
721,mason,alcohol,-0.4211920124600893,-0.033295824289410185,True
722,mason,liquor,0.19850882901959135,0.2647279440248703,True
723,mason,beer,0.34582907442657324,0.2532306934822249,True
724,mason,wine,1.1393256641336122,-0.13820364179437147,False
725,mason,vodka,-1.2868977525845804,-0.23604541380024135,True
726,mason,whiskey,-0.28566382421753794,0.2840575942069618,False
727,mason,champagne,-0.15832747703609448,-0.123066708181871,True
728,mechanic,water,0.12063477891886774,-0.40752367660225103,False
729,mechanic,coffee,0.5555895410536961,-0.16993796706497416,False
730,mechanic,tea,-0.2372002554929638,-0.299794145019431,True
731,mechanic,juice,0.08170673714183904,-0.41333654347154936,False
732,mechanic,milk,-0.28654923788527,-0.25669640148958706,True
733,mechanic,soda,0.5680555026317525,-0.01914485959208156,False
734,mechanic,alcohol,-0.15110526464587656,0.04419100878920506,False
735,mechanic,liquor,-0.5992105481750191,0.4288722826104789,False
736,mechanic,beer,0.5898948360198847,0.6369196481730998,True
737,mechanic,wine,-0.5623297041987515,-0.5437639007294061,True
738,mechanic,vodka,-0.3696158880678923,-0.03973103268812477,True
739,mechanic,whiskey,-0.3611552948363273,0.4829660021748925,False
740,mechanic,champagne,-0.3628871558101573,-0.4695779157971473,True
741,musician,water,-0.8596630367068061,-0.4012604989189776,True
742,musician,coffee,-0.5099187112079334,-0.3990918143428765,True
743,musician,tea,-0.6460415850584765,-0.5501881972017088,True
744,musician,juice,-0.6584701746156909,-0.4028344452574673,True
745,musician,milk,-1.19466464464787,-0.5404419995813811,True
746,musician,soda,-0.027443969774864862,0.14693590572079904,False
747,musician,alcohol,0.21360157287593776,0.2136616011716808,True
748,musician,liquor,-0.2910890331583182,0.3063978553220321,False
749,musician,beer,0.3878795333971138,0.5444076038610893,True
750,musician,wine,0.6651106593196872,-0.457885237321035,False
751,musician,vodka,0.08629835447330543,0.11007815235089316,True
752,musician,whiskey,-0.2357599804295918,0.4193523816389969,False
753,musician,champagne,1.049539073839198,-0.4185615791941439,False
754,nanny,water,0.2596503277353272,0.28374604703606765,True
755,nanny,coffee,0.2738604691744562,0.6202278864186438,True
756,nanny,tea,0.7032989187068225,0.6266129305665943,True
757,nanny,juice,0.2363216631917804,0.627068183082955,True
758,nanny,milk,1.5351142615990334,0.6261711959988024,True
759,nanny,soda,0.5006037750516786,0.25801342611874445,True
760,nanny,alcohol,0.33684026052418964,-0.2578818620115876,False
761,nanny,liquor,-0.19013564340664035,-0.4278879005904114,True
762,nanny,beer,-0.29264300135345955,-0.5215812624648847,True
763,nanny,wine,-0.02324376980402513,0.4541862821178003,False
764,nanny,vodka,-0.08184756949822053,0.22618524560874526,False
765,nanny,whiskey,-0.23205698763703636,-0.5651540069297148,True
766,nanny,champagne,0.07287601737328611,0.46513549534015997,True
767,nurse,water,0.9189071472173468,0.22412912603682192,True
768,nurse,coffee,0.8069045756636467,0.5582761536381372,True
769,nurse,tea,0.8397201069108031,0.4756116283812186,True
770,nurse,juice,0.2357922740129924,0.5268346031190498,True
771,nurse,milk,0.9515786880991851,0.4661887384162056,True
772,nurse,soda,0.6003684598786032,0.28043617985857555,True
773,nurse,alcohol,0.2488805252790232,-0.16022266135423455,False
774,nurse,liquor,-0.4129898992614191,-0.2927311166651493,True
775,nurse,beer,-0.5139743093225225,-0.39417011687174697,True
776,nurse,wine,-0.44131283857056497,0.3165093849847986,False
777,nurse,vodka,-0.18045288487784836,0.2012877408302802,False
778,nurse,whiskey,-0.2980253509038493,-0.4119539465416188,True
779,nurse,champagne,-0.02736590283105783,0.3180000362766481,False
780,nutritionist,water,1.4508757949051183,-0.056926574960324786,False
781,nutritionist,coffee,1.0426623599311151,0.4534815969518196,True
782,nutritionist,tea,1.6057640648318796,0.4145430585027953,True
783,nutritionist,juice,1.5360312205463946,0.28798520186772353,True
784,nutritionist,milk,2.27126559167927,0.3972427748168805,True
785,nutritionist,soda,1.2791508641273304,0.08681651753410159,True
786,nutritionist,alcohol,-0.20913696739199644,-0.10637239089737552,True
787,nutritionist,liquor,-1.6595364223047646,-0.10754699392150736,True
788,nutritionist,beer,-1.0648912103618011,-0.08475922242983573,True
789,nutritionist,wine,0.012022127356627995,0.1840840246243229,True
790,nutritionist,vodka,-1.0066073355715155,0.2473432755293875,False
791,nutritionist,whiskey,-1.5558955926657916,-0.2272365437454502,True
792,nutritionist,champagne,-0.19641198152861444,0.2398428504398269,False
793,optician,water,0.4154326342328704,-0.2388653991155669,False
794,optician,coffee,0.8572403250132016,0.19576383664831307,True
795,optician,tea,1.3602990750331154,0.20721858576265856,True
796,optician,juice,0.781814603133049,-0.17089700319044684,False
797,optician,milk,0.3941925810420414,0.1576291314250629,True
798,optician,soda,0.5542512606554081,-0.1883441362149426,False
799,optician,alcohol,-0.094036737148371,-0.08399110789370387,True
800,optician,liquor,-0.02144001973953852,0.1946549454152714,False
801,optician,beer,-0.10687628254302173,0.20802658780339356,False
802,optician,wine,0.3139736081367475,-0.05397769985248749,False
803,optician,vodka,0.09027681727100846,0.030869301546384717,True
804,optician,whiskey,0.25882211466662397,0.14780322083262767,True
805,optician,champagne,0.8414521095395382,0.05328291873953883,True
806,painter,water,-0.3156044770300109,-0.009648650706336527,True
807,painter,coffee,0.35903142386442505,0.3171267574488832,True
808,painter,tea,0.3904193433020001,0.3786782167760251,True
809,painter,juice,-0.2053162046377344,0.034123598921868066,False
810,painter,milk,-0.4744359311281667,0.3246263779258021,False
811,painter,soda,-0.05131689907929735,-0.26387323064563795,True
812,painter,alcohol,-0.1011867518942626,-0.09078360049014852,True
813,painter,liquor,-0.5262008858738959,-0.11510537993863068,True
814,painter,beer,0.08861523419724933,-0.16244433739539232,False
815,painter,wine,1.4019974564139657,0.3637025065948265,True
816,painter,vodka,0.15883888712282934,0.11990224197996148,True
817,painter,whiskey,-0.2553261470945221,-0.1873476091144573,True
818,painter,champagne,1.1032778068951528,0.37586553293964403,True
819,pharmacist,water,0.8421825240272226,-0.17113431063651888,False
820,pharmacist,coffee,0.4977430737397948,0.3334518024475284,True
821,pharmacist,tea,0.7410463150141626,0.3470620021628196,True
822,pharmacist,juice,0.13433040222315146,-0.04860070034527802,False
823,pharmacist,milk,0.6909467059009403,0.32866243893350605,True
824,pharmacist,soda,0.7904458930354926,-0.1735335331411612,False
825,pharmacist,alcohol,0.39818379352801775,-0.15080149446949084,False
826,pharmacist,liquor,0.38325852317966974,0.1611370100909704,True
827,pharmacist,beer,-0.8388153254981551,0.13135452870839384,False
828,pharmacist,wine,-0.4956652833981841,0.00240290381660467,False
829,pharmacist,vodka,-0.5349805283288851,0.016472183818289615,False
830,pharmacist,whiskey,0.20628212606694502,0.0852996137778062,True
831,pharmacist,champagne,-0.7146445552521778,0.07939250838234392,False
832,philosopher,water,-0.2106370926189805,-0.0609677673196778,True
833,philosopher,coffee,0.5816730748184772,-0.1154940204188752,False
834,philosopher,tea,1.3687960836865591,-0.027539651085780367,False
835,philosopher,juice,0.1604067960569122,-0.22528544103916395,False
836,philosopher,milk,0.11338416009797883,-0.06091276036520725,False
837,philosopher,soda,0.33940649911887266,-0.3319963159443273,False
838,philosopher,alcohol,-0.34367041078509064,0.07919874543970046,False
839,philosopher,liquor,-0.6665430006021025,0.11868906462965588,False
840,philosopher,beer,-0.08959178180834655,0.0607157559009705,False
841,philosopher,wine,1.3125839761778724,0.08723464175311534,True
842,philosopher,vodka,0.4652615821752391,-0.08454032989210644,False
843,philosopher,whiskey,-0.2973901676692155,0.09711955350284948,False
844,philosopher,champagne,1.227705931117978,0.0625801104531608,True
845,photographer,water,-0.6545538892855659,-0.30137158255459906,True
846,photographer,coffee,0.5279562148151691,0.09856354878611087,True
847,photographer,tea,0.018327426700910768,-0.07510513638953943,False
848,photographer,juice,-0.4708461502882798,-0.0827149770386293,True
849,photographer,milk,-0.995310306998028,-0.13074253430223007,True
850,photographer,soda,-0.17109564157675658,0.1545084521975562,False
851,photographer,alcohol,-0.29263028420379633,0.03821909949925672,False
852,photographer,liquor,-0.661618681478657,0.044082046327912065,False
853,photographer,beer,0.2856200568587809,0.2319469334074917,True
854,photographer,wine,0.6557720799204785,-0.11142051334603156,False
855,photographer,vodka,0.4671968885844,0.2596791332093706,True
856,photographer,whiskey,0.26549186663845337,0.09609130076891488,True
857,photographer,champagne,1.8010175159651145,-0.0328674869270498,False
858,physiscian,water,1.8531396878308624,0.02466302113821506,True
859,physiscian,coffee,0.3020067391276895,0.20938286059512493,True
860,physiscian,tea,1.2056023239990064,0.3436882595922005,True
861,physiscian,juice,0.8001009549846891,0.05241269594297858,True
862,physiscian,milk,1.6141507658967846,0.29269812698007514,True
863,physiscian,soda,0.6105603329508773,-0.29753109207111506,False
864,physiscian,alcohol,0.14826447191363445,-0.007703323634970035,False
865,physiscian,liquor,-0.4029779499081344,-0.007841071501459367,True
866,physiscian,beer,-0.8137151993436966,-0.18082555859906274,True
867,physiscian,wine,0.466095630864915,0.32420878418172205,True
868,physiscian,vodka,-0.2088769651292368,0.060050316210694725,False
869,physiscian,whiskey,-0.9121756794623408,-0.16237664739847096,True
870,physiscian,champagne,0.2866153256508602,0.3461979473375494,True
871,physician's assistant,water,0.4096074166644751,0.12095672541967112,True
872,physician's assistant,coffee,0.6697562984751615,0.5540416597473762,True
873,physician's assistant,tea,1.0483965134709643,0.5009465155366513,True
874,physician's assistant,juice,0.2540812004768555,0.3955778867978025,True
875,physician's assistant,milk,0.6658902369567321,0.4778878031009502,True
876,physician's assistant,soda,0.41153080035238415,0.15803059903898395,True
877,physician's assistant,alcohol,0.3559863137028986,-0.14528044427004722,False
878,physician's assistant,liquor,-0.04874091079318784,-0.16469411585847568,True
879,physician's assistant,beer,-0.673016828197286,-0.31721955531088564,True
880,physician's assistant,wine,0.17115746014600292,0.3069075357482229,True
881,physician's assistant,vodka,-0.22349689594119385,0.13170578141531766,False
882,physician's assistant,whiskey,0.11567514454496786,-0.2770718995657713,False
883,physician's assistant,champagne,0.5221483195957544,0.3505028207487734,True
884,pilot,water,-0.024470207507485117,-0.36784433421539936,True
885,pilot,coffee,0.5435613723614765,-0.2558617639329928,False
886,pilot,tea,0.19933148421914892,-0.4586499269487261,False
887,pilot,juice,-0.02390555677804556,-0.3286678629589607,True
888,pilot,milk,-0.6178517932627869,-0.4409694813975824,True
889,pilot,soda,-0.12622446178622446,0.18514184760210034,False
890,pilot,alcohol,-0.2295536305690365,0.14597667432984635,False
891,pilot,liquor,-0.4670405972352649,0.34205179704008304,False
892,pilot,beer,0.5212297414937596,0.5592532105734555,True
893,pilot,wine,0.27267617817975515,-0.5220225332870688,False
894,pilot,vodka,-0.31929787530270465,-0.010259008211231059,True
895,pilot,whiskey,-0.14384017174540414,0.4446985830599669,False
896,pilot,champagne,1.09180585168373,-0.4510432051409602,False
897,plumber,water,1.4353032929927478,-0.3583518482209397,False
898,plumber,coffee,0.8024956177438051,0.01807954663755286,True
899,plumber,tea,0.5053845044759748,-0.11676107950880135,False
900,plumber,juice,0.16623563204988864,-0.2359583493121644,False
901,plumber,milk,0.2672225325339121,-0.0783274441640727,False
902,plumber,soda,1.100453545875962,0.13516303342898076,True
903,plumber,alcohol,-0.3615649334837208,-0.0028525278514548533,True
904,plumber,liquor,0.06282879118519191,0.34878930777406425,True
905,plumber,beer,0.3825052787613769,0.5168291900022839,True
906,plumber,wine,-0.5228864911803824,-0.4186988118500294,True
907,plumber,vodka,-0.12085197838838127,0.052852099631657566,False
908,plumber,whiskey,0.2656647080930166,0.3694612138696901,True
909,plumber,champagne,-0.2696069626628245,-0.3546419402960111,True
910,police officer,water,-0.5868875520855539,-0.4104062106350773,True
911,police officer,coffee,0.3960621579885377,-0.0910342796090088,False
912,police officer,tea,-0.27158753225270965,-0.2589084075785904,True
913,police officer,juice,-0.6046498162206317,-0.3669949338864865,True
914,police officer,milk,-0.9303533641344868,-0.2563563239597552,True
915,police officer,soda,-0.24256472547523394,-0.02164077266301255,True
916,police officer,alcohol,0.20052868494827564,0.06879403643021108,True
917,police officer,liquor,-0.1612861310605296,0.4164337913805156,False
918,police officer,beer,0.01962043133366938,0.5625934505177859,True
919,police officer,wine,-0.729946149602177,-0.4706072536689427,True
920,police officer,vodka,-0.24813909197276685,0.025134661172919532,False
921,police officer,whiskey,-0.2812283632989589,0.4459157927145827,False
922,police officer,champagne,-0.5649169360557812,-0.3870249645013279,True
923,policeman,water,-0.4956416241065156,-0.3870831890219461,True
924,policeman,coffee,0.38635315007876003,-0.07921289896797652,False
925,policeman,tea,0.24608010657149396,-0.0819872880207908,False
926,policeman,juice,-0.6208669422395413,-0.4591934459689179,True
927,policeman,milk,-0.42538156424135737,-0.11639709587443635,True
928,policeman,soda,-0.3769070311558476,-0.3139993907789557,True
929,policeman,alcohol,-0.14666714321045896,-0.048387539085654095,True
930,policeman,liquor,-0.36176832076271004,0.3442402635570542,False
931,policeman,beer,0.19290621789084744,0.4713853647121222,True
932,policeman,wine,-0.2445449394147063,-0.3453018002081872,True
933,policeman,vodka,-0.07929852506858631,-0.07171812896632067,True
934,policeman,whiskey,-0.20375615265887045,0.3752222299652684,False
935,policeman,champagne,0.10444149576976368,-0.22299140329854225,False
936,politician,water,-0.9400005845398725,-0.2766003004896211,True
937,politician,coffee,0.3627857778834021,-0.009558237370092341,False
938,politician,tea,0.29318958424333563,-0.033613067480579815,False
939,politician,juice,-0.24076838180500434,-0.26926320148556704,True
940,politician,milk,-0.6841858255262152,-0.0901334592696926,True
941,politician,soda,0.24185227775215085,-0.19499773804356726,False
942,politician,alcohol,-0.16750890255983042,0.03389033166963607,False
943,politician,liquor,-0.06298329587433299,0.2473953799487871,False
944,politician,beer,0.05275690166769763,0.2504513444382821,True
945,politician,wine,0.30029856680355466,-0.10171625063513606,False
946,politician,vodka,0.1862708128894948,0.05205761844489746,True
947,politician,whiskey,0.36698105736673897,0.23697318388702365,True
948,politician,champagne,1.4659897571190936,-0.03255679567168698,False
949,postman,water,-0.14877941138019546,-0.4148508633397962,True
950,postman,coffee,0.7133874870526061,-0.23558699785543544,False
951,postman,tea,1.2505740474032183,-0.2169233455663976,False
952,postman,juice,-0.8263627110013676,-0.599209398007574,True
953,postman,milk,0.6032954669389092,-0.21216529301129072,False
954,postman,soda,-0.17743406283176918,-0.3173474991532939,True
955,postman,alcohol,-0.24247783863028205,0.019764316423619737,False
956,postman,liquor,-0.030676224503323773,0.4558859308059405,False
957,postman,beer,0.3210274087172315,0.5958190570083404,True
958,postman,wine,0.32391789593149245,-0.4259852371619805,False
959,postman,vodka,0.09563314425735016,-0.14472965011874672,False
960,postman,whiskey,0.013786763601186866,0.5127197368483586,True
961,postman,champagne,0.9489474152019348,-0.34209401722537663,False
962,professor,water,-0.29124414789362835,-0.2999915880433092,True
963,professor,coffee,0.9619072753057738,0.11421767833072966,True
964,professor,tea,0.8751419781338702,0.04058499104558037,True
965,professor,juice,-0.0005211569527843883,-0.2409934446096514,True
966,professor,milk,-0.3662183114898083,0.004436807659639468,False
967,professor,soda,0.5525241828366451,-0.1573368520237229,False
968,professor,alcohol,-0.225871506942371,0.04594326373833786,False
969,professor,liquor,-0.5181538620275636,0.2746700572070889,False
970,professor,beer,-0.007909979631755049,0.30836566572206103,False
971,professor,wine,0.5804229520535021,-0.11161987684930254,False
972,professor,vodka,-0.1518380195064171,0.03022971226543336,False
973,professor,whiskey,-0.013080937035889091,0.2590122457631199,False
974,professor,champagne,0.6672534394540725,-0.0794873275190794,False
975,programmer,water,-0.24199501707035306,-0.2609691516433706,True
976,programmer,coffee,1.3465226734114677,-0.13750106696817965,False
977,programmer,tea,0.6154151699580365,-0.3879189614514549,False
978,programmer,juice,1.1108581270145534,-0.15286907216287007,False
979,programmer,milk,-0.3094999322964941,-0.3829846324242919,True
980,programmer,soda,0.6158799336745057,0.2620662929610528,True
981,programmer,alcohol,-0.6719499430890346,0.1763241869730925,False
982,programmer,liquor,-0.7627556553877534,0.19162634977282428,False
983,programmer,beer,0.4529397746238555,0.40576647786593945,True
984,programmer,wine,0.14449095263730313,-0.3397959605100748,False
985,programmer,vodka,0.26564182792321034,0.15315527761321882,True
986,programmer,whiskey,-0.3424430046251346,0.25653450842283365,False
987,programmer,champagne,0.5010902482349295,-0.331125092179406,False
988,psychologist,water,-0.4311694204621024,-0.08802582078368186,True
989,psychologist,coffee,0.8891514230814301,0.4280716547006748,True
990,psychologist,tea,0.5031933873586732,0.3377798501372873,True
991,psychologist,juice,0.1636113205946368,0.1759506653254717,True
992,psychologist,milk,-0.14962967550931638,0.2993357658604825,False
993,psychologist,soda,0.3728006190054344,0.08614151598131352,True
994,psychologist,alcohol,-0.14688430262557806,-0.08124479406559446,True
995,psychologist,liquor,-0.4829696308807946,-0.01356417236134255,True
996,psychologist,beer,-0.08929665063178839,-0.017018541105077483,True
997,psychologist,wine,0.1900348224546261,0.10153364069054913,True
998,psychologist,vodka,0.3832257876102759,0.18937801653014788,True
999,psychologist,whiskey,-0.028256316188277387,-0.08966176920436855,True
1000,psychologist,champagne,0.21881941159503634,0.14332010921561938,True
1001,receptionist,water,-0.3333066968255176,-0.048331111158742335,True
1002,receptionist,coffee,1.5303573721818176,0.5593531149059668,True
1003,receptionist,tea,1.1141305693341448,0.463999563756732,True
1004,receptionist,juice,0.2814823637589177,0.3302671744842594,True
1005,receptionist,milk,-0.1640549856100961,0.4284253255731484,False
1006,receptionist,soda,0.4023737285167132,0.14209523534194518,True
1007,receptionist,alcohol,-0.2418305951838057,-0.1827935272739101,True
1008,receptionist,liquor,-0.0624563645107721,-0.12724796041040085,True
1009,receptionist,beer,0.10758981907552677,-0.13692331005951155,False
1010,receptionist,wine,-0.060371715599133374,0.19252912609238013,False
1011,receptionist,vodka,-0.06991992910725622,0.21928150849583428,False
1012,receptionist,whiskey,-0.12106595157147072,-0.22381509416837408,True
1013,receptionist,champagne,0.6838169953731886,0.2529553645721385,True
1014,salesperson,water,-0.44866021628680425,0.010034852212143888,False
1015,salesperson,coffee,1.285896431513492,0.6351636240021111,True
1016,salesperson,tea,0.915919457890021,0.6130895118189258,True
1017,salesperson,juice,0.486164632600351,0.3661045585435381,True
1018,salesperson,milk,0.4088119831095264,0.5828166691824879,True
1019,salesperson,soda,1.035501238763746,0.03897762469646216,True
1020,salesperson,alcohol,-0.16649456494563575,-0.2080446879908141,True
1021,salesperson,liquor,0.06623068494565174,-0.16256076428786004,False
1022,salesperson,beer,0.2260309156017235,-0.20641222866782724,False
1023,salesperson,wine,0.1722542418277311,0.3233299873573459,True
1024,salesperson,vodka,0.07787078882385565,0.22764297207520134,True
1025,salesperson,whiskey,-0.30182653542797605,-0.3097555351326056,True
1026,salesperson,champagne,0.851875391125385,0.3787965274363895,True
1027,scientist,water,0.8715249930606784,0.01484364952194556,True
1028,scientist,coffee,0.7049077136545535,-0.13431994559418606,False
1029,scientist,tea,0.9885241978405616,-0.12306853736665417,False
1030,scientist,juice,0.7790034830016801,-0.16036798322724788,False
1031,scientist,milk,0.8235904095940075,-0.1538922371749296,False
1032,scientist,soda,1.0040296388599763,-0.09860689099170693,False
1033,scientist,alcohol,-0.6512093574421063,0.13849026098918416,False
1034,scientist,liquor,-0.8907226129014579,0.186035216125168,False
1035,scientist,beer,-0.5056393691796147,0.0885978258435025,False
1036,scientist,wine,0.5084948843401598,-0.07807804349432562,False
1037,scientist,vodka,-0.15739768124780185,-0.10019854940379164,True
1038,scientist,whiskey,-0.4630754409273754,0.1743835097847399,False
1039,scientist,champagne,1.5495515807523004,-0.032783818013084616,False
1040,scholar,water,0.18387730480106976,0.13700857315359052,True
1041,scholar,coffee,0.2343285425396485,0.01966353310584045,True
1042,scholar,tea,2.0584191935809133,0.16603266741169215,True
1043,scholar,juice,0.03440547826006582,-0.02976341907014373,False
1044,scholar,milk,0.6704425071935665,0.10944913002188862,True
1045,scholar,soda,-0.20709161822212066,-0.3279382354739667,True
1046,scholar,alcohol,-0.3348932291699651,0.0162777958890685,False
1047,scholar,liquor,-0.3293020155043193,-0.0410778167342187,True
1048,scholar,beer,-0.5106847281640012,-0.2134120695794516,True
1049,scholar,wine,1.5047607791430202,0.2831839157638235,True
1050,scholar,vodka,-0.6409402105796114,-0.13728264802739273,True
1051,scholar,whiskey,-0.5292433904735538,-0.08158376933059125,True
1052,scholar,champagne,0.7512149187786762,0.24654176309460796,True
1053,secretary,water,-0.2802168277671561,0.05625640377750972,False
1054,secretary,coffee,1.3551097101276457,0.6784021216760822,True
1055,secretary,tea,0.9620615795483098,0.6622260514811646,True
1056,secretary,juice,-0.03687450340306103,0.39385652145455546,False
1057,secretary,milk,0.014044572454755943,0.6118828259313148,True
1058,secretary,soda,0.17331987596396692,0.024282182538217432,True
1059,secretary,alcohol,-0.09681191742468016,-0.2402183300523553,True
1060,secretary,liquor,-0.0151626789578245,-0.22088337848812908,True
1061,secretary,beer,-0.06271450581595969,-0.2986087954826865,True
1062,secretary,wine,0.14729794351747472,0.3969885807768376,True
1063,secretary,vodka,0.05804641402174241,0.207069930761882,True
1064,secretary,whiskey,-0.14163173210403365,-0.35581113352382776,True
1065,secretary,champagne,0.9307725026357194,0.4580141509193738,True
1066,server,water,0.05812577491385242,-0.01405935339185799,False
1067,server,coffee,1.0349530280479595,-0.00719648377167979,False
1068,server,tea,0.4492008475219106,-0.2610478976797627,False
1069,server,juice,1.2167504328851506,0.21053697097446952,True
1070,server,milk,-0.1035842090932586,-0.25099716979836073,True
1071,server,soda,0.8572327984798791,0.47920267272165,True
1072,server,alcohol,-0.7533291926758438,0.14586370685618175,False
1073,server,liquor,-0.4377475797195572,-0.05624167016962001,True
1074,server,beer,0.2749384685453594,0.018616323666448345,True
1075,server,wine,0.7330171283107517,-0.09702625497552772,False
1076,server,vodka,-0.2981566653978244,0.2401160797874805,False
1077,server,whiskey,-0.8403349827770619,-0.04724769911872144,True
1078,server,champagne,0.9998509660348928,-0.11190086238343057,False
1079,singer,water,-0.3745964946411992,0.12397172845631015,False
1080,singer,coffee,-0.2643943167837222,0.34796196529090506,False
1081,singer,tea,-0.0948004396388518,0.4036283832248134,False
1082,singer,juice,-0.6520691731434812,0.3954474316860037,False
1083,singer,milk,-0.34066275210641545,0.4051685907320031,False
1084,singer,soda,0.033639189803518516,0.12803111454094154,True
1085,singer,alcohol,0.3384727387225991,-0.14157644192076513,False
1086,singer,liquor,0.1142989163184699,-0.3304725510416848,False
1087,singer,beer,0.08283905125317773,-0.3412964230972042,False
1088,singer,wine,0.8665015035684962,0.35526220887612925,True
1089,singer,vodka,0.32501521563866165,0.2571983968393812,True
1090,singer,whiskey,-0.10021237336240524,-0.428652234726588,True
1091,singer,champagne,1.3651991203637657,0.3912058546942591,True
1092,skipper,water,0.5619571726256973,-0.3580496340182739,False
1093,skipper,coffee,-0.16708970125398734,-0.10964417433868992,True
1094,skipper,tea,0.23488587024658744,-0.1774208728493059,False
1095,skipper,juice,0.07839861071890264,-0.2802413966920712,False
1096,skipper,milk,-0.5232413498566763,-0.1575390135253689,True
1097,skipper,soda,0.5849499595624538,0.09524289706665164,True
1098,skipper,alcohol,-0.22365372143634346,-0.03444017994740665,True
1099,skipper,liquor,-0.18413012576962354,0.2404888455190728,False
1100,skipper,beer,0.5117232094741966,0.4812974486881206,True
1101,skipper,wine,0.02976479626659046,-0.4051284486540117,False
1102,skipper,vodka,-0.07688194502432866,0.054026994433880364,False
1103,skipper,whiskey,-0.0688201759418563,0.2958294974119415,False
1104,skipper,champagne,0.7424637606606609,-0.293060152367146,False
1105,soldier,water,-0.039197705477992194,-0.1366095271718792,True
1106,soldier,coffee,0.050984480041297964,-0.5326145333410437,False
1107,soldier,tea,0.3893289327008565,-0.52469118044357,False
1108,soldier,juice,-0.35481246288269536,-0.4968486943337523,True
1109,soldier,milk,-0.5966355565409047,-0.5183924293522069,True
1110,soldier,soda,-0.6109162680459935,-0.1403024027990848,True
1111,soldier,alcohol,-0.3257988096441946,0.10735678834991348,False
1112,soldier,liquor,-0.4385920368565444,0.27013606813308383,False
1113,soldier,beer,0.2632119969425133,0.3664786515194798,True
1114,soldier,wine,0.07322961698838665,-0.429005938937114,False
1115,soldier,vodka,0.10957694790438187,-0.2657342023553212,False
1116,soldier,whiskey,0.07732146603660046,0.4279064109219195,True
1117,soldier,champagne,0.3072064240051602,-0.4183937260300911,False
1118,socialite,water,-1.4525850067339536,0.05532653530325565,False
1119,socialite,coffee,0.04999348013050458,0.5310114829765413,True
1120,socialite,tea,0.3035376090502014,0.5419781024204214,True
1121,socialite,juice,-0.35208491912530354,0.3868680099670023,False
1122,socialite,milk,-1.503364591672052,0.4150422265846099,False
1123,socialite,soda,0.07159406811075683,0.014059978959245148,True
1124,socialite,alcohol,-0.2505864653195028,-0.12655393775541154,True
1125,socialite,liquor,-0.32259903927504113,-0.24734221607583515,True
1126,socialite,beer,-0.2363794096581181,-0.4894265611543261,True
1127,socialite,wine,0.5751750302881611,0.5433070139787101,True
1128,socialite,vodka,0.06455166022645559,0.26614957793940264,True
1129,socialite,whiskey,0.15468286930071268,-0.37862501058084896,False
1130,socialite,champagne,2.4309666052486993,0.6636156551527309,True
1131,stylist,water,0.04042460800305096,-0.04138764934903125,False
1132,stylist,coffee,0.6754990206539756,0.28877845706411664,True
1133,stylist,tea,0.3896865615623492,0.12044745976700892,True
1134,stylist,juice,0.0553800711765243,0.33531472265150003,True
1135,stylist,milk,-0.596271877344478,0.0927684895026347,False
1136,stylist,soda,0.4627714801631526,0.3340131713902003,True
1137,stylist,alcohol,-0.15463911526530694,0.037207899191170735,False
1138,stylist,liquor,-0.23989449360147985,-0.16105335740977322,True
1139,stylist,beer,0.1118385846263461,-0.15411100979553974,False
1140,stylist,wine,0.5590928190419804,0.18178604142311447,True
1141,stylist,vodka,0.6464820572770864,0.3935249346914731,True
1142,stylist,whiskey,-0.3836095886353721,-0.25000297046448666,True
1143,stylist,champagne,1.2191123668823716,0.22946472205700624,True
1144,surgeon,water,-0.08907842763323373,-0.30037236174579857,True
1145,surgeon,coffee,0.4861711462854192,-0.2227405219089647,False
1146,surgeon,tea,0.5206301356630616,-0.2623697368967235,False
1147,surgeon,juice,0.2362459083778809,-0.4150004937806877,False
1148,surgeon,milk,-0.3846586320953744,-0.2923206902343724,True
1149,surgeon,soda,0.023410259473466723,-0.23188017026083416,False
1150,surgeon,alcohol,0.0946200694022976,0.15799775355825302,True
1151,surgeon,liquor,-0.26298415384607154,0.4120322493666216,False
1152,surgeon,beer,-0.17737309381238298,0.3884514282323361,False
1153,surgeon,wine,-0.11158839475397804,-0.2918981222024169,True
1154,surgeon,vodka,-0.16687476125660736,-0.06252341025315022,True
1155,surgeon,whiskey,-0.013881066962463304,0.42862385738296216,False
1156,surgeon,champagne,0.6075268011075758,-0.21307504959907184,False
1157,teacher,water,0.0907318058360686,0.1970225173986024,True
1158,teacher,coffee,0.9241485220213428,0.6229019298839319,True
1159,teacher,tea,1.1911295486797575,0.7122050688956472,True
1160,teacher,juice,0.028570334309571906,0.3926052953856247,True
1161,teacher,milk,0.6067475458029107,0.6953919678965601,True
1162,teacher,soda,0.5639365537193536,-0.06204374836225144,False
1163,teacher,alcohol,0.1588525239211167,-0.2382455343961975,False
1164,teacher,liquor,-0.4417352270115336,-0.2692965905479841,True
1165,teacher,beer,-0.1769096037101124,-0.35256344564716896,True
1166,teacher,wine,0.11956597255124915,0.4440013388009318,True
1167,teacher,vodka,-0.27909861363795674,0.1301159000222511,False
1168,teacher,whiskey,-0.4307148984799152,-0.4273974401446284,True
1169,teacher,champagne,-0.15196705176048148,0.43762617389552055,False
1170,therapist,water,-0.2517367640847395,-0.036055526282657666,True
1171,therapist,coffee,0.5698561637679581,0.2765349958418939,True
1172,therapist,tea,-0.01317862680189543,0.08134208760971562,False
1173,therapist,juice,-0.06933920603740681,0.2464733095467548,False
1174,therapist,milk,-0.5309883817431124,0.06932738855218508,False
1175,therapist,soda,0.3131203545895705,0.3356263195650758,True
1176,therapist,alcohol,0.28592180070065537,0.03227641227889217,True
1177,therapist,liquor,-0.456583180317166,-0.046339750359679466,True
1178,therapist,beer,-0.4688865354757436,-0.03479549345287908,True
1179,therapist,wine,-0.11206599904972664,0.005573951821643179,False
1180,therapist,vodka,-0.03016948143388735,0.2326035616638754,False
1181,therapist,whiskey,-0.21665340751965745,-0.07824014480746358,True
1182,therapist,champagne,-0.4198074578998057,-0.009526435543228812,True
1183,translator,water,0.14349620399816726,0.11940866025901377,True
1184,translator,coffee,1.1808372309586337,0.24794917023213925,True
1185,translator,tea,1.6913533036557429,0.2772266758574098,True
1186,translator,juice,0.5248899787439704,0.150954728623431,True
1187,translator,milk,0.18241342389962134,0.22958490042786506,True
1188,translator,soda,0.19771814209592076,-0.2844706114360632,False
1189,translator,alcohol,-0.20968176642755024,-0.06933572517220236,True
1190,translator,liquor,-0.6399997370404187,-0.2520380192829108,True
1191,translator,beer,-0.06877082383417464,-0.27660180827328784,True
1192,translator,wine,0.7889539836276771,0.42464636803282907,True
1193,translator,vodka,0.5440631979646722,0.10095951353449784,True
1194,translator,whiskey,-0.4538019392426546,-0.2978718044079322,True
1195,translator,champagne,1.206673623057288,0.402290628075484,True
1196,undertaker,water,-0.2712418408485658,-0.23920340351739466,True
1197,undertaker,coffee,0.26379617214190715,0.04727473804813413,True
1198,undertaker,tea,1.1033367874354036,0.14631994057513142,True
1199,undertaker,juice,-0.9210034959217408,-0.3353264431442715,True
1200,undertaker,milk,0.3991266531279993,0.09855974955417478,True
1201,undertaker,soda,-0.4630187961667181,-0.3314819365674131,True
1202,undertaker,alcohol,-0.31704949717200714,-0.1302342253961165,True
1203,undertaker,liquor,0.6877257240536082,0.2512868859032102,True
1204,undertaker,beer,0.09599624764568644,0.23221805439521875,True
1205,undertaker,wine,-0.1300901273615861,-0.14967610564767864,True
1206,undertaker,vodka,-0.015257253425046781,-0.14829070438378794,True
1207,undertaker,whiskey,1.2990287788804529,0.263774456461183,True
1208,undertaker,champagne,0.3416126271905865,-0.05214365241608373,False
1209,veterinarian,water,1.212547010254381,-0.2851135719130503,False
1210,veterinarian,coffee,0.5669982150164403,0.1493681835940965,True
1211,veterinarian,tea,0.7341566774173396,0.054172553852723584,True
1212,veterinarian,juice,0.46369933433281196,-0.08734544678926506,False
1213,veterinarian,milk,1.854802422014812,0.06116887859790737,True
1214,veterinarian,soda,0.4610854491835611,0.08228236501174352,True
1215,veterinarian,alcohol,-0.1977450018015436,-0.04248250529370914,True
1216,veterinarian,liquor,-1.0037495574077018,0.20825008459217464,False
1217,veterinarian,beer,-0.3600203978822155,0.30684150255549025,False
1218,veterinarian,wine,-0.2079376664932676,-0.2372616790062297,True
1219,veterinarian,vodka,-0.8847117242434842,0.07286629742395,False
1220,veterinarian,whiskey,-0.1692887457264791,0.19602600102196205,False
1221,veterinarian,champagne,0.4746244241007141,-0.15236857784189464,False
1222,videographer,water,-0.059670237431978274,-0.21016471314614504,True
1223,videographer,coffee,0.6392618235519946,0.06998346918236603,True
1224,videographer,tea,0.35324908724201165,-0.15216808130581394,False
1225,videographer,juice,0.18102215775632485,0.052940040576896635,True
1226,videographer,milk,-0.33177118338501643,-0.15304601691551614,True
1227,videographer,soda,0.4624834357936843,0.3458353734966989,True
1228,videographer,alcohol,-0.1747661411278603,0.07761248186703566,False
1229,videographer,liquor,-0.4754115822153666,0.02222708240275641,False
1230,videographer,beer,0.4411417640211512,0.2144364532068571,True
1231,videographer,wine,0.2346610584144783,-0.1609896709818292,False
1232,videographer,vodka,0.3704624956359023,0.2697479655875133,True
1233,videographer,whiskey,-0.04376070933942687,0.06038701523482134,False
1234,videographer,champagne,0.7594727699524315,-0.1447915715320411,False
1235,waiter,water,-0.09374239187372713,-0.3284616151110292,True
1236,waiter,coffee,0.6949498358271893,-0.059455956531860615,False
1237,waiter,tea,0.5391002256955919,-0.2187813003443292,False
1238,waiter,juice,0.3132286619714717,-0.2712024145996223,False
1239,waiter,milk,-0.20020394063137875,-0.22822636642088184,True
1240,waiter,soda,-0.049055628619351324,-0.12536527595633534,True
1241,waiter,alcohol,-0.4863950183852336,0.06128494605461603,False
1242,waiter,liquor,-0.30953671670864824,0.229492249591543,False
1243,waiter,beer,0.17254433157994328,0.3972481389723946,True
1244,waiter,wine,1.1712374902743174,-0.2051064389907233,False
1245,waiter,vodka,-0.050778464293891,0.1426547526701844,False
1246,waiter,whiskey,-0.6911157329827602,0.2534444453118225,False
1247,waiter,champagne,1.6519271748439552,-0.13639921066176214,False
1248,waitress,water,0.022790608337245333,0.08730672528840698,True
1249,waitress,coffee,0.9792253111010168,0.4903951111406452,True
1250,waitress,tea,0.030644441023639026,0.34948290509907043,True
1251,waitress,juice,0.5696050845904619,0.450206845684801,True
1252,waitress,milk,0.2925761343139809,0.3623209444334566,True
1253,waitress,soda,0.8587942343592837,0.3390008785905189,True
1254,waitress,alcohol,-0.3569744237616416,-0.16356560867984274,True
1255,waitress,liquor,-0.1919112864913621,-0.2529722077504622,True
1256,waitress,beer,0.2982634072800696,-0.21707079274556498,False
1257,waitress,wine,0.0825816634195709,0.1915848793666124,True
1258,waitress,vodka,-0.049494868942700686,0.26974611379470786,False
1259,waitress,whiskey,-0.18568388520771054,-0.338200110786088,True
1260,waitress,champagne,0.13166015106854084,0.20000629795483146,True
1261,warrior,water,0.5407057440103097,0.1118350190247527,True
1262,warrior,coffee,-0.9844410587036658,-0.45147233849540097,True
1263,warrior,tea,0.4842506690095231,-0.363452930743942,False
1264,warrior,juice,-0.1943332059745909,-0.14710075560673327,True
1265,warrior,milk,0.012336575575352152,-0.3419938664219873,False
1266,warrior,soda,-1.3919357415051687,-0.047081617150754346,True
1267,warrior,alcohol,-1.1067881820503602,0.11560900496146845,False
1268,warrior,liquor,-0.4909298246036245,0.024619715377473463,False
1269,warrior,beer,-0.4834639880901107,0.01920521407944477,False
1270,warrior,wine,0.6764039013264506,-0.18881219995752074,False
1271,warrior,vodka,-1.821103630831024,-0.28179893873890993,True
1272,warrior,whiskey,-0.8531425210794328,0.12368984420959145,False
1273,warrior,champagne,-0.28229495683702915,-0.23097353517602195,True
1274,writer,water,-0.8073928378074228,-0.08315258946205795,True
1275,writer,coffee,0.8327819494440167,0.4264726315389325,True
1276,writer,tea,0.4420564445996287,0.3706356905975784,True
1277,writer,juice,-0.3424636804187878,0.149214079791668,False
1278,writer,milk,-0.8783405709134657,0.30760669374003946,False
1279,writer,soda,-0.32337537642012354,0.010849558914670621,False
1280,writer,alcohol,-0.40630168536671457,-0.10786771938549916,True
1281,writer,liquor,-0.871416364263638,-0.18364204312405166,True
1282,writer,beer,0.3359386391566134,-0.10325844960053313,False
1283,writer,wine,0.8297228044599829,0.29175662280476616,True
1284,writer,vodka,0.5222667496703298,0.26418634195679963,True
1285,writer,whiskey,-0.2077836527999984,-0.22079286924128266,True
1286,writer,champagne,0.8921475988469811,0.31388067060595604,True
