sport,country,direct_correlation,indirect_correlation,same_correlation
football,Nigeria,0.45308471590199073,-0.02201315871889079,False
football,Ethiopia,0.0637735426440069,-0.37030525219487614,False
football,Egypt,-0.23625087638590714,-0.41137575808259264,True
football,Congo,0.46889384252936395,-0.15953129167810645,False
football,Tanzania,0.16176003855782808,-0.2633596066190037,False
football,Kenya,0.8312720894982568,-0.10975836315845386,False
football,Uganda,0.13541496018949736,-0.10236355560410504,False
football,Sudan,-0.011921860229732585,-0.09758219829772201,True
football,Algeria,0.3455919733058573,-0.39126302003055297,False
football,China,-0.5225171258831807,-0.27313883576570697,True
football,India,-0.7361769899552746,-0.21220302977170188,True
football,Indonesia,-0.1325511754309672,-0.13193017277135322,True
football,Pakistan,-0.23013011742095585,-0.16740103241326573,True
football,Bangladesh,-0.3146242697798829,-0.10766872276173677,True
football,Japan,-0.07460981809834798,-0.31844330803048904,True
football,Philippines,0.5897728615602392,-0.11630857440016555,False
football,Vietnam,-0.009368750518428252,-0.03633657187155893,True
football,Iran,-0.10289385091530523,-0.2637847783814891,True
football,Turkey,0.44996655612531405,-0.4053401645523402,False
football,Russia,-0.1336888709538749,-0.3920195358044375,True
football,Germany,0.281995268611169,-0.4206637057759047,False
football,France,0.1270447289008582,-0.5879444127989597,False
football,Italy,0.1662029799149039,-0.5571803919810787,False
football,Spain,0.39886503605877505,-0.5547837261507661,False
football,Ukraine,0.5740252184752945,-0.34470348600023104,False
football,Poland,0.42978777990347633,-0.44929475574250416,False
football,Romania,0.6438685172025368,-0.47320728601237166,False
football,Netherlands,0.5488254961463929,-0.38854768184782185,False
football,Austria,0.3843869662810775,-0.5115356117978267,False
football,Mexico,0.2832300855916698,-0.28100620710477336,False
football,Canada,0.24130979766162017,0.09313376081349896,True
football,Guatemala,0.39626007849836165,-0.34643725738050535,False
football,Haiti,0.41059850531819697,-0.13410120436744755,False
football,Cuba,0.41394004852145927,-0.2637494722732891,False
football,Honduras,1.1012547917666045,-0.11119976141210558,False
football,Nicaragua,0.6742441758179133,-0.03978532267034337,False
football,Brazil,0.6617905627328291,-0.31935683203110365,False
football,Colombia,0.5891822359343274,-0.2620085180987791,False
football,Argentina,0.8839057914247849,-0.3883024604957012,False
football,Peru,0.513299944115592,-0.33803235267920256,False
football,Venezuela,0.6640108963797824,-0.26439101310461155,False
football,Chile,0.51361536310463,-0.39050695667953195,False
football,Ecuador,0.6258425607344247,-0.24836711076146198,False
football,Bolivia,0.5549382647178314,-0.3037924466323701,False
football,Paraguay,0.9212065102471209,-0.29405347815175753,False
football,Uruguay,1.0271872096943646,-0.2978729942472653,False
football,Australia,0.5747347964875359,0.19477121490063654,True
football,Fiji,0.3007242112191344,0.0875667164922391,True
football,Samoa,1.08143136075622,0.08051281865080069,True
football,Tonga,1.044313326879717,0.031506204587948575,True
basketball,Nigeria,0.20653489333458555,-0.04239202814502401,False
basketball,Ethiopia,0.009921696431042947,-0.3659098899874514,False
basketball,Egypt,-0.28169715500740705,-0.3790156101250003,True
basketball,Congo,0.03171539624540387,-0.20145756266783255,False
basketball,Tanzania,-0.10196449085794093,-0.2607983525108049,True
basketball,Kenya,0.41223643016203715,-0.1306230553522242,False
basketball,Uganda,0.049301209398560995,-0.09000616301146815,False
basketball,Sudan,-0.6154503131450032,-0.1089294210707081,True
basketball,Algeria,-0.06884597192495735,-0.4004508776118503,True
basketball,China,-0.1452243088515142,-0.2728242063148954,True
basketball,India,-0.9322413987710064,-0.21398700956814315,True
basketball,Indonesia,0.05452742528966963,-0.12387657332285186,False
basketball,Pakistan,-0.7756797781559489,-0.15201937086257836,True
basketball,Bangladesh,-0.7931310432604598,-0.08787804565315514,True
basketball,Japan,0.35166223629891635,-0.2979199681813254,False
basketball,Philippines,1.0740283260563146,-0.054353209160910146,False
basketball,Vietnam,-0.08918197466608292,-0.054337141835476443,True
basketball,Iran,-0.19377866575995875,-0.2439414669889811,True
basketball,Turkey,0.2998015874907437,-0.4105559246307897,False
basketball,Russia,-0.1357781002904765,-0.39801308024733284,True
basketball,Germany,0.08710787118254298,-0.4376976432526061,False
basketball,France,-0.1154392964985263,-0.5813379240228548,True
basketball,Italy,0.12176423944003817,-0.5479861344407547,False
basketball,Spain,0.29338917927456676,-0.5428494181439929,False
basketball,Ukraine,0.5477360138862511,-0.32835733307434456,False
basketball,Poland,0.45674252089411904,-0.47140008281333734,False
basketball,Romania,0.29767611136418254,-0.4419919389118758,False
basketball,Netherlands,0.36698339091197685,-0.3768814258836026,False
basketball,Austria,0.21231191638838745,-0.5240869415093254,False
basketball,Mexico,0.6836807903082035,-0.2599840714124983,False
basketball,Canada,0.6530015880586892,0.07997385717746117,True
basketball,Guatemala,0.5759649344804251,-0.3220352555337906,False
basketball,Haiti,0.6103247906346713,-0.14109190889653403,False
basketball,Cuba,1.0775425080038619,-0.2695724166712556,False
basketball,Honduras,1.1194596350515449,-0.11602276121886913,False
basketball,Nicaragua,0.8273211656567854,-0.04270254247711635,False
basketball,Brazil,0.7245698786039404,-0.31061017809091573,False
basketball,Colombia,0.5601779242156434,-0.24451816213983615,False
basketball,Argentina,0.7126918612951973,-0.3889850310463488,False
basketball,Peru,0.6449756161450202,-0.3360259046317737,False
basketball,Venezuela,1.1372433811731553,-0.23676639270959082,False
basketball,Chile,0.38535572406895635,-0.3832217887983405,False
basketball,Ecuador,0.6840903316490714,-0.216920275959577,False
basketball,Bolivia,0.3073416198012891,-0.29424178564269204,False
basketball,Paraguay,0.6359379878827275,-0.3019564833484392,False
basketball,Uruguay,0.6947688826370839,-0.3152632374238689,False
basketball,Australia,0.2120652743800145,0.15940951107498752,True
basketball,Fiji,-0.400850080855571,0.02026192384353624,False
basketball,Samoa,0.4460925289956638,0.01980147873585088,True
basketball,Tonga,0.4891017154539767,-0.020163126743432975,False
cricket,Nigeria,-0.03169046330877873,0.2863988034666612,False
cricket,Ethiopia,-1.1570445791284412,0.052354158626029344,False
cricket,Egypt,-1.0366422829266955,0.011438362700818577,False
cricket,Congo,-0.8450535872603896,0.15809264080949453,False
cricket,Tanzania,0.4767702713906439,0.31402985609981604,True
cricket,Kenya,1.2348708836199516,0.4731960570539195,True
cricket,Uganda,0.5723853062516577,0.32315945759358594,True
cricket,Sudan,-0.4016319067905366,0.18301951409851983,False
cricket,Algeria,-1.5877881259083233,-0.013913608222512154,True
cricket,China,-1.6965132969613224,0.1164040722361772,False
cricket,India,0.8877826799518889,0.3242388079368311,True
cricket,Indonesia,-0.5764137067035031,0.19955352781880958,False
cricket,Pakistan,1.3625214138512056,0.3436317083140189,True
cricket,Bangladesh,1.4751532937693124,0.37393844020194517,True
cricket,Japan,-1.5936897458985146,0.02435804891092047,False
cricket,Philippines,-0.03160102164294701,-0.0076931992237341965,True
cricket,Vietnam,-1.180075574407149,0.21943902575799817,False
cricket,Iran,-1.18190774221427,0.08049644251873601,False
cricket,Turkey,-1.0905781808304893,0.035843322582146654,False
cricket,Russia,-2.1087970652636083,0.052562072434973135,False
cricket,Germany,-1.1984729762134585,-0.07052555605614584,True
cricket,France,-1.2254812184741835,-0.13088719431538132,True
cricket,Italy,-1.3977209701796227,-0.16964600486805306,True
cricket,Spain,-1.2515938254194527,-0.21948887528288713,True
cricket,Ukraine,-1.4303967183022552,0.05127575855658335,False
cricket,Poland,-1.9175074847173725,0.007570397147993402,False
cricket,Romania,-1.7675433037600663,-0.09905355700406625,True
cricket,Netherlands,-0.39058904354242524,-0.05221327406297576,True
cricket,Austria,-1.300409352634913,-0.08306703630496497,True
cricket,Mexico,-1.9953121842615162,-0.2586830967272527,True
cricket,Canada,-0.5121161081993327,0.24659469651713223,False
cricket,Guatemala,-1.6187368789090932,-0.22660887426279355,True
cricket,Haiti,-2.1239054274398574,0.00910073652174659,False
cricket,Cuba,-2.0514769416912824,-0.1103503769763277,True
cricket,Honduras,-1.0539159756586292,-0.02752145073589178,True
cricket,Nicaragua,-1.3177885576270378,-0.11979194864857895,True
cricket,Brazil,-1.6649284760143097,-0.1689300665142253,True
cricket,Colombia,-1.437807620207469,-0.1404143784892215,True
cricket,Argentina,-1.1384371984058075,-0.1519563622204125,True
cricket,Peru,-1.4178945356149375,-0.1610766634365213,True
cricket,Venezuela,-1.5051936783929936,-0.22147675847133974,True
cricket,Chile,-0.9899331005650205,-0.1721552292957317,True
cricket,Ecuador,-1.4133154807860586,-0.21198703570714814,True
cricket,Bolivia,-1.458101302502932,-0.20575314087270596,True
cricket,Paraguay,-1.0864499994315409,-0.06315567961443483,True
cricket,Uruguay,-1.2036091745086632,-0.12573174728680525,True
cricket,Australia,0.5421939150140147,0.5134920156699487,True
cricket,Fiji,0.9824780023013414,0.5264577953770017,True
cricket,Samoa,0.7014065350999796,0.3434784357423307,True
cricket,Tonga,0.04592322706747059,0.2862478399404418,True
hockey,Nigeria,-0.3091043161218573,-0.09827348531317659,True
hockey,Ethiopia,-0.6565492284091907,-0.464520298602809,True
hockey,Egypt,-0.911569904478667,-0.4611666137363425,True
hockey,Congo,-0.274540700886649,-0.24848943732030293,True
hockey,Tanzania,0.20549951806628394,-0.3112503698710088,False
hockey,Kenya,0.5556787389775342,-0.1420318519095145,False
hockey,Uganda,0.32818198641271334,-0.1316170466748082,False
hockey,Sudan,-0.4666388990077466,-0.15346032217846262,True
hockey,Algeria,-0.5771335621495328,-0.46127485189256007,True
hockey,China,-0.328789015338961,-0.2636564537156391,True
hockey,India,-0.19498124184078403,-0.21791501547905362,True
hockey,Indonesia,-0.23514569021225964,-0.17793437019423575,True
hockey,Pakistan,0.5683562807557271,-0.17121162155400968,False
hockey,Bangladesh,-0.05478957333598733,-0.08871422883882739,True
hockey,Japan,-0.038481668835954316,-0.31052814185935174,True
hockey,Philippines,0.452107682594124,-0.14108972550296556,False
hockey,Vietnam,-0.6091342459928473,-0.07753173427059129,True
hockey,Iran,-0.3024249149864987,-0.26586982551416505,True
hockey,Turkey,0.06770041735630446,-0.442470827046584,False
hockey,Russia,0.4230917444259376,-0.3784899674057787,False
hockey,Germany,0.06482095892663263,-0.45724185141293716,False
hockey,France,-0.48589183894422816,-0.5836936139855222,True
hockey,Italy,-0.562530349305384,-0.5748930818837135,True
hockey,Spain,-0.3650145238844955,-0.5885827805736591,True
hockey,Ukraine,0.7403195448656952,-0.3340789714016377,False
hockey,Poland,0.46917030676079874,-0.4804946742144159,False
hockey,Romania,0.08291158612490016,-0.42974665344388485,False
hockey,Netherlands,0.13894330528377774,-0.41959443299059485,False
hockey,Austria,0.3222027642575142,-0.5178313844523766,False
hockey,Mexico,0.06271844211868208,-0.3216679014215438,False
hockey,Canada,2.354814654125146,0.15238002141658974,True
hockey,Guatemala,0.015722519443872242,-0.40811997644198406,False
hockey,Haiti,-0.021658384081013685,-0.19452252360820663,True
hockey,Cuba,0.18554881646084373,-0.33610151102094915,False
hockey,Honduras,0.6501158293269625,-0.19153438170768858,False
hockey,Nicaragua,0.4132945575403534,-0.11626000055875947,False
hockey,Brazil,0.2733176750575361,-0.3628446849707234,False
hockey,Colombia,-0.16378087982696754,-0.31520194204371965,True
hockey,Argentina,0.9752684147023736,-0.42954269392468036,False
hockey,Peru,0.41774670628455896,-0.37435876338892604,False
hockey,Venezuela,0.4335174036642411,-0.3248048572177656,False
hockey,Chile,0.5968023010032428,-0.4341990088261812,False
hockey,Ecuador,0.32769189329223414,-0.29023590984308323,False
hockey,Bolivia,0.05286915945265012,-0.3758962736995265,False
hockey,Paraguay,0.6458638158645402,-0.3546146135200096,False
hockey,Uruguay,0.8905980298272171,-0.3674876503649997,False
hockey,Australia,0.6700440420081457,0.24157628440490386,True
hockey,Fiji,0.11654164439990611,0.04688272032345615,True
hockey,Samoa,0.6160310451937587,0.02705590815115173,True
hockey,Tonga,0.38602188704684925,-0.05236435229809224,False
tennis,Nigeria,-0.28534444097497663,0.032704971970396714,False
tennis,Ethiopia,-0.248327982850026,-0.301898659132617,True
tennis,Egypt,-0.2996448940343622,-0.3259579693290277,True
tennis,Congo,0.0885972748586187,-0.05586456422298027,False
tennis,Tanzania,0.22977296942421455,-0.15393932746609187,False
tennis,Kenya,0.6664669549272194,-0.034624768258461364,False
tennis,Uganda,-0.13570745782513471,-0.04332658854929873,True
tennis,Sudan,-0.7411743780316159,-0.08238849840029171,True
tennis,Algeria,0.027132850147706927,-0.2655231003213044,False
tennis,China,-0.0131283175566767,-0.09061617906996011,True
tennis,India,-0.6393701611155079,-0.09218806507030522,True
tennis,Indonesia,-0.06092872416941021,-0.049966181558624694,True
tennis,Pakistan,-0.41370304516262163,-0.05870228239362209,True
tennis,Bangladesh,-0.2647464060543339,0.045550037120001954,False
tennis,Japan,0.11793634933574235,-0.13352373587772906,False
tennis,Philippines,0.4568264374763104,0.028613953232445345,True
tennis,Vietnam,-0.4168534702741572,-3.0678433525295523e-05,True
tennis,Iran,-0.39675650372417587,-0.09457894521760093,True
tennis,Turkey,0.05743255670325435,-0.2459942474557635,False
tennis,Russia,0.06016288354783238,-0.17284864503834518,False
tennis,Germany,0.4935523179306378,-0.32113969711734053,False
tennis,France,0.2202242356362381,-0.3292991621237813,False
tennis,Italy,0.6455718712994901,-0.3007426065632824,False
tennis,Spain,0.8321390467377419,-0.298808998548847,False
tennis,Ukraine,0.6219748436228154,-0.13746725503360555,False
tennis,Poland,0.9235140152128698,-0.25659379099950325,False
tennis,Romania,0.809385288881929,-0.2140460578870463,False
tennis,Netherlands,0.7200208789023381,-0.2469019740899597,False
tennis,Austria,0.86558924523986,-0.32489448381842256,False
tennis,Mexico,0.5149446216643693,-0.115975487331286,False
tennis,Canada,0.4498818504293447,0.13910593751672184,True
tennis,Guatemala,0.376265310723369,-0.17503481121076228,False
tennis,Haiti,-0.16326915263339384,0.006389240758484679,False
tennis,Cuba,0.9204047344218378,-0.05047743663468787,False
tennis,Honduras,0.9136869130161165,0.01930075093854412,True
tennis,Nicaragua,0.9171652488120998,0.06640094978862107,True
tennis,Brazil,1.1910343190876302,-0.12856690437301327,False
tennis,Colombia,0.9037145109459004,-0.07356090444892223,False
tennis,Argentina,1.3467812598750015,-0.17280446581394338,False
tennis,Peru,0.7376710346900314,-0.15914281647131584,False
tennis,Venezuela,1.230185742101721,-0.08112309297438176,False
tennis,Chile,1.1750175197563764,-0.18644442319744065,False
tennis,Ecuador,0.8548506911169792,-0.08197362223113877,False
tennis,Bolivia,0.4642197952836645,-0.17494376038880444,False
tennis,Paraguay,0.9128407558003278,-0.11051091245213363,False
tennis,Uruguay,1.3130353742524539,-0.1393395990448845,False
tennis,Australia,0.8617755751556027,0.2104343682537968,True
tennis,Fiji,0.04341267267178547,0.09502276772823721,True
tennis,Samoa,0.255461497794226,0.10854577570507792,True
tennis,Tonga,0.25132592369583634,0.027197842423853875,True
volleyball,Nigeria,0.12374859465932725,-0.158206313911081,False
volleyball,Ethiopia,0.10513847662751895,-0.3701297746155687,False
volleyball,Egypt,-0.1253399124866595,-0.3204826063291202,True
volleyball,Congo,0.4841768546224828,-0.2900174443496102,False
volleyball,Tanzania,0.4172407937125207,-0.2725314309818559,False
volleyball,Kenya,0.7627227852886921,-0.1872968174504823,False
volleyball,Uganda,0.11750733373784548,-0.1861983688444889,False
volleyball,Sudan,-0.3491966069707468,-0.20960976461979522,True
volleyball,Algeria,0.4665747294873633,-0.3634652961485511,False
volleyball,China,0.23815006657088003,-0.16647250432872915,False
volleyball,India,-0.6448048877508702,-0.20921279781079397,True
volleyball,Indonesia,0.6691412128414349,-0.14611662874418357,False
volleyball,Pakistan,-0.20882216658459796,-0.15206734549397677,True
volleyball,Bangladesh,-0.1445365358580553,-0.08582958601959982,True
volleyball,Japan,0.8250348551875549,-0.11483794314220491,False
volleyball,Philippines,1.536852114528186,0.07489516865346116,True
volleyball,Vietnam,0.6153173363067806,-0.08781851485712099,False
volleyball,Iran,0.21893695091136683,-0.16834461522925012,False
volleyball,Turkey,0.8546123449827885,-0.28193336144747827,False
volleyball,Russia,0.2316574526626667,-0.27219649441098476,False
volleyball,Germany,0.40787999330296726,-0.3866956188037099,False
volleyball,France,0.16523534777646787,-0.3076041037633376,False
volleyball,Italy,0.39668081127917765,-0.26535041834870776,False
volleyball,Spain,0.5714066900452891,-0.2405058032479887,False
volleyball,Ukraine,0.8910582966947347,-0.21394980928707563,False
volleyball,Poland,0.707900985717534,-0.36923026189499825,False
volleyball,Romania,0.691213102781415,-0.16130075300992852,False
volleyball,Netherlands,1.127841764864403,-0.2625757463282932,False
volleyball,Austria,0.659562688338398,-0.3602081091862104,False
volleyball,Mexico,0.7592249991113499,-0.022493928733971585,False
volleyball,Canada,0.5417679074560553,0.044083139761229066,True
volleyball,Guatemala,1.2032355839129592,-0.14305814997316044,False
volleyball,Haiti,0.7154431051776227,-0.13644862691995002,False
volleyball,Cuba,1.4086816042218413,-0.15709902899060949,False
volleyball,Honduras,1.4143825589927534,-0.09049971060065963,False
volleyball,Nicaragua,1.225514841080767,-0.006183005994431954,False
volleyball,Brazil,1.1088302036679294,-0.1396128292874738,False
volleyball,Colombia,0.9244559458277506,-0.09940332916354776,False
volleyball,Argentina,1.1582541036035021,-0.19734150985709023,False
volleyball,Peru,1.1522218212190696,-0.14408259882760716,False
volleyball,Venezuela,1.5171105528309123,-0.05630170107328321,False
volleyball,Chile,0.9746531693099301,-0.14934990840679355,False
volleyball,Ecuador,1.1853845460018122,-0.03944919167605715,False
volleyball,Bolivia,0.8125192750035428,-0.1450690668019044,False
volleyball,Paraguay,0.9531378916839165,-0.20741796414226987,False
volleyball,Uruguay,1.2502777750067668,-0.17643743283353547,False
volleyball,Australia,0.22210895705690867,0.06612158590705898,True
volleyball,Fiji,0.13277980712393458,-0.12972596408750972,False
volleyball,Samoa,0.9634676266736818,-0.09125087525467092,False
volleyball,Tonga,1.073817018507117,-0.17275691184358682,False
table tennis,Nigeria,0.19437071201463602,0.3023450914251973,True
table tennis,Ethiopia,-0.1685902514923068,0.2701890943179277,False
table tennis,Egypt,-0.2400425176037643,0.2041900814310866,False
table tennis,Congo,0.40160213486072255,0.3452789638957808,True
table tennis,Tanzania,0.8015021880543275,0.40503481000907704,True
table tennis,Kenya,1.2853045667595533,0.402197539833162,True
table tennis,Uganda,0.387712219157698,0.3149752747364558,True
table tennis,Sudan,-0.050552224827082985,0.2239587703437669,False
table tennis,Algeria,0.140735901252838,0.33524742317100187,True
table tennis,China,-0.2669616533580129,0.32035515912644963,False
table tennis,India,0.11599569853618419,0.3363143398485671,True
table tennis,Indonesia,0.3005349613186173,0.33757792062322567,True
table tennis,Pakistan,0.7197318539526032,0.38158536912609264,True
table tennis,Bangladesh,0.8969285391783889,0.3985094576123391,True
table tennis,Japan,-0.2911655854579126,0.2995671869226257,False
table tennis,Philippines,0.7437904291469969,0.21474456285237298,True
table tennis,Vietnam,-0.19931279197704926,0.2648211988253058,False
table tennis,Iran,0.05610423311413745,0.3504429909025,True
table tennis,Turkey,0.4297723183708049,0.4109834485925893,True
table tennis,Russia,-0.034022599542320335,0.41906584689988585,False
table tennis,Germany,0.16802793125459312,0.3250350489931243,True
table tennis,France,-0.029014360121689755,0.36073710667583364,False
table tennis,Italy,0.14803361713309618,0.3148909803865802,True
table tennis,Spain,0.2875806968064687,0.31944569697151076,True
table tennis,Ukraine,0.8446975305869227,0.40939264932726127,True
table tennis,Poland,0.3564468313513468,0.4113955329190787,True
table tennis,Romania,0.5916067313034333,0.33324358574326707,True
table tennis,Netherlands,0.8301727743000409,0.34219420787159044,True
table tennis,Austria,0.5737249260042416,0.3992256479227365,True
table tennis,Mexico,-0.5927181474173079,0.10631702777888025,False
table tennis,Canada,-0.21325377619554642,0.15021439683470106,False
table tennis,Guatemala,-0.22886870346234664,0.1972577678303902,False
table tennis,Haiti,-0.9174358282420749,0.2243586367697596,False
table tennis,Cuba,-0.001632361989874347,0.2705288332465993,False
table tennis,Honduras,0.09347464110019216,0.17933372319962215,True
table tennis,Nicaragua,-0.20339097844966147,0.10415947049752375,False
table tennis,Brazil,0.2436653994023405,0.2256744371522867,True
table tennis,Colombia,0.06398979897546445,0.22085777454550112,True
table tennis,Argentina,0.7190118482735278,0.3179893044464908,True
table tennis,Peru,0.18980137080131157,0.22993323165446816,True
table tennis,Venezuela,0.2697640487955403,0.174709888041649,True
table tennis,Chile,0.4730270763743867,0.2815691823542592,True
table tennis,Ecuador,0.07469664864777263,0.153200933189667,True
table tennis,Bolivia,0.0378251009911017,0.18445053333646774,True
table tennis,Paraguay,0.5435105686640032,0.3078410558491185,True
table tennis,Uruguay,0.6742422555600163,0.28145040950584277,True
table tennis,Australia,0.5814620595099512,0.23012578508556478,True
table tennis,Fiji,0.5627171917614643,0.3224665991758612,True
table tennis,Samoa,0.7139247093312209,0.30240968660938294,True
table tennis,Tonga,0.6150851289880989,0.27804336802175694,True
martial arts,Nigeria,0.6405617521931255,-0.011272637447796538,False
martial arts,Ethiopia,0.24823100768936687,-0.1473379124790107,False
martial arts,Egypt,-0.08327413019820318,-0.1445593895507012,True
martial arts,Congo,0.1763879183951482,-0.05879765877205353,False
martial arts,Tanzania,0.6809389330582438,-0.07609030104531338,False
martial arts,Kenya,1.104754183698134,-0.13118706189401527,False
martial arts,Uganda,0.7488041414385183,-0.07628263060468723,False
martial arts,Sudan,0.1584621534093065,-0.008760075009544033,False
martial arts,Algeria,-0.0977699686527575,-0.0912091612033901,True
martial arts,China,0.9745387424581895,-0.14432005766159184,False
martial arts,India,0.6161637073442632,-0.11672459062158841,False
martial arts,Indonesia,0.9447561617115942,-0.0030658438255654584,False
martial arts,Pakistan,0.6927600460316277,-0.055621345761289985,False
martial arts,Bangladesh,0.9245009012095081,-0.05295014022354442,False
martial arts,Japan,1.762938371193121,-0.16051155675187082,False
martial arts,Philippines,1.6401621558245703,0.11304999160180734,True
martial arts,Vietnam,1.2753504353781409,-0.058731493615444205,False
martial arts,Iran,0.7438692385836683,-0.1347795256970402,False
martial arts,Turkey,0.06835882902531838,-0.1949277810101335,False
martial arts,Russia,0.3220653377520464,-0.25005772467678233,False
martial arts,Germany,-0.2803007702724256,-0.18712652168511523,True
martial arts,France,-0.11467298681023312,-0.27263131566088833,True
martial arts,Italy,-0.31540088924308896,-0.22422475713303014,True
martial arts,Spain,-0.3537095763702167,-0.13843693002241594,True
martial arts,Ukraine,0.0375916982530479,-0.2276852646160507,False
martial arts,Poland,-0.3848675521048459,-0.319037906046064,True
martial arts,Romania,-0.0330114569881327,-0.16079127950831218,True
martial arts,Netherlands,-0.06068278447955753,-0.09726425580098785,True
martial arts,Austria,-0.4816848678943696,-0.24719417545540381,True
martial arts,Mexico,0.3311869881164275,0.01921963922660421,True
martial arts,Canada,0.1428293898480005,-0.12200769124166759,False
martial arts,Guatemala,-0.1623799346053015,-0.05535993910419543,True
martial arts,Haiti,-0.15790348819669556,-0.10829993315582871,True
martial arts,Cuba,0.23080758789879258,-0.10821084384057263,False
martial arts,Honduras,0.18961535173057262,0.004665367646763052,True
martial arts,Nicaragua,0.2342162056096099,0.05399924029081231,True
martial arts,Brazil,0.3325308197320778,-0.022230626386035426,False
martial arts,Colombia,0.2076136918064711,0.01051640614026552,True
martial arts,Argentina,0.1657527085935368,-0.05331088650453005,False
martial arts,Peru,0.38725136582496417,-0.07014452746415684,False
martial arts,Venezuela,0.07257386199640704,0.020588360549601444,True
martial arts,Chile,0.012751510066881373,0.00934985847728427,True
martial arts,Ecuador,0.1470160743290476,0.06165563675458129,True
martial arts,Bolivia,0.20464878126256653,0.02854114114798559,True
martial arts,Paraguay,0.2595165186798556,-0.07345375827929691,False
martial arts,Uruguay,-0.2583742985870337,0.004387278089747297,False
martial arts,Australia,0.41752383700331497,-0.05360085689607237,False
martial arts,Fiji,0.5705719428791409,-0.05429430763971149,False
martial arts,Samoa,1.1491211855481647,0.01238957177891542,True
martial arts,Tonga,1.096794938248884,0.08421207150123201,True
baseball,Nigeria,-0.5898999218963124,-0.07133334959433488,True
baseball,Ethiopia,-0.5435829750516904,-0.42067035557157406,True
baseball,Egypt,-0.7558516972273592,-0.43941758033314443,True
baseball,Congo,-0.7178741020629226,-0.21976091456485652,True
baseball,Tanzania,-0.8927536419584496,-0.32430859592827366,True
baseball,Kenya,-0.28059610426713516,-0.1547557658764696,True
baseball,Uganda,-0.671080582214177,-0.1507621142729696,True
baseball,Sudan,-1.2796903761789904,-0.16002307070523084,True
baseball,Algeria,-1.044472276550714,-0.4558377738062709,True
baseball,China,-0.4900772781197715,-0.2606734313717638,True
baseball,India,-1.4377927799354333,-0.21001021337494077,True
baseball,Indonesia,-0.9905278072923065,-0.14762955853696597,True
baseball,Pakistan,-1.5267192489211805,-0.19855002734683083,True
baseball,Bangladesh,-1.6347514202314999,-0.12450660468340274,True
baseball,Japan,0.04548758565482307,-0.26651899132661344,False
baseball,Philippines,0.32824736922987086,-0.0954634699812692,False
baseball,Vietnam,-0.27856539069258907,-0.023065232581073656,True
baseball,Iran,-0.9350177669397323,-0.27657180909958806,True
baseball,Turkey,-0.6457913032425323,-0.4434626996696764,True
baseball,Russia,-0.9133077422508654,-0.4137605458502556,True
baseball,Germany,-0.7400433234548464,-0.46585193392964025,True
baseball,France,-0.9394893311290797,-0.6170389652123538,True
baseball,Italy,-0.3027645057550831,-0.5820040768012219,True
baseball,Spain,-0.45298714074138835,-0.5675641065572209,True
baseball,Ukraine,-0.5057275080179816,-0.37886360831736543,True
baseball,Poland,-0.14633507712608423,-0.47529139291326317,True
baseball,Romania,-0.3424901521907782,-0.5046442836131819,True
baseball,Netherlands,-0.7141170297958692,-0.42564675925351964,True
baseball,Austria,-0.7159317435955143,-0.5483158336514471,True
baseball,Mexico,0.9105476845845808,-0.22215488621304372,False
baseball,Canada,0.7760929924662208,0.12667703252562737,True
baseball,Guatemala,0.6466165922678916,-0.3160414931630573,False
baseball,Haiti,1.0892357017857677,-0.1299400627650553,False
baseball,Cuba,1.4062527558542581,-0.2197225557642356,False
baseball,Honduras,1.1043539072967508,-0.09530476815153557,False
baseball,Nicaragua,1.3827378360380254,-0.01963289500801215,False
baseball,Brazil,0.2808149415558948,-0.32643919429317103,False
baseball,Colombia,0.40702100654757756,-0.26640142065314937,False
baseball,Argentina,0.14328642259133642,-0.4026313497538574,False
baseball,Peru,0.5869071425131445,-0.33141495126831494,False
baseball,Venezuela,1.1726055258646095,-0.2483896498451698,False
baseball,Chile,-0.07331789168739831,-0.40064621180633403,True
baseball,Ecuador,0.5906388293328022,-0.25069306153650855,False
baseball,Bolivia,0.15846023278406043,-0.31182841635525144,False
baseball,Paraguay,0.2300554756536652,-0.31541379243339346,False
baseball,Uruguay,0.16960894460475393,-0.3308781136723342,False
baseball,Australia,-0.25241424437930154,0.1822520481705661,False
baseball,Fiji,-0.881069433912048,0.04233378203114894,False
baseball,Samoa,0.20202391731730523,0.020638425032330526,True
baseball,Tonga,-0.20995867240352498,-0.04633798574693095,True
american football,Nigeria,-0.6375823767230573,0.04049529661403364,False
american football,Ethiopia,0.1908857901950149,-0.24532559244139363,False
american football,Egypt,0.1410902604055008,-0.288182125966915,False
american football,Congo,-0.5189633141901614,-0.08888231298380457,True
american football,Tanzania,-0.7922382203140471,-0.25615694299900227,True
american football,Kenya,-0.545623380585501,-0.20402414387848447,True
american football,Uganda,-0.2966451864072559,-0.08603233667883431,True
american football,Sudan,-0.7334137669368618,-0.022349525357603508,True
american football,Algeria,0.40561364322708193,-0.2386712600417629,False
american football,China,-1.7383467033989282,-0.19928621500746788,True
american football,India,-2.248334344557843,-0.21229995086653006,True
american football,Indonesia,-0.32999405729115416,-0.027523788647951308,True
american football,Pakistan,-1.8821294939230169,-0.1463359583634529,True
american football,Bangladesh,-2.4832380510136955,-0.09839285330687936,True
american football,Japan,-0.8842890942727488,-0.23273276439049656,True
american football,Philippines,0.4061511546786093,0.05486013768010524,True
american football,Vietnam,-1.2963949197955285,-0.05497907063115465,True
american football,Iran,-0.6251176437707456,-0.11896877999993218,True
american football,Turkey,-0.31908393218398245,-0.2947797860034941,True
american football,Russia,-1.4206147738117438,-0.2926888965901336,True
american football,Germany,-0.09466600088452384,-0.3634362703862392,True
american football,France,-0.2673105846577896,-0.4574566312398525,True
american football,Italy,0.42389498764054356,-0.373547175373943,False
american football,Spain,0.5351384989770238,-0.33291275407484716,False
american football,Ukraine,0.09238448710138034,-0.23838761520726412,False
american football,Poland,-0.3206512127394862,-0.36624850607626575,True
american football,Romania,-0.9375051070659908,-0.3135748755203324,True
american football,Netherlands,0.5476862859785405,-0.3027151698454576,False
american football,Austria,-0.07205015354687377,-0.42030137647578475,True
american football,Mexico,1.2931847391829772,-0.03676995464834155,False
american football,Canada,1.2729542695169134,0.09313725983452506,True
american football,Guatemala,1.4255147895195248,-0.09759536618654914,False
american football,Haiti,1.6765856773102505,0.04762672447684488,True
american football,Cuba,2.415562229959428,-0.012487943410434306,False
american football,Honduras,1.7209037104028142,0.10439833310242393,True
american football,Nicaragua,1.2030849116710343,0.16924670623141672,True
american football,Brazil,2.616337095673748,-0.05699015013238186,False
american football,Colombia,1.9747941908754525,-0.01141175280823221,False
american football,Argentina,2.964042312208049,-0.13848882385012973,False
american football,Peru,1.7076458503478058,-0.0980762685649742,False
american football,Venezuela,2.911381006058038,0.015144765449618078,True
american football,Chile,1.525597590239709,-0.16564611686555192,False
american football,Ecuador,1.8046623503389794,0.022136497784671427,True
american football,Bolivia,1.9864832060910829,-0.07375613624043738,False
american football,Paraguay,2.009410959405175,-0.06977471332372197,False
american football,Uruguay,3.148009385971713,-0.07394984871796721,False
american football,Australia,0.5941960756798033,0.04606758078125141,True
american football,Fiji,-1.296926613004867,-0.012900263668657859,True
american football,Samoa,0.684561150278538,0.08131674719003953,True
american football,Tonga,-1.087036157934704,0.03727879823316581,False
rugby,Nigeria,0.06298179010727595,-0.020925810908467967,False
rugby,Ethiopia,-0.5137339764416962,-0.36437928094223315,True
rugby,Egypt,-1.1160094719655569,-0.35596593812687055,True
rugby,Congo,-0.017001925018606815,-0.16744378349508818,True
rugby,Tanzania,0.15003227474847877,-0.12935648994546217,False
rugby,Kenya,1.2216709991842625,0.06785084341162875,True
rugby,Uganda,0.33971789509993355,-0.0342063029288677,False
rugby,Sudan,-0.8327986775313829,-0.09144078299378273,True
rugby,Algeria,-0.6196123606251217,-0.3523778544311091,True
rugby,China,-1.5309810905879557,-0.2581789855698261,True
rugby,India,-1.12518835346837,-0.14715349440282796,True
rugby,Indonesia,-1.1582563115716946,-0.16816285752818683,True
rugby,Pakistan,-0.3393710565258588,-0.109295174330854,True
rugby,Bangladesh,-0.19422278326428125,-0.013097541036911398,True
rugby,Japan,-1.1520024842048295,-0.35714000296073195,True
rugby,Philippines,-0.9419841846905971,-0.22734178655459214,True
rugby,Vietnam,-1.420549137014987,-0.0927528891605616,True
rugby,Iran,-1.3684535211442403,-0.2760317776577934,True
rugby,Turkey,-0.8893361469873153,-0.4105470452626661,True
rugby,Russia,-1.213140029724026,-0.3706736924704343,True
rugby,Germany,-0.44276777274407353,-0.4411700664989213,True
rugby,France,-0.14613257708420804,-0.4500062149996508,True
rugby,Italy,-0.37794731697808276,-0.4790782057801078,True
rugby,Spain,-0.11896068495764177,-0.5098272985323451,True
rugby,Ukraine,-0.47305997430047647,-0.33898651746880837,True
rugby,Poland,-0.27888117413204067,-0.4539941403446435,True
rugby,Romania,0.1318028883314745,-0.39171209358641895,False
rugby,Netherlands,0.030720803354387666,-0.3715878908584885,False
rugby,Austria,-0.6109671774319058,-0.49008472268232367,True
rugby,Mexico,-1.4210558414325944,-0.435709492020666,True
rugby,Canada,0.1379120702606315,0.08014312909746396,True
rugby,Guatemala,-0.9006417922010136,-0.48139531141166425,True
rugby,Haiti,-0.8968322414914798,-0.2061498193389482,True
rugby,Cuba,-1.1419691847064193,-0.39167199346549897,True
rugby,Honduras,0.279595417525771,-0.21628494281863206,False
rugby,Nicaragua,-0.5024447233268743,-0.21752625299238068,True
rugby,Brazil,-0.49360587447878573,-0.3850670048927033,True
rugby,Colombia,-0.7429007773795062,-0.3514034526071751,True
rugby,Argentina,0.7204361497061205,-0.4226134394775481,False
rugby,Peru,-0.9699602219002433,-0.41172650029589525,True
rugby,Venezuela,-1.166457276607322,-0.4037932896534227,True
rugby,Chile,0.2123341180947139,-0.4080757740183115,False
rugby,Ecuador,-0.6984698306445114,-0.34742780504970794,True
rugby,Bolivia,-0.8072166167959935,-0.42571681330538697,True
rugby,Paraguay,0.12891911688276242,-0.3602798283192568,False
rugby,Uruguay,0.8005009727431908,-0.3499906704027873,False
rugby,Australia,1.2402406402275785,0.3554397331197456,True
rugby,Fiji,1.3712704651505039,0.20950052862499138,True
rugby,Samoa,2.4886653482659207,0.12113509659301533,True
rugby,Tonga,2.0600361557324147,0.052122952223498956,True
golf,Nigeria,-0.3309077435645797,0.17821578117445522,False
golf,Ethiopia,-0.6252096942754298,-0.22448025082164172,True
golf,Egypt,-0.9877496890120829,-0.3168689190548859,True
golf,Congo,-0.9827962585806849,0.03831377242967815,False
golf,Tanzania,-0.3549926598899998,-0.0996095864641835,True
golf,Kenya,0.5844623361729399,0.15522439823421574,True
golf,Uganda,-0.30839555143288977,0.09147080239251512,False
golf,Sudan,-1.1037654820771887,0.005230520495232944,False
golf,Algeria,-1.14183659717014,-0.2710719591720042,True
golf,China,-0.6683011690512057,0.014197231178177203,False
golf,India,-1.0192070780423055,0.057202691079319266,False
golf,Indonesia,-1.0498185226859158,0.038563398513354566,False
golf,Pakistan,-1.0219008752087606,0.052271044494019765,False
golf,Bangladesh,-1.0174900402676508,0.11892561313364543,False
golf,Japan,-0.45673586740539274,-0.01351537727321381,True
golf,Philippines,-0.49681091345038364,-0.05432633547738726,True
golf,Vietnam,-0.6525184670639887,0.24505533578195854,False
golf,Iran,-1.2022656316028275,-0.05413730671397627,True
golf,Turkey,-0.8345731304745225,-0.2406266891217322,True
golf,Russia,-0.91638587853137,-0.14360002852660533,True
golf,Germany,-0.1429232043629706,-0.3090830896989972,True
golf,France,-0.21849139350660188,-0.38739578609471714,True
golf,Italy,0.07930242207942625,-0.45013657652983735,False
golf,Spain,0.1320578730647588,-0.48428235814231896,False
golf,Ukraine,-0.7031229449853241,-0.14202950456225547,True
golf,Poland,-0.2470368314774907,-0.18988354614289638,True
golf,Romania,-0.4180187340094237,-0.38962030316832447,True
golf,Netherlands,-0.266442994704339,-0.3540019706896332,True
golf,Austria,0.10571730366932111,-0.37134366935240337,False
golf,Mexico,0.17933563416503995,-0.2042554559929703,False
golf,Canada,0.9836471923694287,0.41225420748976355,True
golf,Guatemala,0.09916057435979445,-0.21977329232714196,False
golf,Haiti,0.16663838872948222,0.09947764508066838,True
golf,Cuba,0.33430364130524093,-0.0405513550495366,False
golf,Honduras,0.9500123603254151,0.010265165773647325,True
golf,Nicaragua,0.6648616795572666,0.01230454345101495,True
golf,Brazil,0.13667110656850512,-0.27053135238899234,False
golf,Colombia,0.05440621917375387,-0.1965200932607172,False
golf,Argentina,0.5383696595314671,-0.31130079586149273,False
golf,Peru,-0.0036388408156652254,-0.23543262535951962,True
golf,Venezuela,0.4456265310109088,-0.2522037518278416,False
golf,Chile,0.4991260575123199,-0.3740707014351585,False
golf,Ecuador,0.2655955196483479,-0.2639653081326448,False
golf,Bolivia,-0.08900779853675286,-0.2881057428701182,True
golf,Paraguay,0.17860837403792848,-0.17683706214413256,False
golf,Uruguay,0.47088282139993554,-0.2793793470492207,False
golf,Australia,0.9124295050679905,0.4253866178903391,True
golf,Fiji,0.41001459447315375,0.36361794347505205,True
golf,Samoa,0.4494095633306158,0.2783152285009474,True
golf,Tonga,-0.12043734094956465,0.1349581483685923,False
athletics,Nigeria,0.609508230232231,0.004977884925514064,True
athletics,Ethiopia,0.5035980171549915,-0.31327450572796417,False
athletics,Egypt,-0.2950653082986279,-0.3446701146672169,True
athletics,Congo,0.3331032664900558,-0.152560121529056,False
athletics,Tanzania,0.871058007512377,-0.20099956523933804,False
athletics,Kenya,1.272079152498385,-0.07511530096592493,False
athletics,Uganda,0.7554769151161728,-0.04116479541738732,False
athletics,Sudan,-0.03624072746848665,-0.06870581723467452,True
athletics,Algeria,0.16789150842383632,-0.37073824921596654,False
athletics,China,-0.37301541337305955,-0.20702231264720802,True
athletics,India,-0.3436153415534087,-0.1657703747618319,True
athletics,Indonesia,0.12262400790841754,-0.120859390067286,False
athletics,Pakistan,0.023208935729086257,-0.11823465474253282,False
athletics,Bangladesh,0.06959891448058624,-0.05061610116319599,False
athletics,Japan,-0.06787416880301604,-0.2648705183629489,True
athletics,Philippines,0.9137041031852619,-0.0742887319261857,False
athletics,Vietnam,-0.1733322712485677,-0.054692734933684574,True
athletics,Iran,-0.05505619120679855,-0.2160713832346633,True
athletics,Turkey,0.13273029742248904,-0.35022816426140885,False
athletics,Russia,-0.19429390889672865,-0.32816614256857446,True
athletics,Germany,0.19146838851004203,-0.3770627142414194,False
athletics,France,0.05594700841838733,-0.5563476793466399,False
athletics,Italy,0.01450519191358791,-0.5183074909861836,False
athletics,Spain,0.22475854540117565,-0.5279175658813791,False
athletics,Ukraine,0.6741882698358537,-0.263482859806427,False
athletics,Poland,0.39532878287418205,-0.3798018696318192,False
athletics,Romania,0.45133257985539454,-0.38639076340026013,False
athletics,Netherlands,0.6152185132912757,-0.3526487332684924,False
athletics,Austria,0.46863498408757365,-0.45837282264650586,False
athletics,Mexico,0.05191089270981578,-0.26093196915775446,False
athletics,Canada,0.34583794534639856,0.11919696361004009,True
athletics,Guatemala,0.45940668805996415,-0.3017312304114073,False
athletics,Haiti,0.20486273379747733,-0.10858649162405756,False
athletics,Cuba,0.4528241217318086,-0.230377724097637,False
athletics,Honduras,1.0818799101448449,-0.08081961750470884,False
athletics,Nicaragua,0.5290473517307387,-0.022165016278273404,False
athletics,Brazil,0.4668781077489841,-0.2828957978107589,False
athletics,Colombia,0.5392265859983871,-0.21746511197892265,False
athletics,Argentina,0.5566219375925406,-0.3603219002987104,False
athletics,Peru,0.44769369355077193,-0.29385964739100323,False
athletics,Venezuela,0.5922316250841727,-0.2229049343164851,False
athletics,Chile,0.4873917777246055,-0.35120547273622255,False
athletics,Ecuador,0.5052192431653356,-0.18816697917312283,False
athletics,Bolivia,0.38819166402241756,-0.26978979921328833,False
athletics,Paraguay,0.7139649689221547,-0.24363964717137482,False
athletics,Uruguay,0.6312608675229971,-0.2812798611428555,False
athletics,Australia,0.43932534578749105,0.19754336636465375,True
athletics,Fiji,0.41182364734488286,0.09042770327607282,True
athletics,Samoa,0.9096626593313901,0.09861638230108262,True
athletics,Tonga,0.9376687419680545,0.04804626863520288,True
badminton,Nigeria,0.22396498307094567,0.21134812462312652,True
badminton,Ethiopia,-0.9040576186342133,0.043904001505225665,False
badminton,Egypt,-0.822092926600889,0.03183327399615588,False
badminton,Congo,-0.22649993282774109,0.12298528548232746,False
badminton,Tanzania,0.6282219348444894,0.27176338749213785,True
badminton,Kenya,1.1958602718812597,0.3450290345046498,True
badminton,Uganda,0.4050573910426632,0.23442067681964432,True
badminton,Sudan,-0.6474980983486329,0.1292908239223413,False
badminton,Algeria,-0.7761171652122643,0.05483925793576117,False
badminton,China,-0.32468830391999276,0.1506987107878993,False
badminton,India,1.005659416279767,0.24953597191836935,True
badminton,Indonesia,0.7883611166766219,0.21461951312909236,True
badminton,Pakistan,1.443615443764457,0.2999507757800942,True
badminton,Bangladesh,2.1142026562727216,0.35597963938300403,True
badminton,Japan,-0.23080608718553197,0.1150734321448113,False
badminton,Philippines,1.6602568534966708,0.1580992350596049,True
badminton,Vietnam,-0.04163124962362757,0.1587778026199591,False
badminton,Iran,-0.33818958145586875,0.17258259157861608,False
badminton,Turkey,-0.08992029057753181,0.12182486188175154,False
badminton,Russia,-1.035147179255273,0.13789764441672844,False
badminton,Germany,-0.17813033447594828,-0.022004007129152982,True
badminton,France,-0.5452088865840673,0.049704858701918445,False
badminton,Italy,-0.7848632625663262,0.029705073143636712,False
badminton,Spain,-0.2796329601658419,0.040511674097488064,False
badminton,Ukraine,-0.008298814526337312,0.15421090836365342,False
badminton,Poland,-0.7536462049651068,0.03381256973831748,False
badminton,Romania,-0.590986382876888,0.11696627280533076,False
badminton,Netherlands,1.0827533604443915,0.06951549247374116,True
badminton,Austria,-0.05147011495964574,0.03367902654903781,False
badminton,Mexico,-1.3290309060790875,-0.056142976824279135,True
badminton,Canada,-0.2055114068045263,0.1374611570123963,False
badminton,Guatemala,-0.6119557585729827,-0.023155011678075575,True
badminton,Haiti,-1.693637773937497,0.036247353948581584,False
badminton,Cuba,-0.7193687618561454,0.006153202302432452,False
badminton,Honduras,-0.2850168523603215,0.055852188123092526,False
badminton,Nicaragua,-0.667811764404977,-0.008925941166864595,True
badminton,Brazil,-0.2482400782577461,0.03326754914717864,False
badminton,Colombia,-0.4070600543418845,0.057396781716605796,False
badminton,Argentina,-0.05663804638936548,0.05928744678492727,False
badminton,Peru,-0.33945481367200353,0.03119672574993714,False
badminton,Venezuela,-0.17099824754593618,0.008013909665480795,False
badminton,Chile,-0.14306992596426926,0.0754995679452872,False
badminton,Ecuador,-0.39762030855719754,0.02046417415683058,False
badminton,Bolivia,-0.7141414480834949,-0.007889077408046338,True
badminton,Paraguay,-0.17776600445151852,0.06311072729972902,False
badminton,Uruguay,-0.20831984054124122,0.05504379823255948,False
badminton,Australia,0.4894510067394533,0.3344622772251168,True
badminton,Fiji,0.7784175340018434,0.31824628704748775,True
badminton,Samoa,0.7949455569604699,0.23778426939471317,True
badminton,Tonga,0.5959625545154852,0.18338945530384324,True
boxing,Nigeria,0.5677579980651575,0.22372527146255936,True
boxing,Ethiopia,0.20291595915224897,-0.022247900196760942,False
boxing,Egypt,-0.15356835072324548,-0.13352280545390766,True
boxing,Congo,0.7398559216264424,0.20540311440751954,True
boxing,Tanzania,0.40600601343674964,0.0556644484632703,True
boxing,Kenya,0.8229943774364329,0.08057858889757154,True
boxing,Uganda,0.3953720442613807,0.11343736517057888,True
boxing,Sudan,-0.18492687702317162,0.1119668365189789,False
boxing,Algeria,0.51797960035621,0.01552475408228301,True
boxing,China,0.12584290847759053,-0.012993204836540448,False
boxing,India,-0.08877226648252931,0.044578056560470744,False
boxing,Indonesia,0.059488103201822344,0.17827306045620767,True
boxing,Pakistan,0.15784132712715396,0.09722574537271186,True
boxing,Bangladesh,0.20305878997718368,0.12420698632437877,True
boxing,Japan,0.33429954413623764,-0.06054015843910628,False
boxing,Philippines,0.5641595962928563,0.09629033298235178,True
boxing,Vietnam,0.1780137887069868,0.14677367812708203,True
boxing,Iran,0.7231140846434417,0.036946975461698735,True
boxing,Turkey,0.2585362947006042,-0.028191727108502495,False
boxing,Russia,0.5172891943720641,-0.05605492781120325,False
boxing,Germany,0.14100630121568825,-0.027214552566708537,False
boxing,France,0.020392365700079434,-0.27530955032828314,False
boxing,Italy,0.0861370524051533,-0.26894788096527705,False
boxing,Spain,0.22484620974147185,-0.21053532151199458,False
boxing,Ukraine,0.6264974442272164,-0.03752863080034044,False
boxing,Poland,0.37839713630217453,-0.0723143424879481,False
boxing,Romania,0.42019256448679915,-0.21174182160428723,False
boxing,Netherlands,0.3315021869613605,-0.01594737810670432,False
boxing,Austria,-0.06675496363259802,-0.12431218214778358,True
boxing,Mexico,0.09475692057252921,-0.045118394640047944,False
boxing,Canada,0.21148420593255482,0.09167097666038165,True
boxing,Guatemala,-0.21239819096228874,-0.03847390469120472,True
boxing,Haiti,-0.24000459192870507,0.1039451218467527,False
boxing,Cuba,0.9204140578513086,0.08258763204240284,True
boxing,Honduras,0.5290393948296337,0.11990600349783044,True
boxing,Nicaragua,0.6730377192739101,0.14335517182373084,True
boxing,Brazil,0.4132370844195283,-0.025716730472553344,False
boxing,Colombia,0.28668473579049414,0.023556977350725275,True
boxing,Argentina,0.7485795289192682,-0.024835589427497643,False
boxing,Peru,0.14700215727922242,-0.0816831189661224,False
boxing,Venezuela,0.6973164185282761,0.005002107430938449,True
boxing,Chile,0.2722702076248083,-0.06459931291954786,False
boxing,Ecuador,0.243754949433648,-0.023030960462958668,False
boxing,Bolivia,0.05799359991901307,-0.0006091402076264992,False
boxing,Paraguay,0.7170611399291337,0.04562153455401012,True
boxing,Uruguay,0.5410925542183525,0.04009372865592213,True
boxing,Australia,0.6387177372181922,0.13959067070325526,True
boxing,Fiji,0.14461522988577646,0.20899332924629851,True
boxing,Samoa,0.4391807259007848,0.25716522721047164,True
boxing,Tonga,0.8186812824263999,0.2780421746236341,True
Formula One,Nigeria,-0.07928503120066989,0.021955705973243842,False
Formula One,Ethiopia,-0.8768209091858349,-0.19961374448321997,True
Formula One,Egypt,-0.384965985331003,-0.22771615440669737,True
Formula One,Congo,-0.9330533840708843,-0.0008104940315829674,True
Formula One,Tanzania,-0.40040786906542564,-0.04202415999062261,True
Formula One,Kenya,0.4776450067848757,0.00539254328500169,True
Formula One,Uganda,-0.6226663199450924,-0.03860792537192116,True
Formula One,Sudan,-0.719535388575306,-0.04088186698034663,True
Formula One,Algeria,0.3399448598591082,-0.07759448131595986,False
Formula One,China,-0.5298767146374621,-0.15409289880064145,True
Formula One,India,-1.11446929182573,-0.12594262297146672,True
Formula One,Indonesia,-1.02552373217593,-0.05859376126484607,True
Formula One,Pakistan,-0.7546118886039881,-0.08050749609885963,True
Formula One,Bangladesh,-1.573567195448674,-0.019498315201009177,True
Formula One,Japan,0.6137162870692036,-0.2230701879048658,False
Formula One,Philippines,-0.9654517097104107,-0.04040619460027683,True
Formula One,Vietnam,-1.214617410766162,-0.10345829514443965,True
Formula One,Iran,-0.5148241834699666,-0.1394322786435354,True
Formula One,Turkey,0.38189200503309767,-0.2212388158848107,False
Formula One,Russia,-0.3847219401204297,-0.21457744452376679,True
Formula One,Germany,1.099678805238486,-0.1987969188479761,False
Formula One,France,1.009812592430481,-0.15576645453325266,False
Formula One,Italy,1.8362777324103405,-0.10362774590717196,False
Formula One,Spain,1.6930122740011933,-0.10416396668298206,False
Formula One,Ukraine,-0.3020823651002857,-0.2008349847368073,True
Formula One,Poland,0.4156162257306427,-0.2690403889202586,False
Formula One,Romania,0.7137355313256474,-0.13919470309291215,False
Formula One,Netherlands,0.22191187905513637,-0.15164262689640165,False
Formula One,Austria,0.8158714054501641,-0.20513569037711285,False
Formula One,Mexico,0.04525730520692594,-0.139973925598609,False
Formula One,Canada,0.02094933216034715,-0.04360583146268914,False
Formula One,Guatemala,-1.6493292749536206,-0.1926153373639048,True
Formula One,Haiti,-2.1567823751135413,-0.07887844426070412,True
Formula One,Cuba,-1.2408899230119386,-0.14006183842104827,True
Formula One,Honduras,-0.7444858439273465,-0.024048171667045096,True
Formula One,Nicaragua,-1.0821884366663588,-0.023397969198209658,True
Formula One,Brazil,1.7087867018887883,-0.05152782692740844,False
Formula One,Colombia,-0.03676009646143035,-0.04028839685311944,True
Formula One,Argentina,1.4789142459974403,-0.05520329889683535,False
Formula One,Peru,-0.5675042145057814,-0.10752686114103673,True
Formula One,Venezuela,-0.21576172837312851,-0.09035264071458372,True
Formula One,Chile,0.8502680336616585,-0.03782236255967125,False
Formula One,Ecuador,0.16780985425430822,-0.023663686903831187,False
Formula One,Bolivia,-0.30087737686624877,-0.09541513198929913,True
Formula One,Paraguay,-0.17505851815453186,-0.06753162802549147,True
Formula One,Uruguay,0.8175789429759638,-0.009643792953470077,False
Formula One,Australia,1.1428133394592361,0.13891052989837255,True
Formula One,Fiji,-0.5683859239651575,0.1234452830710962,False
Formula One,Samoa,0.9696495892148725,0.15574450498270673,True
Formula One,Tonga,0.016954437128650784,0.12055410069962808,True
MotoGP,Nigeria,-0.11814687849906294,-0.07962948969940271,True
MotoGP,Ethiopia,-0.7887555053193712,-0.2504014362172791,True
MotoGP,Egypt,-0.8629678888837073,-0.29471390189262475,True
MotoGP,Congo,-0.5114487447695186,-0.11337381092902381,True
MotoGP,Tanzania,0.2582921899707417,-0.14939347552744073,False
MotoGP,Kenya,0.7526774734558955,-0.18086630681929156,False
MotoGP,Uganda,-0.4808067832480092,-0.16119627960619762,True
MotoGP,Sudan,-0.9422340838950248,-0.11950741334260219,True
MotoGP,Algeria,0.07846036445104883,-0.1754224269219887,False
MotoGP,China,-0.18034785086418334,-0.2657543820112464,True
MotoGP,India,-0.8814944796804688,-0.2526869704929119,True
MotoGP,Indonesia,-0.6478337972369002,-0.12651619782084111,True
MotoGP,Pakistan,-0.342150139377032,-0.17959469047302257,True
MotoGP,Bangladesh,-0.9497449368907116,-0.13091954376504236,True
MotoGP,Japan,1.3254353132537826,-0.30561345880914514,False
MotoGP,Philippines,0.3571833007776024,0.029695761032455855,True
MotoGP,Vietnam,-0.7797610476805196,-0.20775122615992422,True
MotoGP,Iran,-0.7880157437330915,-0.23946959030480947,True
MotoGP,Turkey,0.2481820945930767,-0.31226023932625585,False
MotoGP,Russia,-0.30739606463146735,-0.3654761176071295,True
MotoGP,Germany,1.6293033188748385,-0.2670266854930703,False
MotoGP,France,0.7609842497081203,-0.3194975990011368,False
MotoGP,Italy,1.6712666367677094,-0.1960505948799509,False
MotoGP,Spain,1.867268413849686,-0.12141766452099957,False
MotoGP,Ukraine,0.2064867791220459,-0.3278872130963415,False
MotoGP,Poland,1.0923384248644776,-0.40829341313657247,False
MotoGP,Romania,0.7044807593146367,-0.23032344322868933,False
MotoGP,Netherlands,1.2463201963123076,-0.17610498242728181,False
MotoGP,Austria,1.8211527950812791,-0.29533078352045655,False
MotoGP,Mexico,0.7120956668792362,-0.05977485392934236,False
MotoGP,Canada,0.2317935301658349,-0.19899509225994652,False
MotoGP,Guatemala,-0.7812451618789185,-0.14557578036587263,True
MotoGP,Haiti,-2.438747392440513,-0.16940792621848072,True
MotoGP,Cuba,-1.1579665033286537,-0.1644289920470852,True
MotoGP,Honduras,-0.8681681561598737,-0.026002721181951797,True
MotoGP,Nicaragua,-0.9675632859823692,0.02978629432607773,False
MotoGP,Brazil,1.35792096505091,-0.04669298285359117,False
MotoGP,Colombia,0.41495831642829634,-0.004536435467204595,False
MotoGP,Argentina,1.8204969554031356,-0.059916940056002406,False
MotoGP,Peru,-0.2756431765036839,-0.09818350106930024,True
MotoGP,Venezuela,0.39090029111011965,-0.008025093107110394,False
MotoGP,Chile,1.021245066455997,0.01146136000237946,True
MotoGP,Ecuador,0.4804146703911836,0.054636833228017496,True
MotoGP,Bolivia,0.09031213967299973,-0.013105792457422126,False
MotoGP,Paraguay,0.4307862039513941,-0.07870444166807018,False
MotoGP,Uruguay,1.565900975323159,0.023515299997180866,True
MotoGP,Australia,1.0999366678375544,-0.056031784782700766,False
MotoGP,Fiji,-1.0102511832399719,-0.07047421131621072,True
MotoGP,Samoa,0.9638071519921725,0.022756457939782815,True
MotoGP,Tonga,0.8000540367977164,0.056937424126867635,True
cycling,Nigeria,-0.09567635044421285,-0.01515676501235983,True
cycling,Ethiopia,0.3086404335923967,-0.23997387752746685,False
cycling,Egypt,-0.5833445035166026,-0.31927270730541035,True
cycling,Congo,0.2395979238180236,-0.03168014995812168,False
cycling,Tanzania,0.6237694310056622,-0.06586487317109964,False
cycling,Kenya,1.254596261193488,0.015839346950689042,True
cycling,Uganda,0.18363392982600366,-0.03043114318519473,False
cycling,Sudan,-0.3885895593667758,-0.08765177249506803,True
cycling,Algeria,0.4784898027719085,-0.20189069147537989,False
cycling,China,-0.392870793628468,-0.13694651526482557,True
cycling,India,-0.819530506246173,-0.13885434132053012,True
cycling,Indonesia,-0.5959234917620818,-0.10272278841778101,True
cycling,Pakistan,-0.6861181367886795,-0.11463437261796681,True
cycling,Bangladesh,-0.55652244287721,-0.025410819036974522,True
cycling,Japan,-0.36927011104962154,-0.19853023462485433,True
cycling,Philippines,-0.30688728531246456,-0.07284538621322656,True
cycling,Vietnam,-0.5778038508618295,-0.09416265006947602,True
cycling,Iran,-0.5971611044314089,-0.176062730602025,True
cycling,Turkey,0.11654362022557153,-0.2348510559430362,False
cycling,Russia,-0.13547358947434285,-0.2173525701771265,True
cycling,Germany,0.4173099722736408,-0.19719423396257385,False
cycling,France,0.29982086759274595,-0.25646656454477146,False
cycling,Italy,0.40702721293017885,-0.2737308901279928,False
cycling,Spain,0.7929073081176161,-0.24836064972732233,False
cycling,Ukraine,0.8140936216306219,-0.1781669610957494,False
cycling,Poland,0.7884646454790462,-0.24669973206689128,False
cycling,Romania,0.6300096619650608,-0.21192103220857342,False
cycling,Netherlands,0.8683133206591922,-0.14039256750978374,False
cycling,Austria,1.0115270306746798,-0.23420550211497268,False
cycling,Mexico,0.035687774657236035,-0.23426235383058377,False
cycling,Canada,0.1287289636466348,0.02893830739818353,True
cycling,Guatemala,0.1631702045087454,-0.23993872177868575,False
cycling,Haiti,-0.5449973735157367,-0.10937275134122107,True
cycling,Cuba,-0.01332208477721984,-0.2051123635162626,True
cycling,Honduras,0.37485511643403097,-0.08190370135620233,False
cycling,Nicaragua,0.001963639643968191,-0.0526075632284358,False
cycling,Brazil,0.33710214046582876,-0.15497902153108029,False
cycling,Colombia,0.5839248116321339,-0.11930414818251675,False
cycling,Argentina,0.9791522272791057,-0.17887735133343138,False
cycling,Peru,0.17049829817043868,-0.2023483107519376,False
cycling,Venezuela,0.4129878867349274,-0.16874411654891927,False
cycling,Chile,0.8579713193797315,-0.1345997853011328,False
cycling,Ecuador,0.5721856266897466,-0.09518525155224387,False
cycling,Bolivia,0.25227372826149064,-0.1735739033908802,False
cycling,Paraguay,0.5072441889518716,-0.13099115027500305,False
cycling,Uruguay,0.9261913403154453,-0.11426886849033537,False
cycling,Australia,0.6716720767149262,0.17064431491439888,True
cycling,Fiji,-0.21829236990630213,0.10195798175472819,False
cycling,Samoa,0.2178587715387502,0.1282864855775694,True
cycling,Tonga,0.16710912082692558,0.09974704763123356,True
swimming,Nigeria,-0.21578176521332149,-0.14094253384622737,True
swimming,Ethiopia,-0.2769959987757724,-0.34399239829651446,True
swimming,Egypt,0.08497098256883236,-0.2807900842315228,False
swimming,Congo,0.26825768505393294,-0.24321321602503873,False
swimming,Tanzania,0.5747742210917608,-0.16259087689996432,False
swimming,Kenya,0.7551537316245829,-0.10551888362661697,False
swimming,Uganda,-0.03001013078174512,-0.14138894657058698,True
swimming,Sudan,-0.2030527276910486,-0.1718167509754755,True
swimming,Algeria,0.11666250958307706,-0.32947586493115655,False
swimming,China,0.010637375328599015,-0.21180947378486858,False
swimming,India,-0.5081160261300549,-0.2129822353011468,True
swimming,Indonesia,-0.036235918512574204,-0.16918389071056078,True
swimming,Pakistan,-0.42509807112235853,-0.16351826499916447,True
swimming,Bangladesh,-0.2916387029112082,-0.07784894934183781,True
swimming,Japan,0.4271381756958855,-0.2304449756372667,False
swimming,Philippines,0.4203368806813015,-0.014055569039850502,False
swimming,Vietnam,0.119039313186154,-0.14424048975077494,False
swimming,Iran,-0.2773437841832,-0.2549778119819737,True
swimming,Turkey,0.23113950375162737,-0.2834893839201812,False
swimming,Russia,-0.01140852714304591,-0.3395346427931598,True
swimming,Germany,0.23171583297533357,-0.3230789875030152,False
swimming,France,0.10482445975677368,-0.3444307929788648,False
swimming,Italy,0.4422478581049906,-0.3130409209414923,False
swimming,Spain,0.3965886723465972,-0.3019871479837033,False
swimming,Ukraine,-0.004185810275272583,-0.27524307664845343,True
swimming,Poland,0.14004953598764933,-0.3841996630396362,False
swimming,Romania,0.49220238865715077,-0.2256648217128264,False
swimming,Netherlands,0.4888307257660086,-0.20665086786333156,False
swimming,Austria,0.39390278468902784,-0.3269884720259802,False
swimming,Mexico,0.0493255968811973,-0.17249468077550978,False
swimming,Canada,-0.01322777098715714,0.004004131753164791,False
swimming,Guatemala,-0.02680494524682268,-0.24813645649516244,True
swimming,Haiti,-0.09116144164430237,-0.18151089242180368,True
swimming,Cuba,0.3770794746367925,-0.24400497923313835,False
swimming,Honduras,0.41608785013915056,-0.11553735064247508,False
swimming,Nicaragua,0.5867682666352299,-0.05567055885496519,False
swimming,Brazil,0.19632924356544587,-0.19606236905456967,False
swimming,Colombia,-0.14783622055130619,-0.18974744274570457,True
swimming,Argentina,0.21090088222841874,-0.24123719058551876,False
swimming,Peru,0.5498153088640015,-0.22625307236432105,False
swimming,Venezuela,0.5576927361414417,-0.13509347701697907,False
swimming,Chile,0.38790451409508125,-0.16803621196812915,False
swimming,Ecuador,0.37149331395322577,-0.08559760000313403,False
swimming,Bolivia,-0.15685790915135053,-0.21504255213853107,True
swimming,Paraguay,0.028089333785447205,-0.22633078807809237,False
swimming,Uruguay,0.18940395588885045,-0.197239705680137,False
swimming,Australia,0.3560566049052624,0.13625446435804134,True
swimming,Fiji,0.6059154366846359,-0.014557190597640327,False
swimming,Samoa,0.7327214842287466,0.0028576774899484233,True
swimming,Tonga,1.0549055177275335,-0.010232752677254197,False
snooker,Nigeria,-0.9788622287700726,0.21902792346793645,False
snooker,Ethiopia,-1.6182242158057043,-0.03563198891736458,True
snooker,Egypt,-1.240720711086243,-0.09555757455757974,True
snooker,Congo,-1.2679117310723538,0.1294847081712077,False
snooker,Tanzania,-1.2703843431031403,0.161453769471882,False
snooker,Kenya,0.21888428444576963,0.39208555245169574,True
snooker,Uganda,-0.9080472295938973,0.22100457799662615,False
snooker,Sudan,-1.5940315051451435,0.08545651056341973,False
snooker,Algeria,-1.9918272317491392,-0.07591927976487256,True
snooker,China,-1.5494612666572392,0.09981853197496049,False
snooker,India,-1.2498030784735967,0.19283543167578618,False
snooker,Indonesia,-1.9400526788123882,0.10500780218484769,False
snooker,Pakistan,-1.5666320862627756,0.1825985630181199,False
snooker,Bangladesh,-1.266773559581193,0.2326796236957275,False
snooker,Japan,-1.29269811857883,0.04366565875456319,False
snooker,Philippines,-2.800206031591409,-0.12791670460651944,True
snooker,Vietnam,-1.7135807114563293,0.26628105839776167,False
snooker,Iran,-1.851570728646926,0.01822663815124428,False
snooker,Turkey,-1.324172530953529,-0.060273720856529614,True
snooker,Russia,-1.3933155083571382,0.01701703539048261,False
snooker,Germany,-1.0525760967049564,-0.1261542644765047,True
snooker,France,-0.8326026741189405,-0.12631907365963463,True
snooker,Italy,-0.8086321737143216,-0.24311235167061257,True
snooker,Spain,-0.11547073176233373,-0.2922620162441135,True
snooker,Ukraine,-1.1882871825059422,-0.01686879674520603,True
snooker,Poland,-0.8817863932806747,-0.016747178569626098,True
snooker,Romania,-1.2333463678370296,-0.2194284444516793,True
snooker,Netherlands,-1.5081617839474128,-0.15131540059729112,True
snooker,Austria,-1.3748918336542746,-0.1536486423426429,True
snooker,Mexico,-1.7975403808480483,-0.29835029083141573,True
snooker,Canada,-0.8717143006259871,0.2935029677540104,False
snooker,Guatemala,-1.72698643660267,-0.24692751670784943,True
snooker,Haiti,-2.0930556986280524,0.04781912899265203,False
snooker,Cuba,-1.8012950502153537,-0.09881637818570388,True
snooker,Honduras,-0.3254657913595545,-0.06357871470121935,True
snooker,Nicaragua,-1.492896506221697,-0.153729571551266,True
snooker,Brazil,-1.4289937229972145,-0.25700772380470216,True
snooker,Colombia,-1.7898240918720125,-0.23140802903600982,True
snooker,Argentina,-0.6854159495280082,-0.23914091419478586,True
snooker,Peru,-1.7907863577150396,-0.2224115147961188,True
snooker,Venezuela,-1.974707421900227,-0.31230194862039606,True
snooker,Chile,-0.7687234595418819,-0.27447539027570045,True
snooker,Ecuador,-1.7277468555444635,-0.3136552604950386,True
snooker,Bolivia,-1.871099295317941,-0.2983576176261262,True
snooker,Paraguay,-1.249775847256699,-0.14653888287102643,True
snooker,Uruguay,-1.0021556741892492,-0.22072472522603725,True
snooker,Australia,0.8018111223866059,0.49723840070082864,True
snooker,Fiji,-0.15115495270158555,0.4897006215908764,False
snooker,Samoa,0.7187619209330914,0.32142277716422113,True
snooker,Tonga,0.07858934919629045,0.22177061162184883,True
shooting,Nigeria,0.2659656121240517,-0.05703549667233159,False
shooting,Ethiopia,-0.26043452773660597,-0.3397635215048273,True
shooting,Egypt,-0.2785081662848639,-0.3667939621832886,True
shooting,Congo,0.136814473980838,-0.17180544429688474,False
shooting,Tanzania,0.36060665805769904,-0.20570973896232833,False
shooting,Kenya,1.0398713150858727,-0.1092244272559967,False
shooting,Uganda,-0.0004129061000759763,-0.13152587404747804,True
shooting,Sudan,0.20637109190069527,-0.1170122147411013,False
shooting,Algeria,0.7050598107894753,-0.3153172063471677,False
shooting,China,-0.12777528704986055,-0.23251178013086826,True
shooting,India,0.030172858073413703,-0.17536100828231932,False
shooting,Indonesia,0.0009529290595581906,-0.09036608404627196,False
shooting,Pakistan,0.3499036005195129,-0.105254436950547,False
shooting,Bangladesh,-0.1406238027850349,-0.07370319076229567,True
shooting,Japan,-0.24585331233488636,-0.26877559644443727,True
shooting,Philippines,0.31442798973769476,-0.048592982784938274,False
shooting,Vietnam,0.6586222316659108,-0.045633399524112495,False
shooting,Iran,0.48596975284826877,-0.21910085555535744,False
shooting,Turkey,0.7930811137604483,-0.31645726261722074,False
shooting,Russia,0.2121817666706062,-0.3547561891368614,False
shooting,Germany,-0.031089569129529596,-0.3329292466861757,True
shooting,France,-0.16054898630923947,-0.4642787048986597,True
shooting,Italy,-0.0880493073636556,-0.4561024464148766,True
shooting,Spain,0.3106366724336731,-0.40933356611260774,False
shooting,Ukraine,0.3278081355683917,-0.3235542290333702,False
shooting,Poland,0.10525722239845443,-0.4122680044788352,False
shooting,Romania,0.09970929317179544,-0.4014877977166441,False
shooting,Netherlands,0.06173995531324542,-0.2580365797832316,False
shooting,Austria,0.3392253424580562,-0.4003957463962419,False
shooting,Mexico,0.32025522851536603,-0.17840889957132858,False
shooting,Canada,0.24078474347726073,0.025489137490701506,True
shooting,Guatemala,0.03864547662981676,-0.2580970085218408,False
shooting,Haiti,-0.7314942920269442,-0.15159782100834723,True
shooting,Cuba,0.2340977035374128,-0.2153083660493128,False
shooting,Honduras,0.117323944463139,-0.10059601225384787,False
shooting,Nicaragua,0.25938092028230725,-0.044699313374909934,False
shooting,Brazil,0.1650333329151856,-0.23697238040380908,False
shooting,Colombia,0.03465802499007477,-0.2010745333159218,False
shooting,Argentina,0.5480895607487025,-0.27678057553446606,False
shooting,Peru,0.42088230190385406,-0.260245220273795,False
shooting,Venezuela,0.5173334872354253,-0.16239509062109017,False
shooting,Chile,0.3090141213479552,-0.2500629351446785,False
shooting,Ecuador,0.11181112723715068,-0.16657560982516598,False
shooting,Bolivia,0.5299779330263386,-0.20542143747805597,False
shooting,Paraguay,0.17651344274997283,-0.24036110253561363,False
shooting,Uruguay,0.5387728846715694,-0.21054745293173796,False
shooting,Australia,0.361534359902516,0.12256840273440985,True
shooting,Fiji,0.028538349768004255,0.016271842175066626,True
shooting,Samoa,0.20310223250908954,0.013190602166376368,True
shooting,Tonga,0.33998675265552863,-0.00578559267297175,False
gymnastics,Nigeria,-0.3043594192440888,-0.18088237464936605,True
gymnastics,Ethiopia,0.22560883151933503,-0.15756639992243798,False
gymnastics,Egypt,-0.1848391935959699,-0.09800800931990511,True
gymnastics,Congo,0.3255474865601205,-0.1824594430616687,False
gymnastics,Tanzania,0.2579019053900135,-0.09498274161663772,False
gymnastics,Kenya,0.6014479117323459,-0.1068366469980728,False
gymnastics,Uganda,0.19859251560040037,-0.11202578080700681,False
gymnastics,Sudan,-0.7711843293298601,-0.20596645940608996,True
gymnastics,Algeria,0.034869159487719674,-0.1629350904404016,False
gymnastics,China,0.41922597557424335,-0.024889798062226867,False
gymnastics,India,-0.6172773801993658,-0.09595587899201091,True
gymnastics,Indonesia,-0.26134585297830687,-0.12900209807994675,True
gymnastics,Pakistan,-0.8229780825509485,-0.0921753711737621,True
gymnastics,Bangladesh,-0.7035339498773434,-0.024647355421938064,True
gymnastics,Japan,0.4445786987336112,0.03674862207802818,True
gymnastics,Philippines,0.7084118916974267,0.04360703586234805,True
gymnastics,Vietnam,-0.24181341372490722,-0.14837393277076147,True
gymnastics,Iran,0.05715054285017825,-0.06099084685503088,False
gymnastics,Turkey,0.5623239857486726,-0.021980320278859957,False
gymnastics,Russia,0.8765028808304215,-0.03713049170329785,False
gymnastics,Germany,0.7639587758218205,-0.03670520155054429,False
gymnastics,France,0.34543791725161827,0.022855918556915072,True
gymnastics,Italy,0.46737787582704676,0.033187280276255435,True
gymnastics,Spain,0.3995037456042654,0.0036365151714960174,True
gymnastics,Ukraine,1.481099337833263,0.020380577992850642,True
gymnastics,Poland,1.175751133264756,-0.04040866214126948,False
gymnastics,Romania,1.0260732777070132,0.10955456574433495,True
gymnastics,Netherlands,0.691670033486219,0.03452358539675682,True
gymnastics,Austria,1.043737142039858,0.012523972551370001,True
gymnastics,Mexico,0.3474667477993906,-0.010097797975151613,False
gymnastics,Canada,0.30271914815137646,-0.06659677783956364,False
gymnastics,Guatemala,0.49124709361429636,-0.06586665199238052,False
gymnastics,Haiti,0.11777964344792531,-0.12549109866691233,False
gymnastics,Cuba,0.9606191141688059,-0.09299976152877258,False
gymnastics,Honduras,0.5785085170473604,-0.15856580686634653,False
gymnastics,Nicaragua,0.3747214655093387,-0.1113291373819744,False
gymnastics,Brazil,0.5802018615435565,-0.03354690530212056,False
gymnastics,Colombia,0.39202773558962123,-0.05286417431861332,False
gymnastics,Argentina,0.8990688845743261,-0.044332203743309026,False
gymnastics,Peru,0.7558408477330985,-0.06323458893825482,False
gymnastics,Venezuela,0.8379223430236222,-0.017329806029679887,False
gymnastics,Chile,0.7570612862971114,0.0037481837578679034,True
gymnastics,Ecuador,0.7352956026021219,0.0054789621504451914,True
gymnastics,Bolivia,0.49202509730792,-0.05742685255757079,False
gymnastics,Paraguay,0.7210148093673514,-0.08044692575212148,False
gymnastics,Uruguay,0.679303966088813,-0.07167915177592786,False
gymnastics,Australia,0.19487832618039252,-0.027874620834754307,False
gymnastics,Fiji,-0.6546891047542067,-0.20779716104881385,True
gymnastics,Samoa,0.15549220037289802,-0.14750191949270267,False
gymnastics,Tonga,0.5086195564218162,-0.1848078424377462,False
handball,Nigeria,-0.7598315912247791,0.013376127033069635,False
handball,Ethiopia,-0.4450871458358234,0.042950789808928115,False
handball,Egypt,-0.5164967836594121,0.019702198954231122,False
handball,Congo,0.36754140472935076,0.11803481391797177,True
handball,Tanzania,-0.17317188499287342,0.04128698320086104,False
handball,Kenya,0.008371151048302971,-0.10974357812826604,False
handball,Uganda,-0.720635200596978,-0.003025446887901017,True
handball,Sudan,-0.3239180609660354,0.0657194906005407,False
handball,Algeria,1.212834726485742,0.22159299729142734,True
handball,China,-0.8573448494452339,0.02130056149671787,False
handball,India,-1.6561929816360286,-0.08919315787027379,True
handball,Indonesia,-0.39611664832305366,0.11407278764446628,False
handball,Pakistan,-0.5797911763129853,0.026700533325394404,False
handball,Bangladesh,-0.45893884860637024,0.06992337220364418,False
handball,Japan,-0.7011813456672245,-0.012539537081340413,True
handball,Philippines,-0.017894401280268278,0.1589542120101742,False
handball,Vietnam,-0.22565376283512242,-0.029881895811830067,True
handball,Iran,0.06804681573267538,0.15603235282115946,True
handball,Turkey,1.0412239945902464,0.21925279755693844,True
handball,Russia,0.2941737917252268,0.17967094041267798,True
handball,Germany,0.9059984683678243,0.2602186056145806,True
handball,France,0.25538232331921684,0.1291467482897587,True
handball,Italy,0.32268580862077506,0.2065049584804825,True
handball,Spain,0.985151316373168,0.27006610928291747,True
handball,Ukraine,1.4593774428627644,0.21560467825069135,True
handball,Poland,1.3154966905277765,0.18023385123883193,True
handball,Romania,1.434307704024429,0.27152490068094665,True
handball,Netherlands,1.1724003751385317,0.28446424614737637,True
handball,Austria,1.4838048734621958,0.30030649798983444,True
handball,Mexico,-0.3357987514770887,0.14081607212670835,False
handball,Canada,-0.6199079900591294,-0.1581761443781856,True
handball,Guatemala,0.13734093962371394,0.16253371333299801,True
handball,Haiti,-0.6082046892277052,0.06711067106467268,False
handball,Cuba,0.5699289241302006,0.1828005925489239,True
handball,Honduras,0.6657260224985208,0.14706296217504064,True
handball,Nicaragua,-0.03679965928941246,0.192606193832582,False
handball,Brazil,0.6666391346739523,0.24530057812689327,True
handball,Colombia,0.22654374712290137,0.244385924038574,True
handball,Argentina,1.3229579814499237,0.3173481626567456,True
handball,Peru,0.31974349676773606,0.2049925019868924,True
handball,Venezuela,0.76879264550339,0.27526508046239806,True
handball,Chile,0.8320495847735057,0.2941217851596347,True
handball,Ecuador,0.6827515943492452,0.2814093879637939,True
handball,Bolivia,0.5487797614710324,0.2453333205711289,True
handball,Paraguay,1.0516727961836805,0.2660291614010883,True
handball,Uruguay,1.5205916376082684,0.3205225572414145,True
handball,Australia,-0.46251835886024206,-0.19798371349776678,True
handball,Fiji,-0.947276485949578,-0.15738440348020905,True
handball,Samoa,0.02573289297283689,0.033431472843190785,True
handball,Tonga,0.47297203286133577,0.1059833010387028,True
wrestling,Nigeria,0.26534509138633433,0.05092203549712487,True
wrestling,Ethiopia,0.14884157187852512,-0.23250073955997871,False
wrestling,Egypt,-0.05855319674664046,-0.2966488435010274,True
wrestling,Congo,0.8910747130454416,-0.024905473491629075,False
wrestling,Tanzania,0.4839925660305205,-0.1689492860102135,False
wrestling,Kenya,0.8558365509581307,-0.10186124584563339,False
wrestling,Uganda,0.5986743992890586,-0.031044660112151373,False
wrestling,Sudan,-0.19248163772533203,-0.025012344509576796,True
wrestling,Algeria,0.034706144894598584,-0.24033333408467691,False
wrestling,China,0.35254004355560936,-0.1559119928432584,False
wrestling,India,-0.015250468903905027,-0.11897442867010122,True
wrestling,Indonesia,0.19092104738502064,-0.001633170146444804,False
wrestling,Pakistan,-0.01254725755664228,-0.07152407824219235,True
wrestling,Bangladesh,-0.5999191445389042,-0.06403657436375537,True
wrestling,Japan,1.3309838725178018,-0.15823662130481017,False
wrestling,Philippines,1.1983340117707377,0.06033634149707101,True
wrestling,Vietnam,0.7984230870850256,0.08033461199861269,True
wrestling,Iran,0.3861219125054431,-0.16890545551166142,False
wrestling,Turkey,0.4705840353889756,-0.27904880301414786,False
wrestling,Russia,0.7015464189250277,-0.27591700724310064,False
wrestling,Germany,0.17019975095616224,-0.28507101296392756,False
wrestling,France,0.019495311969378776,-0.4782852364748253,False
wrestling,Italy,0.11104223783811928,-0.4582282931105572,False
wrestling,Spain,-0.09292771639826708,-0.4024639646276224,True
wrestling,Ukraine,0.5817375346331933,-0.24368282934366198,False
wrestling,Poland,0.44495474110804806,-0.3344711186288095,False
wrestling,Romania,0.5834219009807866,-0.34749020907632633,False
wrestling,Netherlands,0.09909203243423308,-0.26162845472184154,False
wrestling,Austria,0.00560839715190963,-0.38546599647654606,False
wrestling,Mexico,1.1318369522881149,-0.0677883673713198,False
wrestling,Canada,0.8927424215146179,0.11544678673315735,True
wrestling,Guatemala,0.6333822485792683,-0.13548281468741044,False
wrestling,Haiti,0.6015580354316019,-0.026389587920930734,False
wrestling,Cuba,1.064326922964782,-0.1014448262671038,False
wrestling,Honduras,1.0891523540675847,0.017081408744070697,True
wrestling,Nicaragua,1.2452736130518827,0.0931963242943151,True
wrestling,Brazil,0.7588772997403841,-0.16047370213962886,False
wrestling,Colombia,0.45976636189101044,-0.10466362568723774,False
wrestling,Argentina,0.6807730691464927,-0.21970325126693688,False
wrestling,Peru,0.8670603758258293,-0.19213860203358687,False
wrestling,Venezuela,0.9587306564550375,-0.09814767156098142,False
wrestling,Chile,0.5038596064966124,-0.21560459428660764,False
wrestling,Ecuador,0.7681279941922319,-0.08443792801294124,False
wrestling,Bolivia,0.40435392438006973,-0.11313416474407822,False
wrestling,Paraguay,0.7299076244950699,-0.1495688907795431,False
wrestling,Uruguay,0.35386442566480353,-0.1492770083335365,False
wrestling,Australia,0.7465441005703026,0.1259325892091113,True
wrestling,Fiji,0.4474257495594423,0.087850558395862,True
wrestling,Samoa,1.296766480373851,0.1454825404411897,True
wrestling,Tonga,1.7314790453305773,0.14794211120890702,True
skiing,Nigeria,-2.2304573603480073,-0.21014505520693255,True
skiing,Ethiopia,-0.5085826645364588,-0.39399278330000237,True
skiing,Egypt,-1.4717807471251352,-0.40470623848675613,True
skiing,Congo,-1.0495743320472262,-0.22010529104567614,True
skiing,Tanzania,0.08628315531917682,-0.22061674604435236,False
skiing,Kenya,0.09301016700002832,-0.11659566104392863,False
skiing,Uganda,-0.878431006919475,-0.1672583466888203,True
skiing,Sudan,-1.3165113188117856,-0.2322355200106696,True
skiing,Algeria,-0.678177407999757,-0.3460128460178258,True
skiing,China,-0.22832365649326547,-0.134765350334754,True
skiing,India,-1.6847349310426267,-0.20619206060421086,True
skiing,Indonesia,-1.3825731662483929,-0.21870714422148874,True
skiing,Pakistan,-1.300196857501316,-0.18293421784315542,True
skiing,Bangladesh,-2.273878346905979,-0.0872256246136949,True
skiing,Japan,-0.25135027316838904,-0.1716347914925417,True
skiing,Philippines,-1.3667478270996254,-0.12762137262047643,True
skiing,Vietnam,-1.3777900059513266,-0.1602161181694204,True
skiing,Iran,-0.6337845959045817,-0.20724861903181424,True
skiing,Turkey,0.3064167916870169,-0.26431713659990375,False
skiing,Russia,1.2642587893495043,-0.20708312303435383,False
skiing,Germany,0.9898924899250373,-0.21654954541212737,False
skiing,France,0.8024687925517496,-0.2684997871172424,False
skiing,Italy,1.500780373827564,-0.26932154982855394,False
skiing,Spain,1.5084271352856804,-0.3007985482538387,False
skiing,Ukraine,0.4167900513314086,-0.17769946081180804,False
skiing,Poland,1.0408092676458276,-0.2531055606934577,False
skiing,Romania,0.9558767964596971,-0.18605811977491288,False
skiing,Netherlands,0.1958098114342518,-0.19623229649229829,False
skiing,Austria,2.8187660719448453,-0.20213360235503003,False
skiing,Mexico,-0.13979173952339968,-0.23501018791779926,True
skiing,Canada,1.1715307327304685,0.08138364928557525,True
skiing,Guatemala,0.3018467143772674,-0.298821778149884,False
skiing,Haiti,-1.0501818828715421,-0.20218451496836753,True
skiing,Cuba,-0.48326101969011437,-0.24942222131077865,True
skiing,Honduras,-0.1041755390197197,-0.19917349834219192,True
skiing,Nicaragua,0.7369522551467877,-0.12703331387787348,False
skiing,Brazil,-0.34918137097357627,-0.23626676321122525,True
skiing,Colombia,-0.1817867589065417,-0.22812469850484804,True
skiing,Argentina,1.1787926650133598,-0.23262434922584577,False
skiing,Peru,0.6420218889613989,-0.2431346921605286,False
skiing,Venezuela,0.46943677596907535,-0.22081794634615234,False
skiing,Chile,1.8715718652199327,-0.20324347363484427,False
skiing,Ecuador,1.000117547973547,-0.1552595538076641,False
skiing,Bolivia,1.1816360689716074,-0.24922483654046362,False
skiing,Paraguay,-0.15676563911578034,-0.2248684807346584,True
skiing,Uruguay,0.5716902916654913,-0.22748580765965504,False
skiing,Australia,0.1507533886871264,0.16248561328818936,True
skiing,Fiji,-0.9878191514987779,-0.03963397617969398,True
skiing,Samoa,-0.8462256934910556,-0.026307964824912225,True
skiing,Tonga,-0.7770251647640939,-0.09444354703163683,True
horse racing,Nigeria,-0.31959021802220416,0.12748557330550175,False
horse racing,Ethiopia,0.053308139365190674,-0.1637597692743989,False
horse racing,Egypt,-0.15784699283761403,-0.23472065563707664,True
horse racing,Congo,-0.5334094083478628,0.07566733960442337,False
horse racing,Tanzania,0.7243291783658705,-0.05564813998147036,False
horse racing,Kenya,1.300054960047116,0.03613004656215179,True
horse racing,Uganda,-0.0661985855218894,0.010619100351458067,False
horse racing,Sudan,-0.023031855479859715,-0.016663283605905844,True
horse racing,Algeria,-0.09038153030457992,-0.16685261442101718,True
horse racing,China,-0.37107581503605663,-0.0418294414201985,True
horse racing,India,0.14472249674096793,-0.00028085818915906237,False
horse racing,Indonesia,-1.1019319853835892,-0.03975337712671545,True
horse racing,Pakistan,0.5572816315105131,-0.01862037813107993,False
horse racing,Bangladesh,-0.039817605851469616,0.03239751216270871,False
horse racing,Japan,-0.00737662350485011,-0.13573623295865275,True
horse racing,Philippines,-0.3542652809667822,-0.03455649438129311,True
horse racing,Vietnam,-0.8360640580559366,0.03876216082201311,False
horse racing,Iran,-0.19940238772093152,-0.12746952267330977,True
horse racing,Turkey,0.38108850599335337,-0.19177441529642905,False
horse racing,Russia,0.3881560094805727,-0.18581170540950323,False
horse racing,Germany,-0.028752812696762216,-0.23987191277039815,True
horse racing,France,0.27739174715162934,-0.3220706547933562,False
horse racing,Italy,0.3024662204590082,-0.3130714755424499,False
horse racing,Spain,0.5830465160390625,-0.31312579141364877,False
horse racing,Ukraine,0.2769718273169048,-0.18619653068741968,False
horse racing,Poland,0.10663613337582395,-0.17862471621242978,False
horse racing,Romania,0.2989084497147067,-0.2773088179054927,False
horse racing,Netherlands,-4.544236453592116e-05,-0.23050658270611293,True
horse racing,Austria,0.5045634354996879,-0.2777074243122934,False
horse racing,Mexico,0.1804860498014845,-0.09839169542241462,False
horse racing,Canada,0.431829484148991,0.17908429420700292,True
horse racing,Guatemala,-0.757936018859807,-0.16599829974574454,True
horse racing,Haiti,-1.2830958729458681,0.05783096456665064,False
horse racing,Cuba,-0.01799166808929899,-0.010280435940310147,True
horse racing,Honduras,-0.20176927016430604,0.026694831533433903,False
horse racing,Nicaragua,-0.5009979040567637,0.061714077879439194,False
horse racing,Brazil,-0.1553650289948921,-0.13074828230853014,True
horse racing,Colombia,-0.9532631462196345,-0.11240906107936482,True
horse racing,Argentina,0.6187940436632565,-0.17873304409991989,False
horse racing,Peru,-0.5219286327932817,-0.17087416075778777,True
horse racing,Venezuela,0.027919895868591324,-0.11461804777643521,False
horse racing,Chile,0.1182881959426083,-0.2018793561241444,False
horse racing,Ecuador,-0.4406558217200088,-0.13601219117597024,True
horse racing,Bolivia,-0.39175699541143794,-0.14868431776897173,True
horse racing,Paraguay,0.20357696137104075,-0.07731597445642474,False
horse racing,Uruguay,0.5147542937806596,-0.1054511854955799,False
horse racing,Australia,0.793334643521744,0.2227599953248247,True
horse racing,Fiji,-0.34915609906208267,0.22278043321595842,False
horse racing,Samoa,-0.14729205320079325,0.21661671890225268,False
horse racing,Tonga,0.46680626586955337,0.19112106866943152,True
horling,Nigeria,-2.881456825239462,0.13502177432320797,False
horling,Ethiopia,-1.8872653873425387,0.14770379847232618,False
horling,Egypt,-1.912885741660168,0.035396634640726274,False
horling,Congo,-0.924305174195606,0.2579049267078649,False
horling,Tanzania,-1.9942942077319,0.1221559118784854,False
horling,Kenya,-2.2420006000475547,0.1312082727877062,False
horling,Uganda,-2.508949330503228,0.10648530127930843,False
horling,Sudan,-1.9057160773194208,0.04662422249240448,False
horling,Algeria,-0.9642375271535591,0.14817932908360693,False
horling,China,-0.6890510045781376,0.23407750775429229,False
horling,India,-1.9469089643063673,0.16361322921900862,False
horling,Indonesia,-1.462130016692205,0.19284546056238183,False
horling,Pakistan,-2.2037535869477987,0.11184797405543737,False
horling,Bangladesh,-1.854453019939437,0.14621544818346738,False
horling,Japan,-1.1058919951552768,0.2555536448953392,False
horling,Philippines,-1.9927286081032751,0.02361242052412672,False
horling,Vietnam,-0.6956165611783082,0.2426109361710011,False
horling,Iran,-1.324493590846497,0.14227368869534035,False
horling,Turkey,-0.614019515951171,0.27743751088396656,False
horling,Russia,-0.8242280772399748,0.2481974565900391,False
horling,Germany,0.951196153932387,0.3613179600614261,True
horling,France,-0.639577555837118,0.14389786293824386,False
horling,Italy,-0.6699197778757553,0.034283952872479685,False
horling,Spain,0.061930541812620456,0.04575479760772026,True
horling,Ukraine,-0.755356704388701,0.21664386209536887,False
horling,Poland,0.6894000009575741,0.36895546312706273,True
horling,Romania,-0.46981061089106113,0.045236820219618536,False
horling,Netherlands,0.7571234211818587,0.27983642019988864,True
horling,Austria,1.1737869357616841,0.33277419031454947,True
horling,Mexico,-0.867428091271586,0.00017446538139319722,False
horling,Canada,-0.5221570308244765,0.1672484685118256,False
horling,Guatemala,-0.8743485939502235,0.10196957944666922,False
horling,Haiti,-1.422307967236646,0.20728760842809488,False
horling,Cuba,-0.7334713251592194,0.20554531084072328,False
horling,Honduras,-0.8431972764095734,0.06749092109211641,False
horling,Nicaragua,-0.8327635768170459,0.04029585664221358,False
horling,Brazil,-0.6840263133269422,0.0568717949194556,False
horling,Colombia,-1.5287333389494961,0.0015348433717445546,False
horling,Argentina,-0.4108920463896937,0.09777074852355813,False
horling,Peru,-0.6137281325405964,0.05618885044685891,False
horling,Venezuela,-0.7988265485409851,0.0026012043234979075,False
horling,Chile,-0.0018102749911940521,0.04298400623285465,False
horling,Ecuador,-0.8580442665330418,-0.028218521217349097,True
horling,Bolivia,-0.6553232529308219,0.028396613432396363,False
horling,Paraguay,0.09967446476058056,0.15838612503085003,True
horling,Uruguay,-0.32990838428383024,0.09081765047781591,False
horling,Australia,-1.1411542610316938,0.08251611078623959,False
horling,Fiji,-2.1527630433692613,0.1491116479211654,False
horling,Samoa,-1.2086293897589186,0.1991153397911428,False
horling,Tonga,-1.0655199311977452,0.21485633800082068,False
pickleball,Nigeria,-0.8770302337367827,0.16513239406865768,False
pickleball,Ethiopia,-1.3394743418855821,-0.06890066550263074,True
pickleball,Egypt,-0.8379121460984237,-0.13427001049284334,True
pickleball,Congo,-0.9729400281138467,0.0478369829941476,False
pickleball,Tanzania,-1.29883676690477,-0.022876542154923667,True
pickleball,Kenya,-0.5715156934961609,0.20734221649224788,False
pickleball,Uganda,-1.2012346727141487,0.1215803192148796,False
pickleball,Sudan,-1.5724788580583497,-0.011306165528754098,True
pickleball,Algeria,-1.484124352494483,-0.20317808454824018,True
pickleball,China,-0.07110155719030667,0.13697113900956298,False
pickleball,India,-0.979920055894393,0.14352370638757186,False
pickleball,Indonesia,-1.1844641804860698,0.09245134036107823,False
pickleball,Pakistan,-1.6905805603583757,0.09584536327890839,False
pickleball,Bangladesh,-1.8026406207819672,0.1361645173921539,False
pickleball,Japan,-0.03452527018242827,0.17842924727845733,False
pickleball,Philippines,-0.8126920631222211,-0.005970249358577436,True
pickleball,Vietnam,0.010431537874600393,0.3075110588786045,True
pickleball,Iran,-1.3727730528822746,-0.005659294027716242,True
pickleball,Turkey,-0.7620728921803254,-0.05475777357184606,True
pickleball,Russia,-0.24845155434414282,-0.009539596719928628,True
pickleball,Germany,-0.5569258506421474,-0.12075746742906564,True
pickleball,France,-0.6501567500352743,-0.18403415269504905,True
pickleball,Italy,-0.5844831970206368,-0.3169265087423047,True
pickleball,Spain,-0.5793672834727962,-0.35598747633425276,True
pickleball,Ukraine,-0.6359154586362248,-0.011048830484226403,True
pickleball,Poland,-0.5556438384089356,0.008247042892104478,False
pickleball,Romania,-0.9503418320332822,-0.24903234935563567,True
pickleball,Netherlands,-1.2866563232763932,-0.17668470913321413,True
pickleball,Austria,-1.011858452542565,-0.1730640557710425,True
pickleball,Mexico,0.7039638334256686,-0.08248304075594906,False
pickleball,Canada,0.9054283094539237,0.438356646407067,True
pickleball,Guatemala,0.3126877842994044,-0.07519945602576386,False
pickleball,Haiti,0.6232392737167887,0.15726381421227498,True
pickleball,Cuba,0.7288874387700099,0.053904728318861034,True
pickleball,Honduras,0.5322395476214251,0.02702916952277586,True
pickleball,Nicaragua,0.5846972700635382,-0.010217878813811946,False
pickleball,Brazil,0.2457135232864828,-0.1839984954372807,False
pickleball,Colombia,-0.07132325571380446,-0.17279679033102882,True
pickleball,Argentina,-0.11603873844856702,-0.2441973679271835,True
pickleball,Peru,0.2309234512255834,-0.1364810858184154,False
pickleball,Venezuela,0.282639218417338,-0.17922847651644985,False
pickleball,Chile,-0.00737679679330537,-0.30434155340509494,True
pickleball,Ecuador,-0.03811746327771244,-0.23215610935515482,True
pickleball,Bolivia,-0.17306190419629422,-0.22426347053110673,True
pickleball,Paraguay,0.19682798371630925,-0.11489172860840285,False
pickleball,Uruguay,-0.3107555561141723,-0.24512661530131333,True
pickleball,Australia,0.4104960721710314,0.36390423813411427,True
pickleball,Fiji,-0.20434800625845623,0.30446367837662364,False
pickleball,Samoa,-0.18441624073105392,0.20428837403999786,False
pickleball,Tonga,-1.1368811248208037,0.050901859058030206,False
water polo,Nigeria,-0.05107572207651351,-0.07226896824552818,True
water polo,Ethiopia,0.054451577964679566,-0.32763239736968297,False
water polo,Egypt,0.21996614960186364,-0.31869671236296476,False
water polo,Congo,0.5876616126059429,-0.14714375343114192,False
water polo,Tanzania,0.7510889966750951,-0.20400700657774354,False
water polo,Kenya,0.8938033759700886,-0.1812141079221048,False
water polo,Uganda,0.04484392264053345,-0.14973646091392928,False
water polo,Sudan,-0.33787931901139695,-0.10484246279666745,True
water polo,Algeria,0.5832515289025704,-0.2559951725364818,False
water polo,China,0.055773628615052306,-0.23968314755782544,False
water polo,India,-0.6626510396072283,-0.23981407702561355,True
water polo,Indonesia,0.4258542274002177,-0.07314878843763532,False
water polo,Pakistan,-0.09313937591965653,-0.167916472888836,True
water polo,Bangladesh,0.32085748778763135,-0.08832641157489123,False
water polo,Japan,0.7388517494506972,-0.2703249947150128,False
water polo,Philippines,1.1817590471457355,0.040220003236566736,True
water polo,Vietnam,0.27124147659095726,-0.12531064238460876,False
water polo,Iran,-0.005593232551300689,-0.2182917436088421,True
water polo,Turkey,0.8773824706111358,-0.29584492149270053,False
water polo,Russia,0.2088288469856166,-0.33776757005640196,False
water polo,Germany,0.7695159868489857,-0.32135878807657475,False
water polo,France,0.4447970002616215,-0.3920752270501475,False
water polo,Italy,1.091368063436463,-0.31360984698105543,False
water polo,Spain,1.1309676799122095,-0.2687674607096395,False
water polo,Ukraine,0.8034559598078902,-0.2876584586496141,False
water polo,Poland,0.7128121969655729,-0.4141939873572206,False
water polo,Romania,1.279606813286926,-0.25192856065782954,False
water polo,Netherlands,1.6508437777134561,-0.20111943794364542,False
water polo,Austria,1.0979075843743988,-0.34835284531344496,False
water polo,Mexico,0.5146059344204221,-0.10645020849779765,False
water polo,Canada,0.13204709982999963,-0.05359411578724613,False
water polo,Guatemala,0.4422302569444915,-0.18575141701377304,False
water polo,Haiti,0.04286103573728245,-0.11023878170929904,False
water polo,Cuba,0.8689449330988054,-0.15749327714653996,False
water polo,Honduras,1.22928729143153,-0.01008630140635097,False
water polo,Nicaragua,1.0536701033953226,0.05556719704274571,True
water polo,Brazil,1.1750677729695762,-0.09935523988386329,False
water polo,Colombia,0.6190242866310718,-0.07811197115099627,False
water polo,Argentina,1.6305830466801328,-0.14460184286924554,False
water polo,Peru,1.0737368794920086,-0.15064258982185688,False
water polo,Venezuela,1.3807486658225527,-0.04253073022627461,False
water polo,Chile,1.4537716333585708,-0.10250527744350138,False
water polo,Ecuador,1.1068269768860235,0.0005242873788422747,True
water polo,Bolivia,0.49954137020240946,-0.11297616877648736,False
water polo,Paraguay,0.9943726807398616,-0.13810436945587226,False
water polo,Uruguay,1.5846435957558935,-0.07617324478656434,False
water polo,Australia,1.0035112046078396,0.0526676772137919,True
water polo,Fiji,0.963756384485651,-0.024305418615808275,False
water polo,Samoa,1.6086344636169103,0.0527592544913647,True
water polo,Tonga,1.8471854237409968,0.055910185390470456,True
bowling,Nigeria,-0.2185640216558362,0.053671814796501904,False
bowling,Ethiopia,-0.9796696035891305,-0.34964260328287994,True
bowling,Egypt,-0.6677025892781351,-0.3988536901641176,True
bowling,Congo,-0.9920190608151113,-0.12406424005800556,True
bowling,Tanzania,0.21607763239068478,-0.18800099855633567,False
bowling,Kenya,1.0460942095295944,0.05456397991284015,True
bowling,Uganda,0.37641933213557555,-0.006562701138832388,False
bowling,Sudan,-0.8620787449077171,-0.1245028927184766,True
bowling,Algeria,-1.3957724210870175,-0.4076564626846757,True
bowling,China,-0.19749793804122978,-0.06366314540647271,True
bowling,India,0.8242651361768873,-0.021609654627455666,False
bowling,Indonesia,-0.25286936371395285,-0.038879223124242225,True
bowling,Pakistan,1.1047320009049904,0.003963271730417852,True
bowling,Bangladesh,1.1773417285092003,0.09672769292450324,True
bowling,Japan,-0.17703042681490583,-0.05952658352664025,True
bowling,Philippines,0.5743044295421164,-0.02082124649265164,False
bowling,Vietnam,-0.46075485783062947,0.12757536414690002,False
bowling,Iran,-0.7233854453378146,-0.1503121982923865,True
bowling,Turkey,-0.36868080724088315,-0.33704361579489045,True
bowling,Russia,-1.1855046987895757,-0.2824261620311133,True
bowling,Germany,-0.893999411737921,-0.44919196789453114,True
bowling,France,-0.9845825184714323,-0.4868185966329895,True
bowling,Italy,-0.5108373055714341,-0.4868015418650485,True
bowling,Spain,-0.5085218220321982,-0.5092379931221291,True
bowling,Ukraine,-0.7477209661774493,-0.24431975640800857,True
bowling,Poland,-0.5768320910155612,-0.3379696909400886,True
bowling,Romania,-0.9192516127951749,-0.41220376202060965,True
bowling,Netherlands,-0.2699700641585123,-0.4259079444986347,True
bowling,Austria,-0.8214956107094259,-0.4795181938266804,True
bowling,Mexico,-0.5352275448076262,-0.1877551080660165,True
bowling,Canada,0.2519151515437397,0.3068037821051195,True
bowling,Guatemala,-0.8942950641310038,-0.28390209904940283,True
bowling,Haiti,-1.3356069497453882,-0.04430324537508843,True
bowling,Cuba,-0.12051538180746851,-0.11150417414916652,True
bowling,Honduras,-0.21817624957104928,-0.07953392431781195,True
bowling,Nicaragua,-0.23420530231704342,-0.042771884262864095,True
bowling,Brazil,-0.5939560811554111,-0.321741631220832,True
bowling,Colombia,-0.45134426965277225,-0.23397250523762886,True
bowling,Argentina,-0.16611998580050436,-0.35988349623958893,True
bowling,Peru,-0.30109250205263866,-0.28358099882725113,True
bowling,Venezuela,-0.21511582819185313,-0.2598155094645651,True
bowling,Chile,-0.3656182702871953,-0.39510564606025755,True
bowling,Ecuador,-0.6133821136903818,-0.28334989934465704,True
bowling,Bolivia,-0.7548667951619606,-0.32546958545209037,True
bowling,Paraguay,-0.22902291221367366,-0.25668255739680296,True
bowling,Uruguay,-0.2877749221520521,-0.3227773782326887,True
bowling,Australia,0.9775902200329019,0.3574244043276596,True
bowling,Fiji,0.3449650907408477,0.21083063713993755,True
bowling,Samoa,0.29637180524865403,0.11869421961989099,True
bowling,Tonga,-0.004480250617605872,-0.021339619754013887,True
