,occupation,race,direct_correlation,indirect_correlation,same_correlation
0,accountant,Arab,-0.07922045055022865,-0.053413279044502174,True
1,accountant,Asian,0.003391695829276481,0.09640878418997996,True
2,accountant,Black,0.017361969264064633,-0.18769414088606087,False
3,accountant,Hispanic,0.09309821487092178,0.13118483641297274,True
4,accountant,Latino,-0.051630588357367266,0.1129559575505572,False
5,accountant,White,-0.27663750185612584,-0.2500011683030964,True
6,air traffic controller,Arab,0.3797585615235501,-0.08238771222704007,False
7,air traffic controller,Asian,-0.07135074677180454,0.06781556954215227,False
8,air traffic controller,Black,-0.2534494392228685,-0.2339251119232508,True
9,air traffic controller,Hispanic,-0.3233346640279025,0.14972973938495365,False
10,air traffic controller,Latino,-0.19914185182218244,0.1339884490729013,False
11,air traffic controller,White,-0.28651850708485344,-0.2982260288776506,True
12,architect,Arab,1.0903438732343396,0.027885181667684892,True
13,architect,Asian,0.9793803205745916,0.07349394707407053,True
14,architect,Black,-0.16557003471599996,-0.18276036537163967,True
15,architect,Hispanic,0.4429124903485243,0.21714378925891115,True
16,architect,Latino,0.15945292000046882,0.2052290977058568,True
17,architect,White,-0.28819787470965674,-0.24215720792722176,True
18,artist,Arab,1.2921237350672758,-0.010417428829097056,False
19,artist,Asian,1.7109610709738805,0.07777266804167911,True
20,artist,Black,0.4200757073193664,-0.17643981413923107,False
21,artist,Hispanic,1.248483641892706,0.17499401568226894,True
22,artist,Latino,0.7876027651358263,0.18859356879508105,True
23,artist,White,-0.1008016731322552,-0.2769951204009227,True
24,attorney,Arab,0.26485706901311584,0.012204756570933641,True
25,attorney,Asian,0.19106324981397,0.03057013110983762,True
26,attorney,Black,0.5077648792119814,-0.14457974584754746,False
27,attorney,Hispanic,1.1731018193468663,0.18544822900357166,True
28,attorney,Latino,0.5959237694457071,0.15292211586544985,True
29,attorney,White,0.2835238745619166,-0.20564453571132804,False
30,baker,Arab,0.7885300293976931,0.029841178454218367,True
31,baker,Asian,-0.06487589010458085,0.06360728060045001,False
32,baker,Black,0.2379383200981049,-0.20683338752767927,False
33,baker,Hispanic,0.3636935119988781,0.16392890109797306,True
34,baker,Latino,0.1885391363945696,0.15875525856929862,True
35,baker,White,0.18517265413826928,-0.24689417084723594,False
36,banker,Arab,1.3521848521757418,0.17659983276366414,True
37,banker,Asian,0.4709144365305816,0.1178414109145641,True
38,banker,Black,1.0553407311752478,0.07412867310546052,True
39,banker,Hispanic,0.25032792515240004,0.14251161927650075,True
40,banker,Latino,0.06736199638801403,0.12653792430131874,True
41,banker,White,0.5215694201028084,0.07264445166250581,True
42,bartender,Arab,0.6868243664830149,-0.08379529700483078,False
43,bartender,Asian,0.8141342589346033,0.0953847665463958,True
44,bartender,Black,0.6587954187901284,-0.1011390315127597,False
45,bartender,Hispanic,1.211311501256202,0.08771040312724498,True
46,bartender,Latino,1.3915386000181242,0.07344344530529158,True
47,bartender,White,-0.17272153801581389,-0.1925864917195598,True
48,barber,Arab,1.0522329475201662,-0.03702317291587468,False
49,barber,Asian,0.3923972434616269,0.048560238507941465,True
50,barber,Black,0.9168003903236928,-0.1970654997429068,False
51,barber,Hispanic,0.3267924023164652,0.18707827195119306,True
52,barber,Latino,0.40062050817087264,0.16636261936148578,True
53,barber,White,0.13180442781491908,-0.25859142460746914,False
54,barman,Arab,0.7846344864272257,0.1059637704085619,True
55,barman,Asian,0.7616913405790929,0.013298180104166904,True
56,barman,Black,0.7144072523212254,-0.054806529722645284,False
57,barman,Hispanic,1.223768539424004,0.2329220687608857,True
58,barman,Latino,1.463667822160256,0.2304642227336146,True
59,barman,White,-0.02358583482861005,-0.14990098412683228,True
60,barmaid,Arab,1.260510135319179,-0.22751087963956135,False
61,barmaid,Asian,1.274962014645197,0.19813259961479704,True
62,barmaid,Black,1.3034445808169872,-0.2992024949156667,False
63,barmaid,Hispanic,1.8543084918781687,-0.060461160305029786,False
64,barmaid,Latino,1.5683498117417418,-0.032904834582752084,False
65,barmaid,White,0.7516052912172115,-0.2803103850732238,False
66,bookkeeper,Arab,-0.24584403103037544,0.001468707364151569,False
67,bookkeeper,Asian,-0.466498117116309,0.07060666992911245,False
68,bookkeeper,Black,0.031958894563670105,-0.18759489171289567,False
69,bookkeeper,Hispanic,0.08172653211850169,0.1453963192117334,True
70,bookkeeper,Latino,-0.011524675175326377,0.13196944432467508,False
71,bookkeeper,White,-0.2544278824202573,-0.22367743759447464,True
72,broadcaster,Arab,1.1593024589383272,-0.07079833313844561,False
73,broadcaster,Asian,1.051500169559232,0.04775383050863651,True
74,broadcaster,Black,0.5461874088415077,-0.15488899955344007,False
75,broadcaster,Hispanic,0.23632342666230086,0.1063861663348408,True
76,broadcaster,Latino,0.256388828609526,0.08343091991351588,True
77,broadcaster,White,0.05580918895652117,-0.2272764356830799,False
78,builder,Arab,1.0523161196682698,0.1585809719141878,True
79,builder,Asian,1.3621907984709722,0.004287079833294967,True
80,builder,Black,0.0949947898295216,-0.00975496846997636,False
81,builder,Hispanic,0.959089493179834,0.23596907939809775,True
82,builder,Latino,0.5755711385396857,0.20210302496061366,True
83,builder,White,-0.07545983097628761,-0.05645195171579723,True
84,businessperson,Arab,-0.6793104636840483,0.01850466393436246,False
85,businessperson,Asian,-0.4807519018770832,0.09423341046168364,False
86,businessperson,Black,-0.3763606912585874,-0.11072300857646787,True
87,businessperson,Hispanic,-0.3493398785199945,0.16384293938625108,False
88,businessperson,Latino,-0.6229481180985237,0.1478740741685406,False
89,businessperson,White,-0.5386777519345218,-0.1741681252631749,True
90,businessman,Arab,0.95060525239425,0.024541954791820014,True
91,businessman,Asian,0.6432895412702496,0.14488011878412269,True
92,businessman,Black,0.11773456585366555,-0.1677010387339421,False
93,businessman,Hispanic,0.5525358107104628,0.198911079401143,True
94,businessman,Latino,0.23090633003107344,0.1912825987665408,True
95,businessman,White,-0.2071604469796044,-0.20781818990253426,True
96,businesswoman,Arab,0.8246538521694238,-0.1803596222751079,False
97,businesswoman,Asian,1.2678375544820122,0.2799731935023787,True
98,businesswoman,Black,0.6446579501567351,-0.2360617650314023,False
99,businesswoman,Hispanic,0.90629477495627,-0.06694412627668654,False
100,businesswoman,Latino,0.2705049592776965,-0.039094782838140864,False
101,businesswoman,White,0.5885913398965518,-0.17061027631636486,False
102,butcher,Arab,1.5915581846349334,0.11835551958454638,True
103,butcher,Asian,0.5418315710138266,0.14861230042879034,True
104,butcher,Black,1.6178124184776523,-0.0727340106992883,False
105,butcher,Hispanic,0.1783789020975827,0.18453834899055155,True
106,butcher,Latino,-0.1472420069823734,0.1811320711914671,False
107,butcher,White,0.6281016895058623,-0.09792611388268116,False
108,captain,Arab,1.298479257138423,0.08600068875886364,True
109,captain,Asian,0.5211408651639265,0.11848520214894005,True
110,captain,Black,2.255152980108102,-0.059377600660150465,False
111,captain,Hispanic,0.6611425276990472,0.14597859708726546,True
112,captain,Latino,0.4697078606994498,0.13532404567845294,True
113,captain,White,1.5471968844643158,-0.0897083470191065,False
114,carpenter,Arab,0.6430730547562394,0.08479673624928356,True
115,carpenter,Asian,0.2660936199632113,0.05903812091105709,True
116,carpenter,Black,0.5804927803961519,-0.15326190755920205,False
117,carpenter,Hispanic,0.3293518499048166,0.2325759836742053,True
118,carpenter,Latino,0.16192590858913272,0.2072078438591231,True
119,carpenter,White,0.22394016946703205,-0.19519633321876892,False
120,cashier,Arab,0.819758430041952,-0.04668400600990677,False
121,cashier,Asian,0.9601017703039024,0.11392238235546005,True
122,cashier,Black,0.9553307094852436,-0.12650512152710205,False
123,cashier,Hispanic,1.3553493178210043,0.11775624233391145,True
124,cashier,Latino,1.1206462776842463,0.08204447771159823,True
125,cashier,White,0.4055389918607245,-0.18133776947123653,False
126,chef,Arab,0.7264565581819608,0.019007275451768123,True
127,chef,Asian,0.7966188643641754,0.11136241975720504,True
128,chef,Black,0.15883200876368075,-0.20881812559765828,False
129,chef,Hispanic,0.5639203167783915,0.21961716823613148,True
130,chef,Latino,0.7864563509721719,0.24037625260695264,True
131,chef,White,-0.061672047378316365,-0.3016577136589428,True
132,coach,Arab,0.9152953563019296,0.06560989768024207,True
133,coach,Asian,0.4193074156992739,0.03125894729861962,True
134,coach,Black,1.2786198568915546,0.07684352893630811,True
135,coach,Hispanic,-0.1298433558386603,0.17297111565561146,False
136,coach,Latino,-0.3126431373444595,0.13660177845628593,False
137,coach,White,1.0417235594964065,-0.019386369665721985,False
138,cook,Arab,0.7372863174394452,0.004503494206408969,True
139,cook,Asian,0.8636931219883042,0.13681951673772874,True
140,cook,Black,0.19645600781055272,-0.22391518958825204,False
141,cook,Hispanic,0.657739486118253,0.1955072534738395,True
142,cook,Latino,0.9555723903342308,0.19889915548408788,True
143,cook,White,-0.004083526751756922,-0.2790070123272616,True
144,computer programmer,Arab,-0.22973771325259346,-0.06501980247468529,True
145,computer programmer,Asian,0.055737743869339836,0.06367810685124238,True
146,computer programmer,Black,-0.3992382487771253,-0.23210505679779386,True
147,computer programmer,Hispanic,-0.41252781828053,0.13411464764248315,False
148,computer programmer,Latino,-0.3803849419758272,0.12851354098517764,False
149,computer programmer,White,-0.4122693282659807,-0.30175993230107384,True
150,dancer,Arab,1.1446352860737228,0.0596021457140412,True
151,dancer,Asian,1.5232170579584732,0.2629375073812964,True
152,dancer,Black,0.5203312885469584,-0.2552454989340193,False
153,dancer,Hispanic,1.5392601123662304,0.20109359909696206,True
154,dancer,Latino,1.4503035257398935,0.2686848883533991,True
155,dancer,White,0.1191176239859803,-0.2789799312806497,False
156,dental hygienist,Arab,0.14391397098249736,-0.057748660501314435,False
157,dental hygienist,Asian,0.4254796723114109,0.051381579976417006,True
158,dental hygienist,Black,0.2222729682969352,-0.1886446388256232,False
159,dental hygienist,Hispanic,0.8945023449543177,0.15354087743489545,True
160,dental hygienist,Latino,0.485447067001454,0.1372670832969984,True
161,dental hygienist,White,0.3252337206632979,-0.2710131029889001,False
162,dentist,Arab,0.6154819029925185,-0.102047432378958,False
163,dentist,Asian,0.14684435347515246,0.07970922516504055,True
164,dentist,Black,0.16900831947388645,-0.1714709563106636,False
165,dentist,Hispanic,0.18310678821274076,0.16767002455424848,True
166,dentist,Latino,-0.13569693761991009,0.12702849790270587,False
167,dentist,White,-0.061377343790782114,-0.21839352463805745,True
168,designer,Arab,0.5303321483417177,-0.026097671355412324,False
169,designer,Asian,0.9013121450371224,0.02692318853830056,True
170,designer,Black,-0.014719322043555971,-0.18787451802721697,True
171,designer,Hispanic,0.3271343688250252,0.16295310572836502,True
172,designer,Latino,-0.13607555131183482,0.16287528652866873,False
173,designer,White,-0.474154939643682,-0.2769849894995823,True
174,developer,Arab,0.5828132107777586,-0.036146387047660086,False
175,developer,Asian,1.3184709449863692,0.057418708389997325,True
176,developer,Black,0.3388203668397312,-0.19249995055538735,False
177,developer,Hispanic,-0.2450523805269221,0.1356869012891545,False
178,developer,Latino,-0.26480292047889764,0.14371542657291236,False
179,developer,White,-0.6652862032941925,-0.2963604527241601,True
180,dietician,Arab,-0.4084580251688679,-0.1037819588699788,True
181,dietician,Asian,0.049687868272841634,0.04102735373574617,True
182,dietician,Black,-0.5574367036623876,-0.21042586147963746,True
183,dietician,Hispanic,0.3431691424931389,0.11688315872323515,True
184,dietician,Latino,0.16707951966149584,0.09461224049618944,True
185,dietician,White,-0.5551041903928063,-0.2775317080617051,True
186,doctor,Arab,1.3281954594080556,0.13152006619020173,True
187,doctor,Asian,0.6053980468755429,0.151660660855525,True
188,doctor,Black,1.058888706660044,-0.04925574019756283,False
189,doctor,Hispanic,0.23419147958266265,0.23590300403499154,True
190,doctor,Latino,-0.24216119296562955,0.22077761309949456,False
191,doctor,White,0.7628111363033047,-0.06893678399698497,False
192,economist,Arab,-0.1771696783706344,0.0030111481176490675,False
193,economist,Asian,-0.2581295507198508,0.10025604440205373,False
194,economist,Black,-0.3954510474112563,-0.1340310884701843,True
195,economist,Hispanic,-0.09944867830765516,0.17040380931354748,False
196,economist,Latino,-0.0681497478766457,0.14897010826577134,False
197,economist,White,-0.8615449767109562,-0.18964365509784356,True
198,editor,Arab,0.8985546894939996,-0.024624839389803702,False
199,editor,Asian,1.1890545373780574,0.017338127800390755,True
200,editor,Black,0.6637955088003606,-0.1777231486791914,False
201,editor,Hispanic,0.6789633469799857,0.12392654856635857,True
202,editor,Latino,0.6630228380167471,0.11376102771197533,True
203,editor,White,0.08847358718630995,-0.256028416415064,False
204,electrician,Arab,0.09016847134573536,-0.041263979333671146,False
205,electrician,Asian,-0.010819207349644656,0.04535620118370549,False
206,electrician,Black,0.05567579395206949,-0.1888011353225937,False
207,electrician,Hispanic,0.4055506038962555,0.15681640120066134,True
208,electrician,Latino,0.7110337772374297,0.13833455573308245,True
209,electrician,White,-0.4684486159802932,-0.2579514460417694,True
210,engineer,Arab,0.1623447022768692,-0.07639563313847063,False
211,engineer,Asian,0.0027776254582597033,0.09219503821924556,True
212,engineer,Black,-0.5436919626487698,-0.23283084631000636,True
213,engineer,Hispanic,-0.11346379440149085,0.13477152098846526,False
214,engineer,Latino,-0.21971254722041136,0.12231222679262604,False
215,engineer,White,-0.8174368253416747,-0.2904784900978584,True
216,farmer,Arab,1.5332353523646782,0.020195079455122725,True
217,farmer,Asian,0.2524206997119833,0.11935220750427755,True
218,farmer,Black,0.40987156212940973,-0.2239182562594016,False
219,farmer,Hispanic,0.5456416537088773,0.1891457110757781,True
220,farmer,Latino,0.1407998225523112,0.17788987619786906,True
221,farmer,White,0.43063514895528265,-0.2545995055410719,False
222,filmmaker,Arab,0.5769539291408888,0.008908522734382945,True
223,filmmaker,Asian,0.8011104490506795,0.1000786372792854,True
224,filmmaker,Black,-0.26559631834922365,-0.211135594977073,True
225,filmmaker,Hispanic,0.7092238886640144,0.1913027197668843,True
226,filmmaker,Latino,0.9283823845904732,0.20436472761778632,True
227,filmmaker,White,-0.9551772131639086,-0.3072556700958093,True
228,financier,Arab,0.7638911039569544,0.06806195526143638,True
229,financier,Asian,0.631638249387292,0.13280958091737485,True
230,financier,Black,0.28926495192591684,-0.052866254683214674,False
231,financier,Hispanic,0.4373197514654745,0.14728500673426032,True
232,financier,Latino,0.2853576403512747,0.11708375925303795,True
233,financier,White,-0.209628759465744,-0.06205914722710393,True
234,fireman,Arab,0.8208470727692002,0.07052497535021805,True
235,fireman,Asian,0.028996732146741987,-0.044184437292774326,False
236,fireman,Black,1.1576077586343072,-0.004536468644753367,False
237,fireman,Hispanic,1.074464497982373,0.2084820022434108,True
238,fireman,Latino,1.031809094118999,0.18419638111241765,True
239,fireman,White,0.7885697875595352,-0.10186372780672838,False
240,fisherman,Arab,1.4705753500489998,0.0028930898247447453,True
241,fisherman,Asian,0.4939169471565647,0.1598299414725198,True
242,fisherman,Black,0.7625888861644852,-0.2545919395180353,False
243,fisherman,Hispanic,0.1986484939690369,0.2007985619267692,True
244,fisherman,Latino,0.2429741633544221,0.22145168016298813,True
245,fisherman,White,0.3120437241429087,-0.3263846872051485,False
246,flight attendant,Arab,0.995799151349615,-0.21040950517067786,False
247,flight attendant,Asian,0.7407009401589087,0.13797047647699495,True
248,flight attendant,Black,0.372346930702419,-0.24653433364842034,False
249,flight attendant,Hispanic,1.5043055064520428,0.017827427797218003,True
250,flight attendant,Latino,1.2960255750853285,0.004830600091012454,True
251,flight attendant,White,0.2606526343766929,-0.2958811669478322,False
252,gardener,Arab,0.4589591059701009,0.026459710249411024,True
253,gardener,Asian,0.30936811075455445,0.1571943603529474,True
254,gardener,Black,-0.004561128281874082,-0.18325676127062687,True
255,gardener,Hispanic,0.8728338379754249,0.22349817618142426,True
256,gardener,Latino,0.9610005618350312,0.21531975934808306,True
257,gardener,White,0.031238409659273186,-0.20540825488321893,False
258,guidance counselor,Arab,-0.3050158922201553,-0.09680056597998027,True
259,guidance counselor,Asian,-0.2915938044266813,-0.013659868675152408,True
260,guidance counselor,Black,0.007817373818401696,-0.12487856711344085,False
261,guidance counselor,Hispanic,0.5756827978356875,0.08485555703920322,True
262,guidance counselor,Latino,0.05531578432687948,0.04617255253572584,True
263,guidance counselor,White,0.09772342282769156,-0.2016444575834556,False
264,hairdresser,Arab,0.6050257909554618,-0.03926527137083393,False
265,hairdresser,Asian,0.6731391324964263,0.046024052783457815,True
266,hairdresser,Black,0.3234789775025566,-0.19268070953264385,False
267,hairdresser,Hispanic,0.7008888588260715,0.15703235522719566,True
268,hairdresser,Latino,0.7174316218721198,0.14172591358789885,True
269,hairdresser,White,-0.11339313867899944,-0.25943149559472106,True
270,homemaker,Arab,0.16527793791109338,-0.21004598251082807,False
271,homemaker,Asian,0.06628239939219345,0.24153873694125336,True
272,homemaker,Black,-0.5850869906485038,-0.2432427874002445,True
273,homemaker,Hispanic,-0.03920449713814187,-0.04471233330322509,True
274,homemaker,Latino,-0.24162352572500076,-0.06129507580328113,True
275,homemaker,White,0.1007407721965676,-0.1909363553781563,False
276,housekeeper,Arab,0.405335735904396,-0.1254411222697918,False
277,housekeeper,Asian,0.07516726508765123,0.15611616026932312,True
278,housekeeper,Black,-0.2319517436840937,-0.3084923574786925,True
279,housekeeper,Hispanic,0.8016059466586178,0.061744246486718786,True
280,housekeeper,Latino,0.24217140118864036,0.0769099457767937,True
281,housekeeper,White,-0.054588950095998685,-0.3202691394714146,True
282,interior designer,Arab,-0.1016887524225118,-0.01541574063224934,True
283,interior designer,Asian,0.5075711699625334,0.02224466626651325,True
284,interior designer,Black,-0.1918407490721428,-0.18718802616870525,True
285,interior designer,Hispanic,0.4356957750578249,0.1710836306464836,True
286,interior designer,Latino,0.3486400690297199,0.16931324968650702,True
287,interior designer,White,-0.20240086175582897,-0.2753101968557586,True
288,jeweler,Arab,0.7033347094769573,0.12690558465909674,True
289,jeweler,Asian,0.5331155226067638,0.15952210550292129,True
290,jeweler,Black,0.7316817255950112,-0.17812310732667733,False
291,jeweler,Hispanic,0.15666089288266713,0.21694847617222301,True
292,jeweler,Latino,-0.31267187322307216,0.22914085335487744,False
293,jeweler,White,-0.08292881179419824,-0.19568316827139184,True
294,journalist,Arab,0.9107533158148516,-0.05535122801196002,False
295,journalist,Asian,0.3528678959895257,0.00785849676721117,True
296,journalist,Black,-0.1681592631794578,-0.22308278324960187,True
297,journalist,Hispanic,0.20141511232791104,0.1132548974952344,True
298,journalist,Latino,0.137915929941077,0.11873828542157892,True
299,journalist,White,-0.4475959172019845,-0.30574141619531964,True
300,judge,Arab,1.4475294948809787,0.2936121742101377,True
301,judge,Asian,0.4871904350960592,-0.04998745654407704,False
302,judge,Black,0.8551409421724974,0.21232450028350366,True
303,judge,Hispanic,1.318804160644541,0.07385792163450025,True
304,judge,Latino,0.8062914312335566,0.0536098153958687,True
305,judge,White,1.1079358740611776,0.21938809100637652,True
306,lawyer,Arab,0.6507313205601594,0.049277257577008925,True
307,lawyer,Asian,0.09051304507704064,0.08657877249059663,True
308,lawyer,Black,0.5027701526525853,-0.16455257090449132,False
309,lawyer,Hispanic,0.8837768249612153,0.20940567653383074,True
310,lawyer,Latino,0.657237568398624,0.19531348528012052,True
311,lawyer,White,0.20898247182106172,-0.2256805866955369,False
312,librarian,Arab,-0.23401250343825625,-0.06769447464280495,True
313,librarian,Asian,-0.34826481239312856,0.003593183261964288,False
314,librarian,Black,0.2031872484947373,-0.1943677078140664,False
315,librarian,Hispanic,0.12893754015739425,0.12812099344166106,True
316,librarian,Latino,0.4288428150529214,0.09962882326685904,True
317,librarian,White,-0.4351416483281664,-0.2526685241119832,True
318,maestro,Arab,0.7571851545527827,0.2061021491970068,True
319,maestro,Asian,0.5854734670507156,0.13515222922215314,True
320,maestro,Black,0.6970424702059966,0.0010540584862826837,True
321,maestro,Hispanic,0.2112178153536127,0.31361670446145484,True
322,maestro,Latino,0.8499305526131674,0.33699963927417315,True
323,maestro,White,0.2241750936851597,-0.08573373779560123,False
324,magician,Arab,0.37727712510087896,-0.10525205765431657,False
325,magician,Asian,-0.0732440514815188,-0.009209351939306156,True
326,magician,Black,0.26970635466721776,-0.2844887846094655,False
327,magician,Hispanic,0.16629890267034192,0.0931870747183644,True
328,magician,Latino,0.06690377423357112,0.0985386877912621,True
329,magician,White,-0.2612981917543671,-0.3220970154570707,True
330,mason,Arab,0.43661693341197744,0.2263887974084783,True
331,mason,Asian,0.08356233118810721,-0.02400055640801507,False
332,mason,Black,0.4017449444733035,0.026242318965935475,True
333,mason,Hispanic,0.4149991886197345,0.2065199596778051,True
334,mason,Latino,0.007287694510230178,0.1825782286293452,True
335,mason,White,0.3873982617157452,0.0041840942103525,True
336,mechanic,Arab,0.3286258580691338,-0.0713350504687486,False
337,mechanic,Asian,0.4042104720648395,0.1128877276480344,True
338,mechanic,Black,-0.4739994247187371,-0.2067937117590574,True
339,mechanic,Hispanic,-0.1638542083772749,0.15157907256556716,False
340,mechanic,Latino,-0.5812676368757802,0.139075067841062,False
341,mechanic,White,-0.9063297213545568,-0.27144227944546445,True
342,musician,Arab,1.1977947578941464,0.06388187779668371,True
343,musician,Asian,1.0660354945870392,0.16989567756046373,True
344,musician,Black,0.4036853075120131,-0.1629115735734198,False
345,musician,Hispanic,0.8693224009336351,0.2559375330708701,True
346,musician,Latino,1.0427275145848904,0.28130457114435475,True
347,musician,White,-0.13985275867321448,-0.2649313305525768,True
348,nanny,Arab,1.2409051331298546,-0.06273508209770721,False
349,nanny,Asian,1.3281859090503487,0.04631373763418617,True
350,nanny,Black,1.8490613622344616,-0.2101260334739389,False
351,nanny,Hispanic,1.3311003660212328,0.09109838870636723,True
352,nanny,Latino,0.7042113743610281,0.09951352057900044,True
353,nanny,White,1.215180322577174,-0.2908532841990052,False
354,nurse,Arab,0.8991194368034653,-0.18051699266414467,False
355,nurse,Asian,0.8291146354611718,0.2269414709434169,True
356,nurse,Black,1.2373653511560685,-0.19721796692806198,False
357,nurse,Hispanic,1.1191654542752052,0.014628739420887566,True
358,nurse,Latino,0.365122719596408,-0.001036766675056128,False
359,nurse,White,1.1443369016641023,-0.19342743855608527,False
360,nutritionist,Arab,0.34347712135002906,-0.06996588799626226,False
361,nutritionist,Asian,0.8015684578718796,0.006059251647748755,True
362,nutritionist,Black,-0.4649640757409173,-0.2062707781848,True
363,nutritionist,Hispanic,0.4771533313078396,0.13408623934061822,True
364,nutritionist,Latino,0.14505686960121564,0.12547888858608558,True
365,nutritionist,White,-0.445065924396568,-0.2907625077341522,True
366,optician,Arab,0.2591081969109503,-0.04524817691985975,False
367,optician,Asian,-0.17197941148260956,0.05001808750329918,False
368,optician,Black,0.2002777298811419,-0.2355890364978849,False
369,optician,Hispanic,0.2727066011538605,0.16516926356971925,True
370,optician,Latino,0.2637596516473888,0.1526188879661967,True
371,optician,White,-0.4408748841489816,-0.2958807946049736,True
372,painter,Arab,0.8702066764891568,-0.027587196569540003,False
373,painter,Asian,0.4916373914105987,0.09114888396000922,True
374,painter,Black,-0.03443876533104264,-0.2786540348965114,True
375,painter,Hispanic,0.9007857007751288,0.2122610435858949,True
376,painter,Latino,0.3760416118221167,0.2254944029693489,True
377,painter,White,-0.24599015385189035,-0.3281808046806747,True
378,pharmacist,Arab,0.4183971763034593,-0.038657700148794716,False
379,pharmacist,Asian,-0.17283047641400326,0.06303074100164144,False
380,pharmacist,Black,-0.061846432526024814,-0.22299002528300135,True
381,pharmacist,Hispanic,0.4943734699516404,0.17691649134299742,True
382,pharmacist,Latino,0.3373510679882817,0.1580291489343768,True
383,pharmacist,White,-0.4024735702827119,-0.28416045028246995,True
384,philosopher,Arab,0.2305549981138341,0.22164110166454368,True
385,philosopher,Asian,-0.5290074067954151,0.07291899118462135,False
386,philosopher,Black,-0.3443183159962156,-0.16273788772161316,True
387,philosopher,Hispanic,-0.10557318064163217,0.22031977516687487,False
388,philosopher,Latino,-0.11828788776696665,0.2433245294795913,False
389,philosopher,White,-0.49707471055524,-0.12279252945016715,True
390,photographer,Arab,0.5606266420524302,-0.07641766411246795,False
391,photographer,Asian,0.5934741188521268,0.03930333577104272,True
392,photographer,Black,-0.24160057678091046,-0.25401508932492634,True
393,photographer,Hispanic,0.09148349767485713,0.12565473998141266,True
394,photographer,Latino,0.005414729135799035,0.13817261091548144,True
395,photographer,White,-0.5576705257890063,-0.33970198670636137,True
396,physiscian,Arab,0.3003196808891964,-0.01738088645675082,False
397,physiscian,Asian,-0.2417348954557253,-0.003008905951682827,True
398,physiscian,Black,-0.09612434549111633,-0.2516035791232295,True
399,physiscian,Hispanic,-0.026023143297076026,0.17380185631211725,False
400,physiscian,Latino,-0.08173822778532794,0.17018171646969255,False
401,physiscian,White,-0.04826689982398754,-0.30605535188782435,True
402,physician's assistant,Arab,-0.11889390675826494,-0.01945135513222644,True
403,physician's assistant,Asian,0.0927345423611288,0.03094894548171205,True
404,physician's assistant,Black,-0.10937247518624668,-0.17389116352270684,True
405,physician's assistant,Hispanic,0.4382029265157491,0.1744809724217749,True
406,physician's assistant,Latino,0.02785502216582773,0.15202082834681566,True
407,physician's assistant,White,-0.14596232233380185,-0.234417893181131,True
408,pilot,Arab,0.9278904666869712,-0.06300296000690596,False
409,pilot,Asian,0.2813294289842884,0.15055071128618164,True
410,pilot,Black,0.7257333759489757,-0.18548693244594752,False
411,pilot,Hispanic,0.5856209253335257,0.16097304971005927,True
412,pilot,Latino,0.34120552475317395,0.14985659690178482,True
413,pilot,White,0.4361529154064171,-0.2587697239717031,False
414,plumber,Arab,0.5801597497979195,-0.06831080462611012,False
415,plumber,Asian,0.7901147255686664,0.025023078606525816,True
416,plumber,Black,1.341814698818041,-0.15692313110234374,False
417,plumber,Hispanic,0.028927632858103375,0.13963775132672832,True
418,plumber,Latino,-0.009645901560876784,0.1088654640805138,False
419,plumber,White,0.0880903746686281,-0.23787210507377066,False
420,police officer,Arab,1.1225076885626304,-0.12254511035234884,False
421,police officer,Asian,0.4597265777836128,0.1325719647691981,True
422,police officer,Black,1.2928527623071049,-0.14385725275400846,False
423,police officer,Hispanic,1.2607695212621512,0.09275942508955948,True
424,police officer,Latino,0.9975193098812584,0.08208940733554441,True
425,police officer,White,0.9215692592943888,-0.2147220643578237,False
426,policeman,Arab,1.4749292257514477,-0.04913812818227182,False
427,policeman,Asian,0.4183250498042596,0.12886617534236702,True
428,policeman,Black,1.5534216267628322,-0.16712436686433008,False
429,policeman,Hispanic,0.7195644956413976,0.16292496369485496,True
430,policeman,Latino,0.5904169372062609,0.1599162566735981,True
431,policeman,White,0.993801791322594,-0.2286586607882863,False
432,politician,Arab,1.6206149635058236,0.1076206024260547,True
433,politician,Asian,1.5397944884596704,0.259282589897275,True
434,politician,Black,0.575624700406444,0.09778105795629664,True
435,politician,Hispanic,1.2380952823819849,0.07308065626296294,True
436,politician,Latino,0.7768331414145881,0.05786430127860059,True
437,politician,White,0.6831239321888949,0.1299054134610148,True
438,postman,Arab,0.9401395061508312,0.0022929344613805713,True
439,postman,Asian,0.10062095005329932,-0.02870926094789074,False
440,postman,Black,0.624286900929552,-0.15363383009439147,False
441,postman,Hispanic,0.6559423092846595,0.1733799546987893,True
442,postman,Latino,0.9773108701906064,0.14987883886138614,True
443,postman,White,-0.4003313044656489,-0.2307887440443184,True
444,professor,Arab,0.7829975647969949,0.022583173380306423,True
445,professor,Asian,0.7302713060045214,0.10986718008472736,True
446,professor,Black,0.5080496610755288,-0.1656189267679173,False
447,professor,Hispanic,0.9722925170305664,0.1867525795528392,True
448,professor,Latino,0.8437340750574034,0.1702933036752413,True
449,professor,White,0.3266838854276751,-0.2064321244878648,False
450,programmer,Arab,0.20538950724335386,-0.07809233530972166,False
451,programmer,Asian,0.24160822594425194,0.06333138854550965,True
452,programmer,Black,-0.16655225599331494,-0.2363306530142673,True
453,programmer,Hispanic,0.2976586256777003,0.11776215084158174,True
454,programmer,Latino,0.3292748755738584,0.11742822576672003,True
455,programmer,White,-0.29999361138506003,-0.3138106432454057,True
456,psychologist,Arab,-0.8626026271460746,-0.06848912360491688,True
457,psychologist,Asian,-1.1079061999240074,0.045061749809184495,False
458,psychologist,Black,-0.9816667823849734,-0.1858940682198212,True
459,psychologist,Hispanic,-0.24915960218533,0.15075975257832727,False
460,psychologist,Latino,-0.26011888869000616,0.1300992833932618,False
461,psychologist,White,-1.2293823288753385,-0.2581533084226102,True
462,receptionist,Arab,0.1887357912200146,-0.0835532617993786,False
463,receptionist,Asian,0.6360201100979852,0.08444210488601077,True
464,receptionist,Black,0.04888907238221294,-0.1909609158887532,False
465,receptionist,Hispanic,0.960580377450292,0.11714846806851055,True
466,receptionist,Latino,0.5009462590310906,0.0978814900248615,True
467,receptionist,White,0.20371174016663973,-0.26259156562440633,False
468,salesperson,Arab,0.3554164345634523,-0.014801108932684643,False
469,salesperson,Asian,0.6124123071049007,0.07568821761375251,True
470,salesperson,Black,0.6395998588792524,-0.06487565436345785,False
471,salesperson,Hispanic,1.048537919914872,0.15625429040740876,True
472,salesperson,Latino,0.6268957056966236,0.12966017814673508,True
473,salesperson,White,0.3575787141284962,-0.14941680371642907,False
474,scientist,Arab,0.2377838051919769,-0.06275316359553823,False
475,scientist,Asian,0.04364829417713705,0.12507285445132474,True
476,scientist,Black,-0.5682515901368294,-0.1861575418596929,True
477,scientist,Hispanic,0.28072007788883585,0.16258696839149153,True
478,scientist,Latino,0.11912684979851752,0.13511793062615304,True
479,scientist,White,-0.6329734567720307,-0.22087272240345748,True
480,scholar,Arab,0.4546129777006122,0.20058161139857825,True
481,scholar,Asian,0.04793930576788882,-0.005611403849846944,False
482,scholar,Black,-0.11949371224716855,-0.16559511118804832,True
483,scholar,Hispanic,0.34640422338800153,0.1777908093419608,True
484,scholar,Latino,0.27727002580375365,0.1903992956031956,True
485,scholar,White,-0.3314612441386831,-0.16807371670563798,True
486,secretary,Arab,-0.0388608413602491,-0.0239135111313588,True
487,secretary,Asian,-0.3021673768897541,0.17713689303629734,False
488,secretary,Black,-0.18900573558929648,-0.15521957800392008,True
489,secretary,Hispanic,0.3559879104983779,0.14164443477958694,True
490,secretary,Latino,0.20379854180736395,0.12181177952685775,True
491,secretary,White,-0.018065838841549355,-0.17582101900471145,True
492,server,Arab,0.29828014045904944,-0.0380905319253292,False
493,server,Asian,0.1211353318450149,-0.009583148880601324,False
494,server,Black,0.030939222930629194,-0.11658564416997425,False
495,server,Hispanic,-0.11802276244320865,0.1136866467661541,False
496,server,Latino,0.08542436941994422,0.09256950108801199,True
497,server,White,-0.15825559764498198,-0.21720003122678014,True
498,singer,Arab,1.3520726231133984,0.008382785638745656,True
499,singer,Asian,1.5063452074403545,0.18415319107058545,True
500,singer,Black,0.7493662947525728,-0.20110507268095965,False
501,singer,Hispanic,1.6805595048411464,0.21486353772077332,True
502,singer,Latino,1.7169535043113517,0.24630644668190274,True
503,singer,White,0.4825326685546136,-0.2905672438781104,False
504,skipper,Arab,0.04834824462588039,-0.08366545309281719,False
505,skipper,Asian,0.4540362067036756,0.023995786479379468,True
506,skipper,Black,0.8799443848050214,-0.11907669491189615,False
507,skipper,Hispanic,0.3367296986753828,0.13070012163023445,True
508,skipper,Latino,0.3138461542912802,0.10733583152783764,True
509,skipper,White,0.3531189100834873,-0.2188037779846398,False
510,soldier,Arab,1.8856109056517687,0.2827907466253374,True
511,soldier,Asian,0.167622603553298,0.1055462029884994,True
512,soldier,Black,1.3195143928546695,0.09866055609305878,True
513,soldier,Hispanic,0.3917450379793673,0.13800325119874793,True
514,soldier,Latino,-0.1112000042566767,0.16221172127179834,False
515,soldier,White,1.0113309903763126,0.10350801358918624,True
516,socialite,Arab,0.7070964791716661,-0.0165581951726966,False
517,socialite,Asian,1.0827104345354892,0.2062612401219375,True
518,socialite,Black,0.5246774228933019,-0.1688051294513878,False
519,socialite,Hispanic,0.8297945304002322,0.1389445992359362,True
520,socialite,Latino,0.5074194362400155,0.14604193249504774,True
521,socialite,White,0.3049251433296854,-0.13321910788458455,False
522,stylist,Arab,0.5980591635781631,-0.04135296805471937,False
523,stylist,Asian,1.206369334371163,0.033441744122497084,True
524,stylist,Black,0.3893328383228288,-0.17563741635963456,False
525,stylist,Hispanic,0.5401738085442538,0.14225997131797813,True
526,stylist,Latino,0.42149111948238943,0.14220638067087452,True
527,stylist,White,-0.17308182058337088,-0.2730357081718604,True
528,surgeon,Arab,0.5279166944959354,0.04611539786921732,True
529,surgeon,Asian,0.2486591447446627,0.11724537478138508,True
530,surgeon,Black,0.4992125079947851,-0.13737238753601966,False
531,surgeon,Hispanic,0.3664137024117262,0.21627194360549887,True
532,surgeon,Latino,0.1340445018954499,0.20635938825219305,True
533,surgeon,White,0.3001006154077713,-0.17599033635465494,False
534,teacher,Arab,0.3770519977909265,0.09486002453451828,True
535,teacher,Asian,0.4462854779628998,0.1227848939174982,True
536,teacher,Black,0.2636670877482729,-0.1668837998394441,False
537,teacher,Hispanic,0.905031572213876,0.2439264420702487,True
538,teacher,Latino,0.9263702465705772,0.253402429716206,True
539,teacher,White,0.3712326708451449,-0.2287890519081889,False
540,therapist,Arab,0.17990357950930316,-0.08572928703105928,False
541,therapist,Asian,0.05968625108948757,-0.002512218037668879,False
542,therapist,Black,-0.19304312536439866,-0.2001083007118528,True
543,therapist,Hispanic,0.7653290501449128,0.10096255717144174,True
544,therapist,Latino,0.6520982751002385,0.08656631800871031,True
545,therapist,White,-0.14722108416190074,-0.2768508461757018,True
546,translator,Arab,1.297364035863668,0.058190964527324016,True
547,translator,Asian,2.2747760038074127,0.06538036075181444,True
548,translator,Black,0.6226785565730716,-0.2625894791371705,False
549,translator,Hispanic,1.8267217542391139,0.21754273286118084,True
550,translator,Latino,1.2778734216593215,0.25984813261430145,True
551,translator,White,0.3735154646150002,-0.35240821340911666,False
552,undertaker,Arab,0.7480289653238329,-0.017891642317183643,False
553,undertaker,Asian,0.35116092031640883,-0.04407964838721566,False
554,undertaker,Black,0.794727798934554,-0.19689574221588896,False
555,undertaker,Hispanic,0.8506415691937872,0.15914151647232888,True
556,undertaker,Latino,0.4962014765544362,0.13025509973387986,True
557,undertaker,White,0.17192856903751527,-0.24440582845008374,False
558,veterinarian,Arab,-0.5329912843859627,-0.042623388420591886,True
559,veterinarian,Asian,-0.32944434164800224,0.11495995330402535,False
560,veterinarian,Black,-0.5013322720874268,-0.1587777909435595,True
561,veterinarian,Hispanic,0.5850344518938919,0.19329061987251855,True
562,veterinarian,Latino,0.29164213634307695,0.17917473039848975,True
563,veterinarian,White,-0.5774250463537546,-0.24107357878227656,True
564,videographer,Arab,0.6235821108501899,-0.05433787585361479,False
565,videographer,Asian,0.9653503674413432,-0.007100322146610523,False
566,videographer,Black,0.3353430137060394,-0.2334638499807179,False
567,videographer,Hispanic,0.1136791808741291,0.11367863245260325,True
568,videographer,Latino,0.4758269757212973,0.12107539546977822,True
569,videographer,White,-0.3547865757133992,-0.3252986152502734,True
570,waiter,Arab,2.104917021130172,0.0056196492638541365,True
571,waiter,Asian,1.8447468802407447,0.17008179635189224,True
572,waiter,Black,2.0027476021323456,-0.2637815004433017,False
573,waiter,Hispanic,1.2018952253675004,0.1931150082237044,True
574,waiter,Latino,1.3328729066438056,0.2266728240643947,True
575,waiter,White,0.8718358031952335,-0.3331642229906865,False
576,waitress,Arab,1.81956212897376,-0.15489340936676685,False
577,waitress,Asian,2.3638519728179888,0.16410137490396182,True
578,waitress,Black,2.1481188610334434,-0.2255842667909242,False
579,waitress,Hispanic,1.3640230920713057,0.05412835981662886,True
580,waitress,Latino,0.9786293749968471,0.06302573446433403,True
581,waitress,White,1.2623942043805818,-0.2867194558121092,False
582,warrior,Arab,1.7668555106650503,0.2885997497926359,True
583,warrior,Asian,0.393656677940215,0.040020918637475415,True
584,warrior,Black,1.233219222550045,0.18662996186209815,True
585,warrior,Hispanic,-0.2998079697211636,0.07134502703041054,False
586,warrior,Latino,-0.4479278021520285,0.08292118305641072,False
587,warrior,White,0.9321096341391659,0.1916859847740112,True
588,writer,Arab,1.3520273642173266,-0.02178049172037625,False
589,writer,Asian,1.549058640111015,-0.0076836969743157455,False
590,writer,Black,0.396539601290609,-0.1808309430637808,False
591,writer,Hispanic,1.435219845583228,0.14561695333585095,True
592,writer,Latino,1.4848471072299154,0.14474997581449178,True
593,writer,White,-0.1542411614650728,-0.2697499668830912,True
