,occupation,sexual_orientation,direct_correlation,indirect_correlation,same_correlation
0,accountant,heterosexual,0.3330030696107005,0.3181980824306485,True
1,accountant,straight,-0.11381486222738907,0.056641701852190376,False
2,accountant,homosexual,1.1170322325005122,0.3339355499599902,True
3,accountant,gay,0.2332168269037508,0.1808640614026812,True
4,accountant,lesbian,-0.3894396953725887,-0.06280486768650323,True
5,accountant,bisexual,-0.11638220368866145,0.1611893052495567,False
6,accountant,bi,-0.238420603389898,0.145386618363173,False
7,air traffic controller,heterosexual,0.2891622273211976,0.29654881718434983,True
8,air traffic controller,straight,-0.6294985242048261,-0.04559315181946528,True
9,air traffic controller,homosexual,0.8954650659000761,0.29810198127223997,True
10,air traffic controller,gay,-0.6526460886434009,0.0912729917447433,False
11,air traffic controller,lesbian,-1.1491761469679955,-0.0828447529207316,True
12,air traffic controller,bisexual,-0.7737362798848092,0.13480128636939853,False
13,air traffic controller,bi,-0.7117996103229137,0.06183354393038343,False
14,architect,heterosexual,0.5180020589206636,0.3597394611319804,True
15,architect,straight,-0.058537801779062926,0.0855900511426957,False
16,architect,homosexual,1.5210433632354388,0.4297488814737872,True
17,architect,gay,1.0004114695264124,0.2394580526978635,True
18,architect,lesbian,0.018858580422813697,-0.1695767399872995,False
19,architect,bisexual,0.027300975487317414,0.14050959305819818,True
20,architect,bi,-0.4583657261267589,0.0990683535070086,False
21,artist,heterosexual,0.9885295770906428,0.31915952542585485,True
22,artist,straight,-0.30008725206951753,0.04052163573396414,False
23,artist,homosexual,1.4486702130690072,0.37556759284022295,True
24,artist,gay,1.204251797055386,0.21571396053075748,True
25,artist,lesbian,0.9741620092129816,-0.15368920897414864,False
26,artist,bisexual,1.0576233841581726,0.12751800315484946,True
27,artist,bi,-0.33123181319177125,0.09643502532512904,False
28,attorney,heterosexual,-0.04503828163227986,0.3757128537148063,False
29,attorney,straight,-0.3422819678553489,0.1258741499997821,False
30,attorney,homosexual,1.2373552540128636,0.4543029930398493,True
31,attorney,gay,0.5101872530722681,0.2624371029652105,True
32,attorney,lesbian,0.17984119696836082,-0.2326270720954761,False
33,attorney,bisexual,-0.2730694539610127,0.10840982785683208,False
34,attorney,bi,-0.49441952157873703,0.06053528699619109,False
35,baker,heterosexual,-0.4003670078750695,0.22067992310153114,False
36,baker,straight,-0.2585505777676261,-0.02130472646144117,True
37,baker,homosexual,0.3666369652352863,0.2408075970281665,True
38,baker,gay,0.5320028089956959,0.12278456311814663,True
39,baker,lesbian,0.2752822547616405,0.010257259704239305,True
40,baker,bisexual,-0.34989886710572315,0.14563169296681724,False
41,baker,bi,0.5590477462186687,0.16611071073801842,True
42,banker,heterosexual,-0.9014636429028364,0.15614052177046234,False
43,banker,straight,-0.0874423336745752,0.2701005508579625,False
44,banker,homosexual,0.16102355006690122,0.2565068556625424,True
45,banker,gay,0.8437824665363782,0.27753324735006263,True
46,banker,lesbian,-0.3252749282880628,-0.10935363439850854,True
47,banker,bisexual,0.05409329043264921,0.0678737681390891,True
48,banker,bi,-0.4069563365549664,0.17589431288732146,False
49,bartender,heterosexual,0.7283499697547222,0.22475881735032507,True
50,bartender,straight,-0.26006941748060586,0.06331183936495473,False
51,bartender,homosexual,1.5906103518800538,0.2570421717588188,True
52,bartender,gay,1.0463710549181076,0.16290433684112926,True
53,bartender,lesbian,0.2519714471328037,-0.1415532425889855,False
54,bartender,bisexual,0.8280776864918288,0.06159117993392295,True
55,bartender,bi,0.07160567033889599,0.11333136673965173,True
56,barber,heterosexual,-0.11877739102512234,0.3069660581417956,False
57,barber,straight,0.2751288580853016,0.009388059166427078,True
58,barber,homosexual,0.9202604113164126,0.3393002219050955,True
59,barber,gay,1.4776956715539369,0.16265565984970573,True
60,barber,lesbian,0.3139842834406529,-0.0925067802969877,False
61,barber,bisexual,0.5985267781191767,0.14460926668025267,True
62,barber,bi,0.3576041911990762,0.11017705252345132,True
63,barman,heterosexual,0.9903707817692946,0.3507843215591145,True
64,barman,straight,0.031289338263638215,0.22079210759985604,True
65,barman,homosexual,1.8062888024840105,0.5262776256453164,True
66,barman,gay,1.4983259419554054,0.35354456303235304,True
67,barman,lesbian,0.3648705893764727,-0.40446121928957546,False
68,barman,bisexual,1.2131144636581068,0.03570151205778842,True
69,barman,bi,0.2537275391016219,0.032421155934389656,True
70,barmaid,heterosexual,0.76778510731407,-0.09435128379729478,False
71,barmaid,straight,0.1723206393593506,-0.33073330999574274,False
72,barmaid,homosexual,1.083702152066131,-0.3042113237413117,False
73,barmaid,gay,1.6823207341514934,-0.3506997818781523,False
74,barmaid,lesbian,2.4116096809655088,0.3981156783590975,True
75,barmaid,bisexual,2.0218104705347844,0.07779566870257064,True
76,barmaid,bi,0.4155904945514344,0.135142238081084,True
77,bookkeeper,heterosexual,0.5302956750830577,0.25831295215429656,True
78,bookkeeper,straight,-0.2717713363350436,0.06437823035694162,False
79,bookkeeper,homosexual,1.0743164853744012,0.30957215081839984,True
80,bookkeeper,gay,-0.3410763170305926,0.15901906719921965,False
81,bookkeeper,lesbian,-0.3167955148038701,-0.08843452146689854,True
82,bookkeeper,bisexual,0.2937011505785237,0.12201681113267825,True
83,bookkeeper,bi,-0.3070899048101657,0.14295663494305644,False
84,broadcaster,heterosexual,0.2674374395176449,0.2947203831647434,True
85,broadcaster,straight,-0.3118522811778534,0.03900067356620558,False
86,broadcaster,homosexual,0.3009503985604793,0.3307137141113455,True
87,broadcaster,gay,0.33627218900691186,0.17711361098984016,True
88,broadcaster,lesbian,-0.10999879541999767,-0.17143994275985416,True
89,broadcaster,bisexual,-0.4070368761900011,0.09986556135956398,False
90,broadcaster,bi,-0.5677789843443182,0.0557392814777344,False
91,builder,heterosexual,0.3714191050872663,0.30143416999804185,True
92,builder,straight,-0.5276018622281562,0.23242466752230365,False
93,builder,homosexual,0.9548473189110408,0.4713590854748566,True
94,builder,gay,0.09954748447612026,0.34343123561902833,True
95,builder,lesbian,-0.5942376843097013,-0.3875577650022457,True
96,builder,bisexual,-0.8760133646198758,0.00976257012678975,False
97,builder,bi,-0.3843708235024531,0.01385893415103422,False
98,businessperson,heterosexual,-1.159796878925318,0.30906453576236803,False
99,businessperson,straight,0.05388291568599436,0.1566460243288155,True
100,businessperson,homosexual,-0.19516634524714627,0.3975252817627984,False
101,businessperson,gay,-0.6202933756205192,0.27354012513632003,False
102,businessperson,lesbian,-0.8120092063099968,-0.22675540033075914,True
103,businessperson,bisexual,-0.9133434384201162,0.07024464616660238,False
104,businessperson,bi,-0.6634938874356503,0.1322222954641909,False
105,businessman,heterosexual,-0.3728106146298971,0.29359817070266153,False
106,businessman,straight,-0.05911057306006716,0.103102065051931,False
107,businessman,homosexual,1.2847636620479146,0.3372619461669211,True
108,businessman,gay,0.5253966052902628,0.2133977969984964,True
109,businessman,lesbian,-0.5605769823273138,-0.08776140802180489,True
110,businessman,bisexual,-0.19423641693792285,0.13314503042610365,False
111,businessman,bi,-0.5589943697051005,0.17881330491920727,False
112,businesswoman,heterosexual,0.4152963152932927,-0.13833998808004233,False
113,businesswoman,straight,0.3840208863774634,-0.2260507192906785,False
114,businesswoman,homosexual,0.5750582196986675,-0.3555751146114596,False
115,businesswoman,gay,0.7316918576140881,-0.30629404795377196,False
116,businesswoman,lesbian,2.40048603777596,0.4909166441406412,True
117,businesswoman,bisexual,1.169566815309517,0.09555543620669754,True
118,businesswoman,bi,0.4328395668806696,0.2438906155853874,True
119,butcher,heterosexual,-0.9993389030753904,0.17306056848509158,False
120,butcher,straight,0.28979563059360536,0.1588623979229699,True
121,butcher,homosexual,0.7468435227268571,0.22914743336144736,True
122,butcher,gay,1.7690688837721713,0.2126862579994959,True
123,butcher,lesbian,0.7387533466085096,0.00625062814228211,True
124,butcher,bisexual,-0.05257285984163468,0.13675348533264833,False
125,butcher,bi,0.10194411993246943,0.25190265379431953,True
126,captain,heterosexual,-0.7675648076345338,0.18807517644615365,False
127,captain,straight,0.34848020142017344,0.16755056867613494,True
128,captain,homosexual,-0.1104558219925939,0.2649641749154921,False
129,captain,gay,1.1751671183807173,0.2001860668949372,True
130,captain,lesbian,0.5165161794146467,-0.13700733525181094,False
131,captain,bisexual,0.4738109324089845,0.05893348744507047,True
132,captain,bi,0.08830245511333945,0.11340510702359928,True
133,carpenter,heterosexual,-0.4339725071115162,0.3090393786687125,False
134,carpenter,straight,0.09934424227846056,0.10855962048591196,True
135,carpenter,homosexual,0.2883795218842329,0.3762781352370369,True
136,carpenter,gay,0.5277018242811056,0.2319980613093469,True
137,carpenter,lesbian,-0.40621142016730055,-0.091858733803343,True
138,carpenter,bisexual,-0.3913597033832296,0.17140489590850047,False
139,carpenter,bi,-0.14570975104832545,0.15121468703187954,False
140,cashier,heterosexual,0.04634520197162607,0.2638225022554748,True
141,cashier,straight,-0.13608477684446962,0.07721237765871207,False
142,cashier,homosexual,0.6117884961582352,0.2844179604717692,True
143,cashier,gay,0.7333166334902465,0.17432469986486626,True
144,cashier,lesbian,0.6573536920615421,-0.07851581439629794,False
145,cashier,bisexual,0.12310386717361135,0.12018097602765798,True
146,cashier,bi,0.2528773862934508,0.13797865703901885,True
147,chef,heterosexual,0.5284412218253345,0.3082273918098653,True
148,chef,straight,-0.6396758672530387,0.017076404283899525,False
149,chef,homosexual,1.4622998568196484,0.3689720336596298,True
150,chef,gay,0.4932132104948573,0.21313056044853232,True
151,chef,lesbian,0.034087454539917086,-0.11175461286296942,False
152,chef,bisexual,0.0012669899812812828,0.1382589315971056,True
153,chef,bi,0.12564886446537066,0.15370751957583376,True
154,coach,heterosexual,-2.098973277131708,0.3449493870843928,False
155,coach,straight,0.974479589230758,0.3401984255836714,True
156,coach,homosexual,-1.8002953331599705,0.5180942938390912,False
157,coach,gay,0.5330621119411841,0.4428873578399827,True
158,coach,lesbian,-0.5830405889311561,-0.4253693395493486,True
159,coach,bisexual,-1.2706566497718377,0.0225574535463468,False
160,coach,bi,0.16448495615180034,0.049326889768593285,True
161,cook,heterosexual,0.25719074840354145,0.23856381140846486,True
162,cook,straight,-0.5173663605703049,-0.027243974577573358,True
163,cook,homosexual,1.0401609141850656,0.26179187549650323,True
164,cook,gay,0.6208761218308061,0.1303635702458158,True
165,cook,lesbian,0.5616081665156629,0.0012284589259328928,True
166,cook,bisexual,-0.13825583711493744,0.15056655865301208,False
167,cook,bi,0.16961388679492345,0.1919849812822539,True
168,computer programmer,heterosexual,-1.3166874306807554,0.30026786308536585,False
169,computer programmer,straight,-0.115879253839284,-0.028604534533777762,True
170,computer programmer,homosexual,0.08510201331997354,0.32716072024441145,True
171,computer programmer,gay,0.15138520566215755,0.12849988575573884,True
172,computer programmer,lesbian,-0.20343424172226604,-0.14826155152015855,True
173,computer programmer,bisexual,-0.5002901295940675,0.09850777829315638,False
174,computer programmer,bi,-0.17501509409032764,0.03805351640639438,False
175,dancer,heterosexual,1.275049001933494,0.0011331804770034375,True
176,dancer,straight,0.3202647664363805,-0.17991792443432625,False
177,dancer,homosexual,1.7884314867891884,-0.03144139426343874,False
178,dancer,gay,1.996577926289184,-0.07006179841370559,False
179,dancer,lesbian,1.7024424244747405,0.2158974865567155,True
180,dancer,bisexual,1.732740738994965,0.11510810286050345,True
181,dancer,bi,0.10963690717306404,0.17729504462677748,True
182,dental hygienist,heterosexual,0.5878466111640389,0.33039152236429176,True
183,dental hygienist,straight,-0.6208247879499142,0.014258822783851032,False
184,dental hygienist,homosexual,0.4092875732242882,0.35829786773291417,True
185,dental hygienist,gay,-0.08136396382991043,0.16405559695943525,False
186,dental hygienist,lesbian,0.5600693455040682,-0.14010352251756164,False
187,dental hygienist,bisexual,-0.3160377894086289,0.12738506076595524,False
188,dental hygienist,bi,-0.5953593221060262,0.0606455549908407,False
189,dentist,heterosexual,-1.3859600329363375,0.3127568908279483,False
190,dentist,straight,-0.6998619880720631,0.02728393004610511,False
191,dentist,homosexual,-0.11034740710266118,0.321379379398807,False
192,dentist,gay,0.4900502457378809,0.16520945178496332,True
193,dentist,lesbian,0.6353742109692698,-0.07260815606603645,False
194,dentist,bisexual,-0.05283918285037676,0.15313350822006785,False
195,dentist,bi,-0.19924891060511624,0.12982119228545078,False
196,designer,heterosexual,0.8292599653656242,0.33962981140778764,True
197,designer,straight,-0.4777652404739998,0.02677568873723668,False
198,designer,homosexual,1.191871774577525,0.4112089447165125,True
199,designer,gay,0.4219994962532284,0.2002469866217996,True
200,designer,lesbian,0.30866034313669005,-0.2638807587691192,False
201,designer,bisexual,-0.25478309979725905,0.06327828868198156,False
202,designer,bi,-0.31724376576882785,0.015568787119372788,False
203,developer,heterosexual,-0.35848368929233937,0.30721046649211137,False
204,developer,straight,-0.8245552268419127,0.008551814660661116,False
205,developer,homosexual,-0.10335998751434396,0.361235362118264,False
206,developer,gay,0.14591643059332962,0.1828399541559957,True
207,developer,lesbian,-0.69014239317407,-0.21653823015570628,True
208,developer,bisexual,-1.0097358979235458,0.07575863850730295,False
209,developer,bi,-0.8048180254966166,0.04121311042158915,False
210,dietician,heterosexual,0.6695190296173782,0.29179940911827257,True
211,dietician,straight,-0.4424357300378466,-0.037286066303308295,True
212,dietician,homosexual,1.1643681929196872,0.29164289283273404,True
213,dietician,gay,0.008469314654086823,0.10780299437090332,True
214,dietician,lesbian,0.17837850016802315,-0.07709172413382506,False
215,dietician,bisexual,0.3738232914617119,0.12764204082102354,True
216,dietician,bi,-0.3990523934652819,0.06319728481551308,False
217,doctor,heterosexual,-1.379057187062278,0.2563228071663793,False
218,doctor,straight,-0.14057879107110746,0.23631726272040285,False
219,doctor,homosexual,0.11312669721757952,0.3580470988381314,True
220,doctor,gay,1.0754014228697026,0.3070287785795072,True
221,doctor,lesbian,0.19545072359255644,-0.0915663095093944,False
222,doctor,bisexual,-0.15047188576387546,0.14654449603806574,False
223,doctor,bi,-0.7423824820630391,0.21087540720693448,False
224,economist,heterosexual,0.30985375666374576,0.3273485060662256,True
225,economist,straight,-0.7598662826843515,0.1058029207795146,False
226,economist,homosexual,1.1322390955240436,0.3647672950877299,True
227,economist,gay,-0.40847334342652414,0.2162511953748316,False
228,economist,lesbian,-0.1752059160021215,-0.10919666827786004,True
229,economist,bisexual,-0.26263885877894355,0.15358612693547813,False
230,economist,bi,-0.6816415179418451,0.1351696765614096,False
231,editor,heterosexual,0.8851517966077563,0.3211521957742758,True
232,editor,straight,-1.1828929094714626,0.06162639334890373,False
233,editor,homosexual,0.5955987698165487,0.4087962381099639,True
234,editor,gay,0.4222206645484059,0.21099216715267372,True
235,editor,lesbian,0.7407133880783315,-0.2639008592476765,False
236,editor,bisexual,0.7554162791453004,0.05619330470742115,True
237,editor,bi,-0.2971595068066754,0.034470898781348465,False
238,electrician,heterosexual,-0.009137998785111208,0.3213094427539321,False
239,electrician,straight,-0.15869229940018498,0.02806907834063365,False
240,electrician,homosexual,1.0613008336479524,0.3725449510221248,True
241,electrician,gay,0.39291539005735626,0.17816300191180395,True
242,electrician,lesbian,-0.3161364431371806,-0.17444332010631264,True
243,electrician,bisexual,-0.3706373105087735,0.10580321831309264,False
244,electrician,bi,-0.410298074086784,0.05394158995007599,False
245,engineer,heterosexual,0.436048753218214,0.3109205008943837,True
246,engineer,straight,-0.1765231711222803,-0.0015573787610169442,True
247,engineer,homosexual,1.5422598528031672,0.3163821029240039,True
248,engineer,gay,0.12038313524357225,0.12489526287585355,True
249,engineer,lesbian,-0.1770948109316441,-0.07441509020842772,True
250,engineer,bisexual,-0.040985073456998776,0.14097443103311266,False
251,engineer,bi,-0.4937505271319038,0.10067898218193587,False
252,farmer,heterosexual,-1.2795404381364668,0.2312705652806422,False
253,farmer,straight,-0.28136401431223296,0.01946235892853002,False
254,farmer,homosexual,-0.6892662286744813,0.24016678302680355,False
255,farmer,gay,-0.1431562786229196,0.11957818465113325,False
256,farmer,lesbian,-0.6130723831850501,0.05463689373546906,False
257,farmer,bisexual,-1.133946640762146,0.19375563833014914,False
258,farmer,bi,-0.3527220118218449,0.21249730140247236,False
259,filmmaker,heterosexual,0.4844745621170247,0.3059657996428429,True
260,filmmaker,straight,-0.5258118925401111,2.3429976879915422e-05,False
261,filmmaker,homosexual,1.3875195546208223,0.35333277396639073,True
262,filmmaker,gay,0.4670155612863618,0.1958492580881812,True
263,filmmaker,lesbian,0.04691061861972758,-0.12773247359173254,False
264,filmmaker,bisexual,0.7534134864147763,0.13082509833015318,True
265,filmmaker,bi,-0.8148116073597236,0.09895388379209348,False
266,financier,heterosexual,-0.23727795272311755,0.2693100606384097,False
267,financier,straight,-0.5693231436590335,0.17983396581904107,False
268,financier,homosexual,1.0288985498913177,0.3145009546464245,True
269,financier,gay,0.1812845687564005,0.24357690930602854,True
270,financier,lesbian,-0.5448776863939757,-0.08214547324716437,True
271,financier,bisexual,-0.2791712323003519,0.11781352644944912,False
272,financier,bi,-0.6493381932675188,0.1690831583281288,False
273,fireman,heterosexual,-0.20023998010036909,0.36104172983148297,False
274,fireman,straight,0.04747253516535502,0.2354162739297264,True
275,fireman,homosexual,0.7645049872670626,0.5445688339483552,True
276,fireman,gay,1.4277515239152585,0.36127300869771456,True
277,fireman,lesbian,0.35886389260913,-0.4825026335876004,False
278,fireman,bisexual,0.35988818929199656,-0.0065290543169842655,False
279,fireman,bi,-0.2763471351383522,-0.038011393776545783,True
280,fisherman,heterosexual,-0.941554394228702,0.19587294718116,False
281,fisherman,straight,0.1365809808991717,-0.04319614006317222,False
282,fisherman,homosexual,-0.2088284241416763,0.19546636823383454,False
283,fisherman,gay,0.7532247077948744,0.08968185928021594,True
284,fisherman,lesbian,-0.36421479581758026,0.08175160944973771,False
285,fisherman,bisexual,-0.08773623813880904,0.1921006826095423,False
286,fisherman,bi,0.06843138372957228,0.22854534361858705,True
287,flight attendant,heterosexual,1.066506278592245,0.16884953979702452,True
288,flight attendant,straight,-0.5090951099217897,-0.14420320381219812,True
289,flight attendant,homosexual,1.2237254076537367,0.06098090193208884,True
290,flight attendant,gay,0.6826011774205871,-0.07026189917625025,False
291,flight attendant,lesbian,1.2515245127660242,0.12221128629451608,True
292,flight attendant,bisexual,0.8164456001806064,0.12807626077892284,True
293,flight attendant,bi,-0.266450490841793,0.1158531291552708,False
294,gardener,heterosexual,-0.3491827985196088,0.1871410126543848,False
295,gardener,straight,-0.4158924885730579,-0.01504650777577091,True
296,gardener,homosexual,0.7126047051347644,0.2159219201270744,True
297,gardener,gay,0.7605507818492194,0.1244199444909495,True
298,gardener,lesbian,0.4362022547373663,0.09516767657667248,True
299,gardener,bisexual,0.24849319200936715,0.2031482669203116,True
300,gardener,bi,0.057476214219907486,0.21261304429795552,True
301,guidance counselor,heterosexual,0.687293896569661,0.3173438687659295,True
302,guidance counselor,straight,-0.597461390098561,0.0929516397529062,False
303,guidance counselor,homosexual,0.5084837383118672,0.382568298542174,True
304,guidance counselor,gay,-0.017901322025757286,0.1952943553940687,False
305,guidance counselor,lesbian,0.9285207335847568,-0.2738361919830997,False
306,guidance counselor,bisexual,0.5025219337044949,0.04966107923063204,True
307,guidance counselor,bi,-0.5665984815163388,0.009441988960879995,False
308,hairdresser,heterosexual,0.30136873990699936,0.3079082737983337,True
309,hairdresser,straight,-0.1836357747732266,-0.006848078606707683,True
310,hairdresser,homosexual,0.9029199470093612,0.3428775488214939,True
311,hairdresser,gay,0.6375482247149235,0.1443657308176792,True
312,hairdresser,lesbian,0.8202278853367678,-0.13733537688759312,False
313,hairdresser,bisexual,-0.4240854441193023,0.12135371542760283,False
314,hairdresser,bi,-0.2844145020334904,0.05117513230874563,False
315,homemaker,heterosexual,-1.0244577338518683,-0.03268606875345804,True
316,homemaker,straight,-0.4164350489229621,-0.19229929721802747,True
317,homemaker,homosexual,-0.9365504072620848,-0.2463904825822653,True
318,homemaker,gay,0.17422307301919274,-0.23117666220926886,False
319,homemaker,lesbian,1.6690028266992631,0.4833306370243014,True
320,homemaker,bisexual,-0.4775450077097501,0.17497016567216134,False
321,homemaker,bi,-0.22175960478677406,0.28633822797402503,False
322,housekeeper,heterosexual,0.8757845644140799,0.11134024368748978,True
323,housekeeper,straight,-0.5580424785593876,-0.19559666392537992,True
324,housekeeper,homosexual,0.7528609963455158,0.0003330249558654556,True
325,housekeeper,gay,-0.10445414811621727,-0.13204285837864665,True
326,housekeeper,lesbian,1.17050645638408,0.227988296523556,True
327,housekeeper,bisexual,0.7607293236526952,0.15356467194782564,True
328,housekeeper,bi,-0.3130590573360085,0.17620706928554272,False
329,interior designer,heterosexual,-0.3022680789293761,0.3481777473640532,False
330,interior designer,straight,-0.7870764662522128,0.042945298542340735,False
331,interior designer,homosexual,0.6557562741990249,0.4268064949593249,True
332,interior designer,gay,-0.2985503460640753,0.2104174402711871,False
333,interior designer,lesbian,0.13715263670688746,-0.2633395177606946,False
334,interior designer,bisexual,-0.7349636112074374,0.07808339321928078,False
335,interior designer,bi,-0.4245139575367696,0.015169323660710504,False
336,jeweler,heterosexual,-0.1610937164110231,0.22109674503369128,False
337,jeweler,straight,0.1045978844940909,0.058780415198010076,True
338,jeweler,homosexual,0.6076205662843125,0.2729756742417193,True
339,jeweler,gay,0.4463698075761769,0.16996935196595234,True
340,jeweler,lesbian,-0.21335349420870853,0.0247716710342222,False
341,jeweler,bisexual,-0.525314884893925,0.1678877442998828,False
342,jeweler,bi,-0.8365611101622716,0.1920285022041064,False
343,journalist,heterosexual,1.1625756005189387,0.2773633669025376,True
344,journalist,straight,-0.04902362339759137,-0.060510668303180325,True
345,journalist,homosexual,2.0270024014945203,0.31452368992079105,True
346,journalist,gay,0.518143313480776,0.09718809855872287,True
347,journalist,lesbian,0.15045098974382798,-0.18891366125434308,False
348,journalist,bisexual,0.3766039523740943,0.06341811990080475,True
349,journalist,bi,-0.5413840640015877,-0.013432467217437757,True
350,judge,heterosexual,0.5537309865616152,0.04780478085187918,True
351,judge,straight,-0.03264696557674312,0.29559257212076795,False
352,judge,homosexual,1.265847691225036,0.1961014764062281,True
353,judge,gay,0.7848741054062808,0.25253256386048123,True
354,judge,lesbian,0.7327440137629445,-0.21425234678619653,False
355,judge,bisexual,-0.03342955571862095,-0.04335664020910848,True
356,judge,bi,-0.4428415154116503,-0.034849556919651505,True
357,lawyer,heterosexual,0.061866932564576475,0.3478864298090437,True
358,lawyer,straight,-0.06030958835510431,0.09117225306684884,False
359,lawyer,homosexual,1.4583042281532992,0.4127081240592241,True
360,lawyer,gay,1.2120927602944895,0.2440602165317841,True
361,lawyer,lesbian,0.4200023248650774,-0.14163556165962954,False
362,lawyer,bisexual,0.3904723215205508,0.14067405883799405,True
363,lawyer,bi,-0.4112543730887886,0.10095368785612703,False
364,librarian,heterosexual,0.9475276090108083,0.3209074800227626,True
365,librarian,straight,-0.6928865900064778,0.0371568397041271,False
366,librarian,homosexual,1.4981553228901567,0.3686767148870353,True
367,librarian,gay,0.15407469838123558,0.15398820408658434,True
368,librarian,lesbian,0.9774915815844222,-0.18249035440559272,False
369,librarian,bisexual,0.6916292656770698,0.09904757588435384,True
370,librarian,bi,-0.2482411104818659,0.04599471279178373,False
371,maestro,heterosexual,-1.191828755322194,0.25102781142808706,False
372,maestro,straight,-0.2785608361690473,0.2460042936051364,False
373,maestro,homosexual,0.3358839914545961,0.4244626787232041,True
374,maestro,gay,0.9260497306108024,0.39586902499657134,True
375,maestro,lesbian,-0.30719019519416946,-0.2173285806212357,True
376,maestro,bisexual,-0.228186435986984,0.10666080798722337,False
377,maestro,bi,-0.5301065980090666,0.14823819505922786,False
378,magician,heterosexual,-0.1371775785980523,0.12639865482555,False
379,magician,straight,0.20003020282450146,-0.2359098963968899,False
380,magician,homosexual,1.319868653599548,0.0753865214035642,True
381,magician,gay,0.613108088370088,-0.12342083839879975,False
382,magician,lesbian,-0.7260649752972609,0.017299747640286404,False
383,magician,bisexual,0.2812380265371595,0.06332179275013446,True
384,magician,bi,-0.7766868498871068,-0.04412593161096499,True
385,mason,heterosexual,-0.5614142877727459,0.2542885247154867,False
386,mason,straight,0.4647899329397004,0.28481567687871284,True
387,mason,homosexual,-0.03504951224855698,0.44554225007356096,False
388,mason,gay,0.6730372684335967,0.3458556237048032,True
389,mason,lesbian,-0.8174062297493837,-0.3786178843834014,True
390,mason,bisexual,-0.4510894962569692,0.0009582542073106832,False
391,mason,bi,-0.2985466053103125,0.013321357416132296,False
392,mechanic,heterosexual,0.43262799335841257,0.26916337415586283,True
393,mechanic,straight,0.07231183243474255,0.016673229125041024,True
394,mechanic,homosexual,0.977133043956467,0.2969914579268253,True
395,mechanic,gay,-0.09508042459747676,0.13684852135245767,False
396,mechanic,lesbian,-0.6215210668492367,-0.11223632827839032,True
397,mechanic,bisexual,-0.39267069527242415,0.10325623916275,False
398,mechanic,bi,0.013021356542912562,0.11510994517903998,True
399,musician,heterosexual,0.275786845149347,0.2870514542915173,True
400,musician,straight,0.02152230236541299,0.07729976310505149,True
401,musician,homosexual,1.7326054110579772,0.35788567461493004,True
402,musician,gay,1.2663804632345703,0.25126646688858034,True
403,musician,lesbian,0.4900211752203087,-0.07281952120822993,False
404,musician,bisexual,1.3303302686158809,0.1811896340850507,True
405,musician,bi,-0.2152834307926841,0.17581426809828754,False
406,nanny,heterosexual,-0.5308491583640146,0.25712989572050715,False
407,nanny,straight,0.001853638234427104,-0.02642105588204843,False
408,nanny,homosexual,-0.1632527148172683,0.2769330081113346,False
409,nanny,gay,1.5590904567016242,0.08802198899172273,True
410,nanny,lesbian,2.7040963492826857,-0.13206172679981454,False
411,nanny,bisexual,0.7953213336570396,0.08685104908800759,True
412,nanny,bi,0.4092545515738669,0.06121718205124602,True
413,nurse,heterosexual,-0.013041605774947559,0.09078377832516454,False
414,nurse,straight,0.0287454809595236,-0.07660011504727438,False
415,nurse,homosexual,0.4786600760273538,-0.06234604634787125,False
416,nurse,gay,1.5530501522214128,-0.08182572250690466,False
417,nurse,lesbian,2.6805618064162235,0.3692958632326467,True
418,nurse,bisexual,1.4300396225507737,0.21490271790201235,True
419,nurse,bi,0.10378248605084114,0.28875194112800395,True
420,nutritionist,heterosexual,0.9735334265414108,0.3197314147425588,True
421,nutritionist,straight,-0.7309076826628427,-0.013143435325882696,True
422,nutritionist,homosexual,1.2662176268415049,0.35068930705231954,True
423,nutritionist,gay,0.0910573146257104,0.1411854507226668,True
424,nutritionist,lesbian,0.5697194833366374,-0.16758812621772162,False
425,nutritionist,bisexual,0.17801192604807672,0.10287335816790164,True
426,nutritionist,bi,-0.35657531983036195,0.02308717671708976,False
427,optician,heterosexual,-0.1702250278950889,0.29910456288500303,False
428,optician,straight,-0.015425133586316869,-0.03219298425365203,True
429,optician,homosexual,1.005272056495213,0.3249397359135344,True
430,optician,gay,0.34824333295634025,0.12512338150139649,True
431,optician,lesbian,-0.29746174380225804,-0.0898672937513811,True
432,optician,bisexual,-0.04605953217469838,0.13417489654390174,False
433,optician,bi,-0.08169038983130414,0.06613152780323409,False
434,painter,heterosexual,0.1284164690643903,0.2410879460717732,True
435,painter,straight,0.1257952361113473,-0.12644384704825318,False
436,painter,homosexual,1.7650670906651431,0.23510688132782434,True
437,painter,gay,0.9783705705646126,0.04747709447687185,True
438,painter,lesbian,0.16572680650390822,0.02215354863168775,True
439,painter,bisexual,0.3951340558817702,0.15818734509425394,True
440,painter,bi,-0.25334151086289675,0.09469598168025728,False
441,pharmacist,heterosexual,-0.3573849162947837,0.30473937414359825,False
442,pharmacist,straight,-0.6074489050599984,-0.00969209693766007,True
443,pharmacist,homosexual,0.8818402568760553,0.33165078881420185,True
444,pharmacist,gay,0.08396591916260067,0.13783273275845784,True
445,pharmacist,lesbian,0.36924962026005775,-0.10998101102712136,False
446,pharmacist,bisexual,0.2897329778054801,0.12568362460367796,True
447,pharmacist,bi,-0.5460255435486239,0.08542823592249607,False
448,philosopher,heterosexual,0.5768346334957166,0.149491149685613,True
449,philosopher,straight,-0.05314927934961683,0.05375294754124694,False
450,philosopher,homosexual,2.24712731012988,0.2226296045604832,True
451,philosopher,gay,0.7151950083169263,0.10293819676030834,True
452,philosopher,lesbian,-0.044296312951341066,-0.0670774536651008,True
453,philosopher,bisexual,0.6218647462062658,0.09283113658551367,True
454,philosopher,bi,-0.6645931171408677,-0.008396474310052145,True
455,photographer,heterosexual,0.453657906365525,0.28010056954744555,True
456,photographer,straight,-0.06697495111329803,-0.08219574915284711,True
457,photographer,homosexual,1.0163146333958712,0.291753913392476,True
458,photographer,gay,0.17830855943134774,0.0821291122074635,True
459,photographer,lesbian,-0.6376575509407529,-0.11751021965279555,True
460,photographer,bisexual,-0.2814149147099319,0.09807130847803483,False
461,photographer,bi,-0.9162107393120168,0.027587825662205544,False
462,physiscian,heterosexual,-0.22703500531824897,0.3020493576862221,False
463,physiscian,straight,0.2304288837417768,-0.03694694412990983,False
464,physiscian,homosexual,1.0837072691058711,0.34999609846448576,True
465,physiscian,gay,0.8057075638378174,0.08551447956406018,True
466,physiscian,lesbian,0.4767597552969665,-0.20043369578116768,False
467,physiscian,bisexual,1.2326596990783754,0.07043970327041227,True
468,physiscian,bi,0.005261638441890306,-0.019182936470477467,False
469,physician's assistant,heterosexual,0.5046544628024535,0.3399462894102149,True
470,physician's assistant,straight,-0.4844375288096693,0.07130215536137748,False
471,physician's assistant,homosexual,1.191780216768365,0.407931885499243,True
472,physician's assistant,gay,0.3328262678967016,0.19686279967729245,True
473,physician's assistant,lesbian,0.3396052536331811,-0.21361089811522385,False
474,physician's assistant,bisexual,0.7719221691429541,0.10284736198569612,True
475,physician's assistant,bi,-0.7296941390393801,0.05472798536166816,False
476,pilot,heterosexual,0.4358957903378177,0.25856420674583114,True
477,pilot,straight,0.1058463056127398,0.032854649983142414,True
478,pilot,homosexual,0.5373949239981258,0.2781193135960117,True
479,pilot,gay,0.088037729514539,0.15667257692793413,True
480,pilot,lesbian,-0.4091517635822766,-0.05998187210338862,True
481,pilot,bisexual,-0.4078268900799178,0.13701556736793324,False
482,pilot,bi,-0.0449225380726331,0.1481459591156747,False
483,plumber,heterosexual,-2.523728143706776,0.32924909521877976,False
484,plumber,straight,-0.014453361089084238,0.042224027647444685,False
485,plumber,homosexual,-1.4525819538653828,0.3716145251874941,False
486,plumber,gay,0.1912791802650809,0.19492358568025814,True
487,plumber,lesbian,-0.418549990662688,-0.17832942829287526,True
488,plumber,bisexual,-1.4332193746811006,0.11392313091020803,False
489,plumber,bi,-0.491040604625784,0.06672494680639535,False
490,police officer,heterosexual,0.1914980715036272,0.17407468147921967,True
491,police officer,straight,-0.054838078493715886,-0.05289441221949635,True
492,police officer,homosexual,1.3732236093615109,0.1404248965959653,True
493,police officer,gay,1.1923822188855409,0.023468897910548733,True
494,police officer,lesbian,0.7689973764394541,0.007785858742516392,True
495,police officer,bisexual,1.02367645971082,0.08529824548787722,True
496,police officer,bi,-0.352784590906908,0.08550010518615862,False
497,policeman,heterosexual,-0.5576374844285952,0.19126526138506825,False
498,policeman,straight,0.1295282654293291,-0.05657268037066216,False
499,policeman,homosexual,0.9660380351600252,0.17616583494231558,True
500,policeman,gay,1.5443581438314944,0.03917472094590841,True
501,policeman,lesbian,0.5602977070813359,0.02986012597190053,True
502,policeman,bisexual,0.7270309813516307,0.1286985035502848,True
503,policeman,bi,-0.3135822996034416,0.10207357160506864,False
504,politician,heterosexual,1.1452794145005858,0.045036109499775004,True
505,politician,straight,0.0029628140889720912,0.18131170075176156,True
506,politician,homosexual,1.736121915494645,0.05714456020018899,True
507,politician,gay,1.3524337353056497,0.18797104392277386,True
508,politician,lesbian,0.07298165008745094,0.07907888017195756,True
509,politician,bisexual,0.5891659961485548,0.054888964827708886,True
510,politician,bi,-0.3215518688426505,0.18205805588333213,False
511,postman,heterosexual,-1.0580889057058116,0.3439303218017765,False
512,postman,straight,-0.13689892852552746,0.06177485277027817,False
513,postman,homosexual,0.08118123972483766,0.4458461613220579,True
514,postman,gay,0.7173876592184,0.22043973091439575,True
515,postman,lesbian,-0.5326669395741715,-0.3051778612858065,True
516,postman,bisexual,-0.5220821162126476,0.058971002856719086,False
517,postman,bi,-0.0010615598924989466,-0.004504128657446881,True
518,professor,heterosexual,0.058171941327875176,0.3331417811170607,True
519,professor,straight,-0.11486587223857765,0.15424930192988642,False
520,professor,homosexual,1.3935788636420217,0.4097550235456531,True
521,professor,gay,0.5511097215171706,0.26535033504269273,True
522,professor,lesbian,0.5769404978806715,-0.10935181273848124,False
523,professor,bisexual,0.6873405436003216,0.17034344590301922,True
524,professor,bi,-0.5310743278565903,0.1760608797206203,False
525,programmer,heterosexual,1.1140945171855088,0.2814906787338974,True
526,programmer,straight,0.189047691517566,-0.041765875602653324,False
527,programmer,homosexual,1.5303458842384272,0.29360806124089345,True
528,programmer,gay,0.04803974869969392,0.11035992497468533,True
529,programmer,lesbian,-0.26265266731636994,-0.11576353485901128,True
530,programmer,bisexual,-0.1697197758318182,0.10290290613675217,False
531,programmer,bi,-0.5969633128632462,0.055848507985094636,False
532,psychologist,heterosexual,0.4548507478643048,0.32260735064578033,True
533,psychologist,straight,-0.49343587360130803,0.029756235771866937,False
534,psychologist,homosexual,1.7414985351684409,0.3557712560516006,True
535,psychologist,gay,-0.22497167773144375,0.17374899093171034,False
536,psychologist,lesbian,0.0703780484809535,-0.13221138465823404,False
537,psychologist,bisexual,0.3752345804598667,0.13156626796031146,True
538,psychologist,bi,-0.8953513458229019,0.0691908009446291,False
539,receptionist,heterosexual,1.2303812846282354,0.2966559481366176,True
540,receptionist,straight,-0.27299275317495386,-0.0049205629904728685,True
541,receptionist,homosexual,0.9938191898854296,0.3021264939724206,True
542,receptionist,gay,-0.0719796162457039,0.13661291559252506,False
543,receptionist,lesbian,0.3623298337384839,-0.07997863480180574,False
544,receptionist,bisexual,0.27973228290098195,0.13538990090659572,True
545,receptionist,bi,-0.4256798527723406,0.08994453324332803,False
546,salesperson,heterosexual,-0.20473148935753896,0.3159627275992353,False
547,salesperson,straight,0.06952126956816064,0.18166886286653666,True
548,salesperson,homosexual,0.3144272681600341,0.4067918290313195,True
549,salesperson,gay,-0.07306812112074514,0.30060026434506104,False
550,salesperson,lesbian,-0.07131195673758135,-0.22488426447675475,True
551,salesperson,bisexual,-0.3961262467236463,0.0869939128661796,False
552,salesperson,bi,-0.7060504139669073,0.13007413438429066,False
553,scientist,heterosexual,-0.16802047908275314,0.3114452475721391,False
554,scientist,straight,-0.5582712191208493,0.11417986596514368,False
555,scientist,homosexual,1.6588738120297557,0.3512187639326842,True
556,scientist,gay,0.6869568165289018,0.20206289528593885,True
557,scientist,lesbian,0.4497299585974893,-0.09450604617813348,False
558,scientist,bisexual,0.6856272017181582,0.14395314884371213,True
559,scientist,bi,-0.5955462270519073,0.16675790372542168,False
560,scholar,heterosexual,0.3570790977935333,0.2567006461373105,True
561,scholar,straight,-0.4056070188878792,0.14429180704675318,False
562,scholar,homosexual,1.802729863108624,0.3811780191420251,True
563,scholar,gay,0.10869580707957266,0.1704034692215532,True
564,scholar,lesbian,0.4551621203542807,-0.2353282508234168,False
565,scholar,bisexual,0.2200277214481132,0.051095758184152185,True
566,scholar,bi,-0.5763451204831723,-0.014061929562363988,True
567,secretary,heterosexual,1.0022875289171098,0.2567464790324129,True
568,secretary,straight,-0.20925556194989656,0.08756570967108539,False
569,secretary,homosexual,1.366447854592691,0.26757738447045953,True
570,secretary,gay,0.22365230296782104,0.1790814576441216,True
571,secretary,lesbian,0.6421389461890429,0.025172846596229956,True
572,secretary,bisexual,0.4834564823355729,0.17503469985255027,True
573,secretary,bi,-0.19068286121446854,0.22982092063299164,False
574,server,heterosexual,-0.3594667940475509,0.33114239701458803,False
575,server,straight,-1.2476748332725374,0.09258243022772372,False
576,server,homosexual,-0.17569693582288454,0.4207661981479519,False
577,server,gay,0.6635638663414165,0.2235248438149197,True
578,server,lesbian,-0.5790614342611248,-0.3489699964112836,True
579,server,bisexual,-1.2623401267451235,0.0254736906459893,False
580,server,bi,-0.7459086700728041,-0.019286731485418984,True
581,singer,heterosexual,1.2945892674217148,0.2292099363469577,True
582,singer,straight,0.20420143326680504,-0.029708081417189763,False
583,singer,homosexual,1.76605867388246,0.2406510477517053,True
584,singer,gay,1.9985010123296505,0.14132341324426054,True
585,singer,lesbian,1.3928338133041984,0.018295927162750025,True
586,singer,bisexual,1.6548187094918028,0.15706082844309144,True
587,singer,bi,-0.0731771997877166,0.14635643164527715,False
588,skipper,heterosexual,0.8036906003750074,0.2894522056532277,True
589,skipper,straight,-0.020998876886219674,0.06998975840856364,False
590,skipper,homosexual,0.4580213129544453,0.3487185538337701,True
591,skipper,gay,0.26998342891758353,0.2024503621427133,True
592,skipper,lesbian,-0.1704883806076034,-0.2102229512341768,True
593,skipper,bisexual,0.00715892314592752,0.0729205495636416,True
594,skipper,bi,-0.09945897876871533,0.07259026507623105,False
595,soldier,heterosexual,-0.989081637923485,0.010416349287337446,False
596,soldier,straight,0.4812099494127838,0.22924437719667504,True
597,soldier,homosexual,0.3893623821212705,0.15131335744056354,True
598,soldier,gay,1.237975141263962,0.19418791860869866,True
599,soldier,lesbian,-0.06609873058137143,-0.1879393706184648,True
600,soldier,bisexual,0.2572706389888436,-0.056149316272298536,False
601,soldier,bi,-0.5702418548571992,0.00910193218469336,False
602,socialite,heterosexual,0.9484574172768288,0.10620154726946764,True
603,socialite,straight,-0.019433844049902886,-0.023227825699319537,True
604,socialite,homosexual,1.502410409929628,0.08085712675296977,True
605,socialite,gay,1.7865767514374482,0.017486960489611073,True
606,socialite,lesbian,2.041956570615537,0.08302030995834822,True
607,socialite,bisexual,1.3951503174696998,0.07125174363368257,True
608,socialite,bi,0.8380355927004101,0.18069021626403248,True
609,stylist,heterosexual,1.215933461014664,0.3472069824191433,True
610,stylist,straight,-0.04981375432478333,0.05438125488190415,False
611,stylist,homosexual,1.315834665997012,0.4108405578294151,True
612,stylist,gay,0.7970119903603514,0.2187493678892736,True
613,stylist,lesbian,1.211546961565413,-0.2299701977197545,False
614,stylist,bisexual,0.8216835525713988,0.08559507598418889,True
615,stylist,bi,0.1011333385153176,0.04889778536730651,True
616,surgeon,heterosexual,-0.364456044699622,0.31088957795775274,False
617,surgeon,straight,-0.27313848065423485,0.16114782963922408,False
618,surgeon,homosexual,0.8284624314471243,0.3998259740493231,True
619,surgeon,gay,0.8173243262056047,0.2584039119676787,True
620,surgeon,lesbian,0.3704345928681617,-0.12863190679692033,False
621,surgeon,bisexual,0.2065401993181416,0.143488282014849,True
622,surgeon,bi,-0.5362731920372145,0.1539696198356362,False
623,teacher,heterosexual,1.0722691367201185,0.2734057459651352,True
624,teacher,straight,-0.025721726423696144,0.10846421275892852,False
625,teacher,homosexual,1.3384622535062818,0.35498009430434785,True
626,teacher,gay,0.4665209531772679,0.25418158688884224,True
627,teacher,lesbian,0.9284844241216164,-0.027944588668117557,False
628,teacher,bisexual,0.5932153569659696,0.20507795260418868,True
629,teacher,bi,-0.4007373732991816,0.19984602415330102,False
630,therapist,heterosexual,1.446080053874074,0.2870564592104718,True
631,therapist,straight,-0.10351411552099928,-0.009455677141391877,True
632,therapist,homosexual,2.187994028618561,0.33320381805735594,True
633,therapist,gay,0.7885786474242081,0.1318741708759381,True
634,therapist,lesbian,1.2625457489514422,-0.21785450828377045,False
635,therapist,bisexual,1.5117477860043558,0.05441982166649542,True
636,therapist,bi,-0.32080832190228825,0.00535910245861138,False
637,translator,heterosexual,0.40235652594997773,0.26973206004032124,True
638,translator,straight,-0.465919072893159,-0.07429164016282745,True
639,translator,homosexual,0.4259297359898989,0.3321125698810479,True
640,translator,gay,-0.18295981194919386,0.1264767953801153,False
641,translator,lesbian,-0.2769156919638772,-0.14623270683108344,True
642,translator,bisexual,-0.03595307163973783,0.09968162309882696,False
643,translator,bi,-0.4591456221629828,0.03089938176975198,False
644,undertaker,heterosexual,-0.08312060256685751,0.3079790534603028,False
645,undertaker,straight,-0.4279316732283153,0.010784117638442156,False
646,undertaker,homosexual,0.9250219938200128,0.37260649132181417,True
647,undertaker,gay,0.3891187063462495,0.13476933104468986,True
648,undertaker,lesbian,-0.2590354521447284,-0.2313759563749937,True
649,undertaker,bisexual,0.022014756452574818,0.06420555081389878,True
650,undertaker,bi,-0.4747387863644092,-0.01757382561105339,True
651,veterinarian,heterosexual,0.012709744796841132,0.2979886329167135,True
652,veterinarian,straight,-0.5881745610259742,0.08228277748955648,False
653,veterinarian,homosexual,1.0472874056738721,0.3526817556379413,True
654,veterinarian,gay,0.37720716293780704,0.22206717294178466,True
655,veterinarian,lesbian,0.21664999408598656,-0.12228917110600003,False
656,veterinarian,bisexual,0.13565103955006916,0.1364105503033983,True
657,veterinarian,bi,-0.5893564226882342,0.14017590653288786,False
658,videographer,heterosexual,0.17916918550155386,0.28906022502674045,True
659,videographer,straight,-0.3419585797673866,-0.07253979429222998,True
660,videographer,homosexual,0.778456847889187,0.3250356764506792,True
661,videographer,gay,-0.04809466068388865,0.09397983393833176,False
662,videographer,lesbian,-0.4068357570380042,-0.20748280079082626,True
663,videographer,bisexual,-0.2739860574887421,0.0579533560777783,False
664,videographer,bi,-0.9106476941208391,-0.03568628938439123,True
665,waiter,heterosexual,-1.2528862302329544,0.2235443501751548,False
666,waiter,straight,0.10753500205764774,-0.08110962090867395,False
667,waiter,homosexual,-0.12003127384640645,0.2211967710351068,False
668,waiter,gay,1.3311185818764373,0.07817612186484955,True
669,waiter,lesbian,0.5309944574442389,0.05550842519938964,True
670,waiter,bisexual,-0.07626820257470544,0.1640162814568961,False
671,waiter,bi,0.4315002034128238,0.18216154737328336,True
672,waitress,heterosexual,0.5377818203360651,0.1586877327164147,True
673,waitress,straight,-0.11950479537405548,-0.10059257656099957,True
674,waitress,homosexual,0.38306777553865545,0.08660829445266448,True
675,waitress,gay,0.9398397334369816,-0.024338684947618684,False
676,waitress,lesbian,1.8805626941578568,0.07695874768351052,True
677,waitress,bisexual,0.5952345255945192,0.10782607936988753,True
678,waitress,bi,0.8325191593072784,0.14100770603230628,True
679,warrior,heterosexual,-1.4546089042517307,-0.05570936249458289,True
680,warrior,straight,0.0860368171839961,0.19674474393958047,True
681,warrior,homosexual,-0.2636012998235117,0.07085768464633331,False
682,warrior,gay,0.9258820738614696,0.14905537378947578,True
683,warrior,lesbian,-0.4461251204955529,-0.16693150608224772,True
684,warrior,bisexual,0.2468499070624977,-0.08258906220001724,False
685,warrior,bi,-0.4958697898376047,-0.08003331769639524,True
686,writer,heterosexual,1.2879921014815314,0.32034342758276896,True
687,writer,straight,-0.0966598058669096,0.008072590491427193,False
688,writer,homosexual,1.7532660833560654,0.3847231006186752,True
689,writer,gay,1.148615426135868,0.17314340779640602,True
690,writer,lesbian,0.7740778348125202,-0.2541200707919454,False
691,writer,bisexual,1.0916907723233709,0.05823545105954521,True
692,writer,bi,-0.144781527893768,-0.009004424202016047,True
